gene_id	seqid	strand	biotype	name	description
ENSSSAG00000000002	MT	.	Mt_tRNA		
ENSSSAG00000000003	MT	.	Mt_rRNA		
ENSSSAG00000000004	MT	.	Mt_tRNA		
ENSSSAG00000000005	MT	.	Mt_rRNA		
ENSSSAG00000000006	MT	.	Mt_tRNA		
ENSSSAG00000000007	MT	.	protein_coding	ND1	NADH dehydrogenase subunit 1 [Source:NCBI gene%3BAcc:808311]
ENSSSAG00000000008	MT	.	Mt_tRNA		
ENSSSAG00000000009	MT	.	Mt_tRNA		
ENSSSAG00000000010	MT	.	Mt_tRNA		
ENSSSAG00000000011	MT	.	protein_coding	ND2	NADH dehydrogenase subunit 2 [Source:NCBI gene%3BAcc:808316]
ENSSSAG00000000012	MT	.	Mt_tRNA		
ENSSSAG00000000013	MT	.	Mt_tRNA		
ENSSSAG00000000014	MT	.	Mt_tRNA		
ENSSSAG00000000015	MT	.	Mt_tRNA		
ENSSSAG00000000016	MT	.	Mt_tRNA		
ENSSSAG00000000017	MT	.	protein_coding	COX1	cytochrome c oxidase subunit I [Source:NCBI gene%3BAcc:808314]
ENSSSAG00000000018	MT	.	Mt_tRNA		
ENSSSAG00000000019	MT	.	Mt_tRNA		
ENSSSAG00000000020	MT	.	protein_coding	COX2	cytochrome c oxidase subunit II [Source:NCBI gene%3BAcc:808315]
ENSSSAG00000000021	MT	.	Mt_tRNA		
ENSSSAG00000000022	MT	.	protein_coding	ATP8	ATP synthase F0 subunit 8 [Source:NCBI gene%3BAcc:808310]
ENSSSAG00000000025	MT	.	Mt_tRNA		
ENSSSAG00000000026	MT	.	protein_coding	ND3	NADH dehydrogenase subunit 3 [Source:NCBI gene%3BAcc:808308]
ENSSSAG00000000027	MT	.	Mt_tRNA		
ENSSSAG00000000028	MT	.	protein_coding	ND4L	NADH dehydrogenase subunit 4L [Source:NCBI gene%3BAcc:808312]
ENSSSAG00000000029	MT	.	protein_coding	ND4	NADH dehydrogenase subunit 4 [Source:NCBI gene%3BAcc:808305]
ENSSSAG00000000030	MT	.	Mt_tRNA		
ENSSSAG00000000031	MT	.	Mt_tRNA		
ENSSSAG00000000032	MT	.	Mt_tRNA		
ENSSSAG00000000033	MT	.	protein_coding	ND5	NADH dehydrogenase subunit 5 [Source:NCBI gene%3BAcc:808309]
ENSSSAG00000000034	MT	.	protein_coding	ND6	NADH dehydrogenase subunit 6 [Source:NCBI gene%3BAcc:808317]
ENSSSAG00000000035	MT	.	Mt_tRNA		
ENSSSAG00000000036	MT	.	protein_coding	CYTB	cytochrome b [Source:NCBI gene%3BAcc:808306]
ENSSSAG00000000037	MT	.	Mt_tRNA		
ENSSSAG00000000038	MT	.	Mt_tRNA		
ENSSSAG00000000074	ssa01	.	lncRNA		
ENSSSAG00000000076	ssa01	.	pseudogene		
ENSSSAG00000000084	ssa01	.	pseudogene		
ENSSSAG00000000088	ssa01	.	lncRNA		
ENSSSAG00000000098	ssa01	.	protein_coding		
ENSSSAG00000000101	ssa01	.	lncRNA		
ENSSSAG00000000123	ssa01	.	lncRNA		
ENSSSAG00000000124	ssa01	.	lncRNA		
ENSSSAG00000000125	ssa01	.	lncRNA		
ENSSSAG00000000133	ssa01	.	protein_coding	egr2b	early growth response protein 2b [Source:NCBI gene%3BAcc:100194495]
ENSSSAG00000000139	ssa01	.	pseudogene		
ENSSSAG00000000167	ssa01	.	snoRNA		
ENSSSAG00000000173	ssa01	.	lncRNA		
ENSSSAG00000000178	ssa01	.	pseudogene		
ENSSSAG00000000180	ssa01	.	miRNA	ssa-mir-122-2	ssa-mir-122-2 [Source:miRBase%3BAcc:MI0026451]
ENSSSAG00000000189	ssa02	.	miRNA	ssa-mir-216b	ssa-mir-216b [Source:miRBase%3BAcc:MI0026615]
ENSSSAG00000000206	ssa03	.	lncRNA		
ENSSSAG00000000211	ssa01	.	protein_coding	bnip3	BCL2/adenovirus E1B 19 kDa protein-interacting protein 3-like [Source:NCBI gene%3BAcc:106614017]
ENSSSAG00000000214	ssa02	.	lncRNA		uncharacterized LOC106590493 [Source:NCBI gene%3BAcc:106590493]
ENSSSAG00000000234	ssa01	.	lncRNA		
ENSSSAG00000000235	ssa01	.	lncRNA		
ENSSSAG00000000237	ssa01	.	lncRNA		
ENSSSAG00000000246	ssa01	.	lncRNA		
ENSSSAG00000000257	ssa02	.	lncRNA		
ENSSSAG00000000264	ssa02	.	protein_coding		guanine nucleotide-binding protein G(I)/G(S)/G(O) subunit gamma-5-like [Source:NCBI gene%3BAcc:106592341]
ENSSSAG00000000291	ssa03	.	lncRNA		
ENSSSAG00000000297	ssa02	.	lncRNA		
ENSSSAG00000000314	ssa02	.	miRNA	ssa-mir-137-2	ssa-mir-137-2 [Source:miRBase%3BAcc:MI0026492]
ENSSSAG00000000327	ssa02	.	lncRNA		
ENSSSAG00000000329	ssa03	.	snoRNA		
ENSSSAG00000000334	ssa02	.	lncRNA		
ENSSSAG00000000336	ssa02	.	lncRNA		paralemmin-3-like [Source:NCBI gene%3BAcc:106589665]
ENSSSAG00000000337	ssa03	.	lncRNA		
ENSSSAG00000000340	ssa02	.	lncRNA		
ENSSSAG00000000350	ssa03	.	snRNA	U7	U7 small nuclear RNA [Source:RFAM%3BAcc:RF00066]
ENSSSAG00000000361	ssa04	.	lncRNA		
ENSSSAG00000000370	ssa01	.	snRNA	U1	U1 spliceosomal RNA [Source:RFAM%3BAcc:RF00003]
ENSSSAG00000000372	ssa01	.	rRNA	5S_rRNA	5S ribosomal RNA [Source:RFAM%3BAcc:RF00001]
ENSSSAG00000000376	ssa04	.	protein_coding	zn330	Zinc finger protein 330 [Source:NCBI gene%3BAcc:100286436]
ENSSSAG00000000386	ssa01	.	lncRNA		
ENSSSAG00000000394	ssa02	.	lncRNA		
ENSSSAG00000000400	ssa03	.	lncRNA		
ENSSSAG00000000419	ssa03	.	lncRNA		
ENSSSAG00000000422	ssa02	.	lncRNA		
ENSSSAG00000000427	ssa01	.	lncRNA		
ENSSSAG00000000440	ssa02	.	lncRNA		
ENSSSAG00000000445	ssa02	.	lncRNA		
ENSSSAG00000000453	ssa02	.	lncRNA		
ENSSSAG00000000464	ssa02	.	pseudogene		
ENSSSAG00000000466	ssa01	.	lncRNA		
ENSSSAG00000000470	ssa02	.	snoRNA		
ENSSSAG00000000471	ssa02	.	protein_coding	gde1	glycerophosphodiester phosphodiesterase 1-like [Source:NCBI gene%3BAcc:106589785]
ENSSSAG00000000474	ssa03	.	protein_coding	gtpbp1	GTP-binding protein 1-like [Source:NCBI gene%3BAcc:106601690]
ENSSSAG00000000476	ssa02	.	protein_coding		gastrula zinc finger protein XlCGF57.1-like [Source:NCBI gene%3BAcc:106591570]
ENSSSAG00000000504	ssa02	.	lncRNA		uncharacterized LOC106589852 [Source:NCBI gene%3BAcc:106589852]
ENSSSAG00000000506	ssa03	.	protein_coding	bptf	nucleosome-remodeling factor subunit BPTF-like [Source:NCBI gene%3BAcc:106601392]
ENSSSAG00000000517	ssa02	.	lncRNA		
ENSSSAG00000000539	ssa01	.	lncRNA		
ENSSSAG00000000542	ssa02	.	miRNA	ssa-mir-137-2	ssa-mir-137-2 [Source:miRBase%3BAcc:MI0026492]
ENSSSAG00000000557	ssa02	.	protein_coding	cnnm2	cyclin and CBS domain divalent metal cation transport mediator 2 [Source:NCBI gene%3BAcc:106588770]
ENSSSAG00000000573	ssa01	.	lncRNA		
ENSSSAG00000000574	ssa01	.	processed_pseudogene		
ENSSSAG00000000575	ssa03	.	lncRNA		
ENSSSAG00000000587	ssa01	.	miRNA	ssa-mir-338a-2	ssa-mir-338a-2 [Source:miRBase%3BAcc:MI0026687]
ENSSSAG00000000612	ssa01	.	lncRNA		
ENSSSAG00000000624	ssa02	.	lncRNA		
ENSSSAG00000000646	ssa02	.	lncRNA		
ENSSSAG00000000648	ssa02	.	lncRNA		
ENSSSAG00000000649	ssa02	.	lncRNA		
ENSSSAG00000000663	ssa02	.	lncRNA		
ENSSSAG00000000668	ssa03	.	lncRNA		
ENSSSAG00000000684	ssa01	.	miRNA	ssa-mir-301a-1	ssa-mir-301a-1 [Source:miRBase%3BAcc:MI0026670]
ENSSSAG00000000696	ssa03	.	miRNA	ssa-mir-33a-2	ssa-mir-33a-2 [Source:miRBase%3BAcc:MI0026691]
ENSSSAG00000000700	ssa01	.	lncRNA		
ENSSSAG00000000714	ssa03	.	protein_coding		
ENSSSAG00000000722	ssa03	.	lncRNA		
ENSSSAG00000000741	ssa02	.	pseudogene		
ENSSSAG00000000745	ssa03	.	protein_coding	sox10	transcription factor Sox-10-like [Source:NCBI gene%3BAcc:106601220]
ENSSSAG00000000751	ssa02	.	lncRNA		
ENSSSAG00000000760	ssa02	.	lncRNA		
ENSSSAG00000000770	ssa02	.	lncRNA		
ENSSSAG00000000773	ssa02	.	lncRNA		
ENSSSAG00000000801	ssa01	.	pseudogene		
ENSSSAG00000000811	ssa04	.	protein_coding	G3BP2	ras GTPase-activating protein-binding protein 2-like [Source:NCBI gene%3BAcc:106602326]
ENSSSAG00000000812	ssa02	.	protein_coding		
ENSSSAG00000000833	ssa04	.	snRNA	U1	U1 spliceosomal RNA [Source:RFAM%3BAcc:RF00003]
ENSSSAG00000000834	ssa04	.	snRNA	U1	U1 spliceosomal RNA [Source:RFAM%3BAcc:RF00003]
ENSSSAG00000000845	ssa03	.	lncRNA		
ENSSSAG00000000858	ssa01	.	miRNA		microRNA 455 [Source:HGNC Symbol%3BAcc:HGNC:32344]
ENSSSAG00000000865	ssa01	.	lncRNA		
ENSSSAG00000000868	ssa03	.	protein_coding	akt1s1	uncharacterized LOC106601514 [Source:NCBI gene%3BAcc:106601514]
ENSSSAG00000000878	ssa03	.	protein_coding	si:dkeyp-72e1.7	si:dkeyp-72e1.7 [Source:ZFIN%3BAcc:ZDB-GENE-120215-229]
ENSSSAG00000000886	ssa02	.	lncRNA		
ENSSSAG00000000895	ssa03	.	miRNA	ssa-mir-199a-4	ssa-mir-199a-4 [Source:miRBase%3BAcc:MI0026568]
ENSSSAG00000000908	ssa02	.	lncRNA		
ENSSSAG00000000938	ssa03	.	miRNA	ssa-mir-1338	ssa-mir-1338 [Source:miRBase%3BAcc:MI0026479]
ENSSSAG00000000948	ssa03	.	protein_coding	tnrc6c1	trinucleotide repeat-containing gene 6C protein-like [Source:NCBI gene%3BAcc:106601795]
ENSSSAG00000000958	ssa03	.	lncRNA		
ENSSSAG00000000962	ssa03	.	lncRNA		
ENSSSAG00000000969	ssa01	.	protein_coding		
ENSSSAG00000000981	ssa01	.	lncRNA		
ENSSSAG00000000990	ssa03	.	snoRNA		
ENSSSAG00000000993	ssa03	.	snoRNA		
ENSSSAG00000000994	ssa03	.	lncRNA		
ENSSSAG00000000995	ssa03	.	snoRNA		
ENSSSAG00000000996	ssa01	.	miRNA	ssa-mir-146a-2	ssa-mir-146a-2 [Source:miRBase%3BAcc:MI0026508]
ENSSSAG00000001019	ssa03	.	lncRNA		
ENSSSAG00000001025	ssa03	.	protein_coding	DCAF7	DDB1- and CUL4-associated factor 7-like [Source:NCBI gene%3BAcc:106601536]
ENSSSAG00000001035	ssa02	.	protein_coding		
ENSSSAG00000001036	ssa03	.	lncRNA		
ENSSSAG00000001042	ssa02	.	lncRNA		
ENSSSAG00000001044	ssa02	.	lncRNA		
ENSSSAG00000001045	ssa02	.	snRNA	U6	U6 spliceosomal RNA [Source:RFAM%3BAcc:RF00026]
ENSSSAG00000001046	ssa02	.	lncRNA		
ENSSSAG00000001048	ssa02	.	snRNA	U6	U6 spliceosomal RNA [Source:RFAM%3BAcc:RF00026]
ENSSSAG00000001049	ssa02	.	lncRNA		
ENSSSAG00000001050	ssa02	.	snRNA	U6	U6 spliceosomal RNA [Source:RFAM%3BAcc:RF00026]
ENSSSAG00000001052	ssa02	.	snRNA	U6	U6 spliceosomal RNA [Source:RFAM%3BAcc:RF00026]
ENSSSAG00000001057	ssa02	.	pseudogene		
ENSSSAG00000001066	ssa02	.	pseudogene		
ENSSSAG00000001069	ssa03	.	miRNA	ssa-mir-7132a	ssa-mir-7132a [Source:miRBase%3BAcc:MI0026721]
ENSSSAG00000001104	ssa02	.	lncRNA		
ENSSSAG00000001109	ssa02	.	protein_coding	kith	Thymidine kinase%2C cytosolic [Source:NCBI gene%3BAcc:100196419]
ENSSSAG00000001127	ssa03	.	snoRNA		
ENSSSAG00000001135	ssa02	.	lncRNA		
ENSSSAG00000001136	ssa02	.	lncRNA		
ENSSSAG00000001137	ssa03	.	snoRNA		
ENSSSAG00000001139	ssa03	.	snoRNA		
ENSSSAG00000001144	ssa02	.	snRNA	U7	U7 small nuclear RNA [Source:RFAM%3BAcc:RF00066]
ENSSSAG00000001155	ssa03	.	snoRNA		
ENSSSAG00000001156	ssa01	.	protein_coding	u2af1	splicing factor U2AF 35 kDa subunit-like [Source:NCBI gene%3BAcc:106562758]
ENSSSAG00000001159	ssa03	.	lncRNA		
ENSSSAG00000001164	ssa01	.	lncRNA		
ENSSSAG00000001175	ssa01	.	lncRNA		
ENSSSAG00000001177	ssa03	.	protein_coding	ddx42	ATP-dependent RNA helicase DDX42-like [Source:NCBI gene%3BAcc:106601605]
ENSSSAG00000001184	ssa01	.	lncRNA		
ENSSSAG00000001186	ssa03	.	lncRNA		
ENSSSAG00000001201	ssa01	.	lncRNA		
ENSSSAG00000001205	ssa01	.	pseudogene		
ENSSSAG00000001208	ssa02	.	miRNA	ssa-mir-722-1	ssa-mir-722-1 [Source:miRBase%3BAcc:MI0026722]
ENSSSAG00000001219	ssa01	.	pseudogene		brefeldin A-inhibited guanine nucleotide-exchange protein 3-like [Source:NCBI gene%3BAcc:106610838]
ENSSSAG00000001221	ssa02	.	pseudogene		immediate early response gene 2 protein-like [Source:NCBI gene%3BAcc:106590650]
ENSSSAG00000001222	ssa02	.	protein_coding	sec23b	SEC23 homolog B%2C COPII coat complex component [Source:NCBI gene%3BAcc:106588882]
ENSSSAG00000001252	ssa02	.	snoRNA		
ENSSSAG00000001283	ssa01	.	lncRNA		
ENSSSAG00000001303	ssa03	.	lncRNA		
ENSSSAG00000001309	ssa01	.	snRNA	U7	U7 small nuclear RNA [Source:RFAM%3BAcc:RF00066]
ENSSSAG00000001310	ssa01	.	lncRNA		
ENSSSAG00000001312	ssa01	.	protein_coding		
ENSSSAG00000001315	ssa01	.	lncRNA		uncharacterized LOC106563357 [Source:NCBI gene%3BAcc:106563357]
ENSSSAG00000001316	ssa01	.	pseudogene		
ENSSSAG00000001331	ssa04	.	lncRNA		
ENSSSAG00000001333	ssa02	.	snoRNA		
ENSSSAG00000001335	ssa02	.	snoRNA		
ENSSSAG00000001336	ssa02	.	snoRNA	SNORA70	Small nucleolar RNA SNORA70 [Source:RFAM%3BAcc:RF00156]
ENSSSAG00000001337	ssa02	.	snoRNA		
ENSSSAG00000001339	ssa02	.	snoRNA		
ENSSSAG00000001341	ssa02	.	snoRNA		
ENSSSAG00000001349	ssa03	.	protein_coding		hematological and neurological expressed 1 protein-like [Source:NCBI gene%3BAcc:106601801]
ENSSSAG00000001352	ssa02	.	lncRNA		
ENSSSAG00000001354	ssa03	.	protein_coding	SUMO2	small ubiquitin-related modifier 2 [Source:NCBI gene%3BAcc:106601802]
ENSSSAG00000001372	ssa04	.	lncRNA		
ENSSSAG00000001382	ssa03	.	protein_coding	arhgdia	rho GDP-dissociation inhibitor 1-like [Source:NCBI gene%3BAcc:106601428]
ENSSSAG00000001386	ssa02	.	processed_pseudogene		
ENSSSAG00000001388	ssa03	.	protein_coding	recql5	RecQ helicase-like 5 [Source:ZFIN%3BAcc:ZDB-GENE-071214-1]
ENSSSAG00000001390	ssa02	.	lncRNA		
ENSSSAG00000001393	ssa02	.	lncRNA		
ENSSSAG00000001395	ssa02	.	lncRNA		
ENSSSAG00000001398	ssa03	.	lncRNA		
ENSSSAG00000001408	ssa01	.	lncRNA		
ENSSSAG00000001410	ssa03	.	protein_coding	xylt2	xylosyltransferase II [Source:ZFIN%3BAcc:ZDB-GENE-081022-125]
ENSSSAG00000001421	ssa02	.	snoRNA		
ENSSSAG00000001434	ssa04	.	lncRNA		
ENSSSAG00000001440	ssa01	.	snRNA	U7	U7 small nuclear RNA [Source:RFAM%3BAcc:RF00066]
ENSSSAG00000001441	ssa03	.	lncRNA		
ENSSSAG00000001443	ssa03	.	lncRNA		
ENSSSAG00000001447	ssa04	.	lncRNA		
ENSSSAG00000001449	ssa02	.	lncRNA		
ENSSSAG00000001456	ssa02	.	lncRNA		
ENSSSAG00000001458	ssa03	.	pseudogene		
ENSSSAG00000001470	ssa03	.	protein_coding	THOC4	THO complex subunit 4-like [Source:NCBI gene%3BAcc:106601423]
ENSSSAG00000001482	ssa02	.	lncRNA		
ENSSSAG00000001504	ssa03	.	miRNA	ssa-mir-150	ssa-mir-150 [Source:miRBase%3BAcc:MI0026515]
ENSSSAG00000001509	ssa01	.	lncRNA		
ENSSSAG00000001547	ssa03	.	lncRNA		
ENSSSAG00000001549	ssa03	.	protein_coding	cln3	CLN3 lysosomal/endosomal transmembrane protein%2C battenin [Source:NCBI gene%3BAcc:106600710]
ENSSSAG00000001556	ssa03	.	lncRNA		
ENSSSAG00000001562	ssa01	.	processed_pseudogene		
ENSSSAG00000001565	ssa03	.	protein_coding		germ cell-specific gene 1-like protein [Source:NCBI gene%3BAcc:106601444]
ENSSSAG00000001572	ssa03	.	lncRNA		
ENSSSAG00000001579	ssa03	.	protein_coding	dhrs7ca	dehydrogenase/reductase SDR family member 7C-B-like [Source:NCBI gene%3BAcc:106601446]
ENSSSAG00000001604	ssa03	.	lncRNA		
ENSSSAG00000001606	ssa03	.	lncRNA		
ENSSSAG00000001607	ssa03	.	lncRNA		
ENSSSAG00000001616	ssa03	.	lncRNA		
ENSSSAG00000001617	ssa01	.	lncRNA		
ENSSSAG00000001619	ssa03	.	protein_coding		splicing factor U2AF 65 kDa subunit-like [Source:NCBI gene%3BAcc:106601453]
ENSSSAG00000001620	ssa03	.	lncRNA		
ENSSSAG00000001622	ssa04	.	snRNA	U7	U7 small nuclear RNA [Source:RFAM%3BAcc:RF00066]
ENSSSAG00000001626	ssa03	.	snoRNA		
ENSSSAG00000001658	ssa03	.	protein_coding	mif4gdb	MIF4G domain-containing protein B [Source:NCBI gene%3BAcc:106601806]
ENSSSAG00000001663	ssa03	.	pseudogene		
ENSSSAG00000001666	ssa03	.	protein_coding	slc25a19	mitochondrial thiamine pyrophosphate carrier-like [Source:NCBI gene%3BAcc:106601805]
ENSSSAG00000001684	ssa03	.	protein_coding	rpl3l	60S ribosomal protein L3-like [Source:NCBI gene%3BAcc:106601812]
ENSSSAG00000001703	ssa03	.	snoRNA	SNORA71	Small nucleolar RNA SNORA71 [Source:RFAM%3BAcc:RF00056]
ENSSSAG00000001713	ssa03	.	protein_coding	ndufb10	NADH dehydrogenase [ubiquinone] 1 beta subcomplex subunit 10-like [Source:NCBI gene%3BAcc:106601814]
ENSSSAG00000001723	ssa03	.	lncRNA		
ENSSSAG00000001732	ssa03	.	protein_coding	rps2	40S ribosomal protein S2 [Source:NCBI gene%3BAcc:106601815]
ENSSSAG00000001735	ssa03	.	protein_coding		
ENSSSAG00000001737	ssa03	.	lncRNA		
ENSSSAG00000001738	ssa04	.	lncRNA		aspartoacylase [Source:NCBI gene%3BAcc:106603514]
ENSSSAG00000001754	ssa02	.	protein_coding	abcc6a	multidrug resistance-associated protein 1-like [Source:NCBI gene%3BAcc:106588920]
ENSSSAG00000001765	ssa03	.	snoRNA		
ENSSSAG00000001769	ssa03	.	rRNA	5S_rRNA	5S ribosomal RNA [Source:RFAM%3BAcc:RF00001]
ENSSSAG00000001788	ssa01	.	miRNA	ssa-mir-338a-3	ssa-mir-338a-3 [Source:miRBase%3BAcc:MI0026686]
ENSSSAG00000001797	ssa03	.	protein_coding	crb3a	crumbs homolog 3a [Source:ZFIN%3BAcc:ZDB-GENE-060610-2]
ENSSSAG00000001827	ssa03	.	lncRNA		
ENSSSAG00000001842	ssa03	.	lncRNA		
ENSSSAG00000001847	ssa01	.	lncRNA		
ENSSSAG00000001854	ssa05	.	lncRNA		
ENSSSAG00000001869	ssa03	.	protein_coding	polr3h	DNA-directed RNA polymerase III subunit RPC8-like [Source:NCBI gene%3BAcc:106601238]
ENSSSAG00000001876	ssa03	.	miRNA	ssa-mir-723-2	ssa-mir-723-2 [Source:miRBase%3BAcc:MI0026725]
ENSSSAG00000001877	ssa03	.	protein_coding	slc4a1a	band 3 anion exchange protein [Source:NCBI gene%3BAcc:100380859]
ENSSSAG00000001878	ssa02	.	pseudogene		
ENSSSAG00000001892	ssa02	.	lncRNA		
ENSSSAG00000001908	ssa03	.	lncRNA		
ENSSSAG00000001915	ssa05	.	lncRNA		
ENSSSAG00000001925	ssa03	.	snoRNA		
ENSSSAG00000001935	ssa02	.	lncRNA		
ENSSSAG00000001937	ssa02	.	lncRNA		
ENSSSAG00000001939	ssa02	.	lncRNA		
ENSSSAG00000001946	ssa03	.	miRNA	ssa-mir-133a-3	ssa-mir-133a-3 [Source:miRBase%3BAcc:MI0026483]
ENSSSAG00000001948	ssa03	.	miRNA	ssa-mir-1-2	ssa-mir-1-2 [Source:miRBase%3BAcc:MI0026578]
ENSSSAG00000001951	ssa02	.	lncRNA		
ENSSSAG00000001952	ssa02	.	lncRNA		
ENSSSAG00000001959	ssa02	.	lncRNA		
ENSSSAG00000001961	ssa05	.	lncRNA		
ENSSSAG00000001967	ssa04	.	protein_coding		
ENSSSAG00000001976	ssa01	.	pseudogene		
ENSSSAG00000002004	ssa02	.	lncRNA		uncharacterized LOC106586353 [Source:NCBI gene%3BAcc:106586353]
ENSSSAG00000002006	ssa02	.	lncRNA		
ENSSSAG00000002010	ssa03	.	snRNA	U5	U5 spliceosomal RNA [Source:RFAM%3BAcc:RF00020]
ENSSSAG00000002012	ssa03	.	snRNA	U2	U2 spliceosomal RNA [Source:RFAM%3BAcc:RF00004]
ENSSSAG00000002015	ssa02	.	snoRNA		
ENSSSAG00000002017	ssa02	.	snoRNA		
ENSSSAG00000002018	ssa02	.	snoRNA	SNORA71	Small nucleolar RNA SNORA71 [Source:RFAM%3BAcc:RF00056]
ENSSSAG00000002022	ssa03	.	snRNA	U5	U5 spliceosomal RNA [Source:RFAM%3BAcc:RF00020]
ENSSSAG00000002026	ssa03	.	snRNA	U2	U2 spliceosomal RNA [Source:RFAM%3BAcc:RF00004]
ENSSSAG00000002030	ssa03	.	snRNA	U2	U2 spliceosomal RNA [Source:RFAM%3BAcc:RF00004]
ENSSSAG00000002031	ssa03	.	snRNA	U2	U2 spliceosomal RNA [Source:RFAM%3BAcc:RF00004]
ENSSSAG00000002036	ssa03	.	snRNA	U5	U5 spliceosomal RNA [Source:RFAM%3BAcc:RF00020]
ENSSSAG00000002038	ssa03	.	snRNA	U2	U2 spliceosomal RNA [Source:RFAM%3BAcc:RF00004]
ENSSSAG00000002041	ssa03	.	snRNA	U5	U5 spliceosomal RNA [Source:RFAM%3BAcc:RF00020]
ENSSSAG00000002043	ssa03	.	snRNA	U5	U5 spliceosomal RNA [Source:RFAM%3BAcc:RF00020]
ENSSSAG00000002045	ssa01	.	lncRNA		
ENSSSAG00000002047	ssa05	.	lncRNA		uncharacterized LOC106605434 [Source:NCBI gene%3BAcc:106605434]
ENSSSAG00000002060	ssa01	.	pseudogene		psychosine receptor-like [Source:NCBI gene%3BAcc:106600869]
ENSSSAG00000002072	ssa06	.	lncRNA		
ENSSSAG00000002073	ssa01	.	pseudogene		
ENSSSAG00000002077	ssa05	.	vault_RNA	Vault	Vault RNA [Source:RFAM%3BAcc:RF00006]
ENSSSAG00000002081	ssa05	.	vault_RNA	Vault	Vault RNA [Source:RFAM%3BAcc:RF00006]
ENSSSAG00000002090	ssa05	.	lncRNA		
ENSSSAG00000002094	ssa06	.	lncRNA		
ENSSSAG00000002105	ssa04	.	protein_coding	znf330	zinc finger protein 330-like [Source:NCBI gene%3BAcc:106602343]
ENSSSAG00000002149	ssa05	.	lncRNA		
ENSSSAG00000002159	ssa06	.	lncRNA		
ENSSSAG00000002167	ssa05	.	snoRNA		
ENSSSAG00000002178	ssa06	.	lncRNA		
ENSSSAG00000002180	ssa09	.	lncRNA		
ENSSSAG00000002194	ssa01	.	pseudogene		
ENSSSAG00000002199	ssa07	.	lncRNA		
ENSSSAG00000002214	ssa09	.	snRNA	U7	U7 small nuclear RNA [Source:RFAM%3BAcc:RF00066]
ENSSSAG00000002218	ssa07	.	lncRNA		
ENSSSAG00000002221	ssa07	.	miRNA	ssa-mir-129-3	ssa-mir-129-3 [Source:miRBase%3BAcc:MI0026467]
ENSSSAG00000002222	ssa08	.	lncRNA		
ENSSSAG00000002225	ssa06	.	lncRNA		
ENSSSAG00000002227	ssa09	.	vault_RNA	Vault	Vault RNA [Source:RFAM%3BAcc:RF00006]
ENSSSAG00000002233	ssa09	.	vault_RNA	Vault	Vault RNA [Source:RFAM%3BAcc:RF00006]
ENSSSAG00000002235	ssa08	.	lncRNA		
ENSSSAG00000002239	ssa09	.	vault_RNA	Vault	Vault RNA [Source:RFAM%3BAcc:RF00006]
ENSSSAG00000002245	ssa09	.	miRNA		microRNA 124-3 [Source:HGNC Symbol%3BAcc:HGNC:31504]
ENSSSAG00000002249	ssa07	.	pseudogene		
ENSSSAG00000002265	ssa03	.	protein_coding	COPB2	coatomer subunit beta'-like [Source:NCBI gene%3BAcc:106599054]
ENSSSAG00000002273	ssa08	.	protein_coding	ma7d1	MAP7 domain-containing protein 1 [Source:NCBI gene%3BAcc:100195021]
ENSSSAG00000002275	ssa06	.	lncRNA		
ENSSSAG00000002285	ssa09	.	lncRNA		
ENSSSAG00000002299	ssa05	.	pseudogene		
ENSSSAG00000002306	ssa05	.	lncRNA		
ENSSSAG00000002309	ssa05	.	lncRNA		
ENSSSAG00000002316	ssa05	.	pseudogene		
ENSSSAG00000002323	ssa10	.	miRNA	ssa-mir-24a-2	ssa-mir-24a-2 [Source:miRBase%3BAcc:MI0026642]
ENSSSAG00000002327	ssa05	.	pseudogene		
ENSSSAG00000002329	ssa10	.	miRNA	ssa-mir-27c-1	ssa-mir-27c-1 [Source:miRBase%3BAcc:MI0026661]
ENSSSAG00000002330	ssa09	.	pseudogene		
ENSSSAG00000002332	ssa10	.	miRNA	ssa-mir-23a-4	ssa-mir-23a-4 [Source:miRBase%3BAcc:MI0026637]
ENSSSAG00000002341	ssa05	.	lncRNA		
ENSSSAG00000002347	ssa06	.	lncRNA		
ENSSSAG00000002353	ssa09	.	pseudogene		
ENSSSAG00000002359	ssa03	.	rRNA	5_8S_rRNA	5.8S ribosomal RNA [Source:RFAM%3BAcc:RF00002]
ENSSSAG00000002366	ssa09	.	lncRNA		
ENSSSAG00000002367	ssa07	.	snoRNA		
ENSSSAG00000002384	ssa09	.	snRNA	U1	U1 spliceosomal RNA [Source:RFAM%3BAcc:RF00003]
ENSSSAG00000002390	ssa05	.	rRNA	5S_rRNA	5S ribosomal RNA [Source:RFAM%3BAcc:RF00001]
ENSSSAG00000002409	ssa05	.	lncRNA		
ENSSSAG00000002411	ssa05	.	lncRNA		
ENSSSAG00000002412	ssa02	.	lncRNA		uncharacterized LOC106588965 [Source:NCBI gene%3BAcc:106588965]
ENSSSAG00000002413	ssa05	.	lncRNA		
ENSSSAG00000002420	ssa05	.	lncRNA		
ENSSSAG00000002425	ssa05	.	miRNA	ssa-let-7d-1	ssa-let-7d-1 [Source:miRBase%3BAcc:MI0026754]
ENSSSAG00000002426	ssa04	.	snRNA	U7	U7 small nuclear RNA [Source:RFAM%3BAcc:RF00066]
ENSSSAG00000002429	ssa05	.	miRNA	ssa-mir-125b-1	ssa-mir-125b-1 [Source:miRBase%3BAcc:MI0026454]
ENSSSAG00000002435	ssa05	.	lncRNA		
ENSSSAG00000002444	ssa04	.	lncRNA		
ENSSSAG00000002447	ssa03	.	pseudogene		
ENSSSAG00000002462	ssa03	.	protein_coding		parvalbumin beta 1 [Source:NCBI gene%3BAcc:106601823]
ENSSSAG00000002468	ssa05	.	protein_coding		cytohesin-2-like [Source:NCBI gene%3BAcc:106605750]
ENSSSAG00000002474	ssa08	.	lncRNA		
ENSSSAG00000002482	ssa06	.	lncRNA		
ENSSSAG00000002483	ssa06	.	lncRNA		
ENSSSAG00000002484	ssa06	.	lncRNA		
ENSSSAG00000002514	ssa06	.	protein_coding	drc3	leucine-rich repeat-containing protein 48-like [Source:NCBI gene%3BAcc:106606618]
ENSSSAG00000002533	ssa06	.	protein_coding	GID4	glucose-induced degradation protein 4 homolog [Source:NCBI gene%3BAcc:106606620]
ENSSSAG00000002548	ssa06	.	rRNA	5_8S_rRNA	5.8S ribosomal RNA [Source:RFAM%3BAcc:RF00002]
ENSSSAG00000002571	ssa08	.	snoRNA		
ENSSSAG00000002572	ssa01	.	lncRNA		
ENSSSAG00000002573	ssa07	.	protein_coding	FGF6	fibroblast growth factor 4B-like [Source:NCBI gene%3BAcc:106609473]
ENSSSAG00000002574	ssa08	.	snoRNA	U3	Small nucleolar RNA U3 [Source:RFAM%3BAcc:RF00012]
ENSSSAG00000002575	ssa01	.	lncRNA		
ENSSSAG00000002576	ssa08	.	snoRNA		
ENSSSAG00000002579	ssa08	.	snoRNA	U3	Small nucleolar RNA U3 [Source:RFAM%3BAcc:RF00012]
ENSSSAG00000002582	ssa08	.	snoRNA		
ENSSSAG00000002583	ssa01	.	lncRNA		
ENSSSAG00000002584	ssa08	.	snoRNA	U3	Small nucleolar RNA U3 [Source:RFAM%3BAcc:RF00012]
ENSSSAG00000002588	ssa08	.	snoRNA	U3	Small nucleolar RNA U3 [Source:RFAM%3BAcc:RF00012]
ENSSSAG00000002592	ssa08	.	snoRNA		
ENSSSAG00000002594	ssa08	.	snoRNA	U3	Small nucleolar RNA U3 [Source:RFAM%3BAcc:RF00012]
ENSSSAG00000002595	ssa09	.	lncRNA		
ENSSSAG00000002596	ssa01	.	lncRNA		
ENSSSAG00000002597	ssa08	.	snoRNA		
ENSSSAG00000002599	ssa01	.	lncRNA		
ENSSSAG00000002601	ssa08	.	snoRNA	U3	Small nucleolar RNA U3 [Source:RFAM%3BAcc:RF00012]
ENSSSAG00000002604	ssa08	.	snoRNA		
ENSSSAG00000002606	ssa08	.	snoRNA	U3	Small nucleolar RNA U3 [Source:RFAM%3BAcc:RF00012]
ENSSSAG00000002621	ssa02	.	protein_coding	MARF1	meiosis arrest female protein 1 homolog [Source:NCBI gene%3BAcc:106589040]
ENSSSAG00000002630	ssa01	.	miRNA		
ENSSSAG00000002633	ssa06	.	pseudogene		
ENSSSAG00000002636	ssa09	.	protein_coding		
ENSSSAG00000002651	ssa06	.	lncRNA		
ENSSSAG00000002656	ssa09	.	protein_coding		
ENSSSAG00000002659	ssa07	.	lncRNA		
ENSSSAG00000002663	ssa10	.	pseudogene		
ENSSSAG00000002667	ssa06	.	protein_coding	alyref	THO complex subunit 4-like [Source:NCBI gene%3BAcc:106606965]
ENSSSAG00000002674	ssa09	.	protein_coding		protocadherin alpha-8-like [Source:NCBI gene%3BAcc:106611686]
ENSSSAG00000002675	ssa07	.	lncRNA		
ENSSSAG00000002689	ssa06	.	lncRNA		
ENSSSAG00000002690	ssa09	.	lncRNA		
ENSSSAG00000002702	ssa09	.	lncRNA		
ENSSSAG00000002705	ssa09	.	lncRNA		
ENSSSAG00000002707	ssa09	.	lncRNA		
ENSSSAG00000002729	ssa06	.	protein_coding	tbl3	transducin beta-like protein 3 [Source:NCBI gene%3BAcc:106606613]
ENSSSAG00000002731	ssa07	.	lncRNA		
ENSSSAG00000002738	ssa10	.	snoRNA		
ENSSSAG00000002739	ssa03	.	snoRNA		
ENSSSAG00000002741	ssa03	.	snoRNA		
ENSSSAG00000002743	ssa03	.	snoRNA		
ENSSSAG00000002746	ssa03	.	protein_coding	ppfia3	liprin-alpha-3-like [Source:NCBI gene%3BAcc:106601576]
ENSSSAG00000002764	ssa06	.	lncRNA		
ENSSSAG00000002766	ssa06	.	lncRNA		
ENSSSAG00000002776	ssa07	.	pseudogene		
ENSSSAG00000002778	ssa06	.	protein_coding	ARL16	ADP-ribosylation factor-like protein 16 [Source:NCBI gene%3BAcc:106606260]
ENSSSAG00000002785	ssa09	.	lncRNA		
ENSSSAG00000002788	ssa07	.	lncRNA		
ENSSSAG00000002796	ssa07	.	lncRNA		
ENSSSAG00000002813	ssa05	.	protein_coding	zgc:136493	putative 2-hydroxyacid dehydrogenase SE_1879 [Source:NCBI gene%3BAcc:106606147]
ENSSSAG00000002827	ssa03	.	protein_coding	paqr4a	progestin and adipoQ receptor family member 4-like [Source:NCBI gene%3BAcc:106601588]
ENSSSAG00000002839	ssa02	.	lncRNA		
ENSSSAG00000002840	ssa02	.	lncRNA		
ENSSSAG00000002868	ssa05	.	lncRNA		
ENSSSAG00000002874	ssa07	.	pseudogene		
ENSSSAG00000002912	ssa06	.	lncRNA		
ENSSSAG00000002916	ssa06	.	pseudogene		
ENSSSAG00000002927	ssa06	.	lncRNA		
ENSSSAG00000002933	ssa02	.	lncRNA		
ENSSSAG00000002936	ssa06	.	lncRNA		
ENSSSAG00000002937	ssa05	.	lncRNA		
ENSSSAG00000002963	ssa05	.	protein_coding	c1s	complement component 1%2C s subcomponent [Source:ZFIN%3BAcc:ZDB-GENE-030131-1232]
ENSSSAG00000002977	ssa05	.	protein_coding		
ENSSSAG00000002992	ssa05	.	protein_coding	TR11B	
ENSSSAG00000002994	ssa05	.	protein_coding	KCP2	keratinocyte-associated protein 2-like [Source:NCBI gene%3BAcc:106605672]
ENSSSAG00000002997	ssa07	.	lncRNA		
ENSSSAG00000003001	ssa09	.	lncRNA		rootletin-like [Source:NCBI gene%3BAcc:106611898]
ENSSSAG00000003007	ssa03	.	lncRNA		
ENSSSAG00000003014	ssa05	.	protein_coding	cd79a	B-cell antigen receptor complex-associated protein alpha chain-like [Source:NCBI gene%3BAcc:106605673]
ENSSSAG00000003015	ssa02	.	protein_coding	trmt1	tRNA methyltransferase 1 [Source:NCBI gene%3BAcc:100380529]
ENSSSAG00000003016	ssa06	.	lncRNA		
ENSSSAG00000003026	ssa06	.	snoRNA		
ENSSSAG00000003031	ssa07	.	lncRNA		
ENSSSAG00000003035	ssa07	.	lncRNA		
ENSSSAG00000003046	ssa07	.	lncRNA		
ENSSSAG00000003052	ssa09	.	processed_pseudogene		
ENSSSAG00000003056	ssa07	.	lncRNA		
ENSSSAG00000003057	ssa09	.	pseudogene		
ENSSSAG00000003062	ssa03	.	pseudogene		
ENSSSAG00000003068	ssa09	.	lncRNA		
ENSSSAG00000003071	ssa05	.	lncRNA		
ENSSSAG00000003092	ssa05	.	miRNA	ssa-mir-138-4	ssa-mir-138-4 [Source:miRBase%3BAcc:MI0026496]
ENSSSAG00000003096	ssa05	.	protein_coding		
ENSSSAG00000003118	ssa05	.	protein_coding	pdp1	pyruvate dehydrogenase [acetyl-transferring]-phosphatase 1%2C mitochondrial-like [Source:NCBI gene%3BAcc:106606054]
ENSSSAG00000003129	ssa06	.	miRNA	ssa-mir-338a-4	ssa-mir-338a-4 [Source:miRBase%3BAcc:MI0026689]
ENSSSAG00000003132	ssa06	.	protein_coding		
ENSSSAG00000003136	ssa06	.	lncRNA		
ENSSSAG00000003170	ssa01	.	lncRNA		
ENSSSAG00000003172	ssa01	.	miRNA	ssa-mir-456-2	ssa-mir-456-2 [Source:miRBase%3BAcc:MI0026707]
ENSSSAG00000003190	ssa09	.	snoRNA	SNORD33	Small nucleolar RNA Z195/SNORD33/SNORD32 family [Source:RFAM%3BAcc:RF00133]
ENSSSAG00000003192	ssa09	.	snoRNA		
ENSSSAG00000003201	ssa08	.	lncRNA		
ENSSSAG00000003205	ssa08	.	protein_coding		upregulator of cell proliferation [Source:HGNC Symbol%3BAcc:HGNC:30890]
ENSSSAG00000003209	ssa03	.	lncRNA		
ENSSSAG00000003212	ssa07	.	pseudogene		
ENSSSAG00000003227	ssa09	.	lncRNA		
ENSSSAG00000003229	ssa09	.	lncRNA		
ENSSSAG00000003230	ssa01	.	snoRNA		
ENSSSAG00000003232	ssa01	.	snoRNA		
ENSSSAG00000003234	ssa01	.	snoRNA		small nucleolar RNA%2C C/D box 72 [Source:HGNC Symbol%3BAcc:HGNC:32733]
ENSSSAG00000003243	ssa08	.	protein_coding	hmx4	homeobox protein HMX3-B-like [Source:NCBI gene%3BAcc:106610426]
ENSSSAG00000003245	ssa01	.	snRNA	U7	U7 small nuclear RNA [Source:RFAM%3BAcc:RF00066]
ENSSSAG00000003252	ssa07	.	snRNA	U2	U2 spliceosomal RNA [Source:RFAM%3BAcc:RF00004]
ENSSSAG00000003255	ssa08	.	lncRNA		
ENSSSAG00000003259	ssa08	.	lncRNA		
ENSSSAG00000003281	ssa08	.	lncRNA		
ENSSSAG00000003292	ssa04	.	lncRNA		uncharacterized LOC106602172 [Source:NCBI gene%3BAcc:106602172]
ENSSSAG00000003297	ssa05	.	protein_coding	casp2	caspase-2-like [Source:NCBI gene%3BAcc:106605831]
ENSSSAG00000003311	ssa08	.	pseudogene		
ENSSSAG00000003315	ssa09	.	protein_coding	SPIT1	kunitz-type protease inhibitor 1-like [Source:NCBI gene%3BAcc:106610865]
ENSSSAG00000003326	ssa05	.	protein_coding	plekhg6	uncharacterized LOC106605849 [Source:NCBI gene%3BAcc:106605849]
ENSSSAG00000003337	ssa05	.	lncRNA		
ENSSSAG00000003345	ssa05	.	protein_coding	wnt4b	protein Wnt-4-like [Source:NCBI gene%3BAcc:106605854]
ENSSSAG00000003347	ssa01	.	protein_coding	srrm1	serine/arginine repetitive matrix protein 1-like [Source:NCBI gene%3BAcc:106579139]
ENSSSAG00000003358	ssa03	.	protein_coding	at7l3	Ataxin-7-like protein 3 [Source:NCBI gene%3BAcc:100196622]
ENSSSAG00000003372	ssa04	.	snoRNA		
ENSSSAG00000003374	ssa08	.	lncRNA		
ENSSSAG00000003376	ssa04	.	snoRNA	U3	Small nucleolar RNA U3 [Source:RFAM%3BAcc:RF00012]
ENSSSAG00000003379	ssa08	.	lncRNA		
ENSSSAG00000003396	ssa07	.	lncRNA		
ENSSSAG00000003400	ssa01	.	pseudogene		
ENSSSAG00000003403	ssa05	.	protein_coding	MLF2	myeloid leukemia factor 2-like [Source:NCBI gene%3BAcc:106605851]
ENSSSAG00000003405	ssa08	.	pseudogene		
ENSSSAG00000003411	ssa08	.	lncRNA		proteinase-activated receptor 3-like [Source:NCBI gene%3BAcc:106610453]
ENSSSAG00000003417	ssa05	.	protein_coding		beta-enolase-like [Source:NCBI gene%3BAcc:106605855]
ENSSSAG00000003421	ssa06	.	lncRNA		
ENSSSAG00000003449	ssa01	.	pseudogene		
ENSSSAG00000003455	ssa05	.	lncRNA		
ENSSSAG00000003459	ssa05	.	lncRNA		
ENSSSAG00000003461	ssa05	.	protein_coding		
ENSSSAG00000003464	ssa03	.	protein_coding		transportin-2-like [Source:NCBI gene%3BAcc:106601659]
ENSSSAG00000003465	ssa03	.	snRNA	U1	U1 spliceosomal RNA [Source:RFAM%3BAcc:RF00003]
ENSSSAG00000003470	ssa05	.	protein_coding		
ENSSSAG00000003472	ssa05	.	miRNA	ssa-mir-138-4	ssa-mir-138-4 [Source:miRBase%3BAcc:MI0026496]
ENSSSAG00000003476	ssa02	.	lncRNA		
ENSSSAG00000003481	ssa02	.	lncRNA		
ENSSSAG00000003483	ssa04	.	protein_coding	pkd2	polycystin-2-like [Source:NCBI gene%3BAcc:106602263]
ENSSSAG00000003492	ssa08	.	pseudogene		
ENSSSAG00000003526	ssa06	.	protein_coding	recql5	RecQ helicase-like 5 [Source:ZFIN%3BAcc:ZDB-GENE-071214-1]
ENSSSAG00000003530	ssa05	.	lncRNA		
ENSSSAG00000003531	ssa05	.	lncRNA		
ENSSSAG00000003532	ssa05	.	lncRNA		
ENSSSAG00000003533	ssa07	.	protein_coding	mybpc1	myosin binding protein C1 [Source:NCBI gene%3BAcc:106609429]
ENSSSAG00000003537	ssa05	.	pseudogene		
ENSSSAG00000003551	ssa03	.	snRNA	U7	U7 small nuclear RNA [Source:RFAM%3BAcc:RF00066]
ENSSSAG00000003557	ssa03	.	miRNA	ssa-mir-33b	ssa-mir-33b [Source:miRBase%3BAcc:MI0026692]
ENSSSAG00000003563	ssa01	.	lncRNA		
ENSSSAG00000003578	ssa02	.	lncRNA		
ENSSSAG00000003581	ssa05	.	miRNA	ssa-mir-92b	ssa-mir-92b [Source:miRBase%3BAcc:MI0026762]
ENSSSAG00000003586	ssa03	.	protein_coding	pam16	mitochondrial import inner membrane translocase subunit tim16-like [Source:NCBI gene%3BAcc:106601835]
ENSSSAG00000003601	ssa01	.	protein_coding	maco1b	macoilin-2-like [Source:NCBI gene%3BAcc:106579821]
ENSSSAG00000003609	ssa08	.	lncRNA		
ENSSSAG00000003619	ssa02	.	lncRNA		
ENSSSAG00000003630	ssa06	.	lncRNA		
ENSSSAG00000003632	ssa06	.	lncRNA		
ENSSSAG00000003637	ssa05	.	pseudogene		
ENSSSAG00000003640	ssa07	.	lncRNA		
ENSSSAG00000003669	ssa01	.	lncRNA		
ENSSSAG00000003672	ssa08	.	processed_pseudogene		
ENSSSAG00000003678	ssa08	.	pseudogene		catenin delta-1-like [Source:NCBI gene%3BAcc:106610489]
ENSSSAG00000003679	ssa06	.	lncRNA		
ENSSSAG00000003685	ssa08	.	lncRNA		
ENSSSAG00000003689	ssa06	.	lncRNA		
ENSSSAG00000003701	ssa06	.	protein_coding		actin%2C non-muscle 6.2 [Source:NCBI gene%3BAcc:106606192]
ENSSSAG00000003705	ssa01	.	processed_pseudogene		
ENSSSAG00000003708	ssa05	.	lncRNA		
ENSSSAG00000003711	ssa05	.	pseudogene		
ENSSSAG00000003734	ssa01	.	protein_coding		
ENSSSAG00000003737	ssa08	.	lncRNA		
ENSSSAG00000003749	ssa05	.	protein_coding	ubqln4	ubiquilin-4-like [Source:NCBI gene%3BAcc:106605242]
ENSSSAG00000003754	ssa04	.	lncRNA		
ENSSSAG00000003757	ssa06	.	lncRNA		
ENSSSAG00000003764	ssa08	.	lncRNA		
ENSSSAG00000003769	ssa08	.	lncRNA		
ENSSSAG00000003770	ssa08	.	lncRNA		
ENSSSAG00000003785	ssa01	.	lncRNA		
ENSSSAG00000003788	ssa06	.	lncRNA		
ENSSSAG00000003799	ssa05	.	pseudogene		
ENSSSAG00000003823	ssa05	.	protein_coding		
ENSSSAG00000003825	ssa05	.	protein_coding		
ENSSSAG00000003829	ssa04	.	lncRNA		
ENSSSAG00000003837	ssa07	.	lncRNA		
ENSSSAG00000003861	ssa01	.	pseudogene		heat shock protein 30-like [Source:NCBI gene%3BAcc:106563452]
ENSSSAG00000003865	ssa01	.	lncRNA		
ENSSSAG00000003869	ssa01	.	pseudogene		
ENSSSAG00000003871	ssa05	.	protein_coding		complement C1s subcomponent-like [Source:NCBI gene%3BAcc:106605730]
ENSSSAG00000003884	ssa03	.	pseudogene		
ENSSSAG00000003885	ssa07	.	lncRNA		
ENSSSAG00000003893	ssa05	.	snoRNA		
ENSSSAG00000003901	ssa07	.	lncRNA		
ENSSSAG00000003906	ssa08	.	lncRNA		
ENSSSAG00000003909	ssa08	.	lncRNA		
ENSSSAG00000003930	ssa09	.	lncRNA		
ENSSSAG00000003935	ssa09	.	lncRNA		
ENSSSAG00000003936	ssa09	.	lncRNA		uncharacterized LOC106611880 [Source:NCBI gene%3BAcc:106611880]
ENSSSAG00000003947	ssa08	.	scaRNA		
ENSSSAG00000003953	ssa10	.	lncRNA		
ENSSSAG00000003954	ssa05	.	lncRNA		
ENSSSAG00000003970	ssa03	.	lncRNA		zinc finger CCCH domain-containing protein 18-like [Source:NCBI gene%3BAcc:106601854]
ENSSSAG00000003981	ssa03	.	snoRNA		
ENSSSAG00000003982	ssa08	.	protein_coding	elf2b	ETS-related transcription factor Elf-2-like [Source:NCBI gene%3BAcc:106610549]
ENSSSAG00000003984	ssa03	.	protein_coding		
ENSSSAG00000003989	ssa11	.	protein_coding	rxfp3.3a2	relaxin-3 receptor 1-like [Source:NCBI gene%3BAcc:106562584]
ENSSSAG00000003993	ssa08	.	protein_coding	noctb	nocturnin b [Source:ZFIN%3BAcc:ZDB-GENE-110930-4]
ENSSSAG00000003994	ssa05	.	lncRNA		
ENSSSAG00000003995	ssa05	.	lncRNA		
ENSSSAG00000003996	ssa03	.	protein_coding	moto	uncharacterized protein C17orf104 homolog [Source:NCBI gene%3BAcc:106601036]
ENSSSAG00000004005	ssa03	.	protein_coding	CCD43	coiled-coil domain-containing protein 43-like [Source:NCBI gene%3BAcc:106601037]
ENSSSAG00000004017	ssa03	.	lncRNA		
ENSSSAG00000004027	ssa10	.	lncRNA		
ENSSSAG00000004037	ssa08	.	protein_coding	elf2b	E74-like factor 2b (ets domain transcription factor) [Source:ZFIN%3BAcc:ZDB-GENE-031215-1]
ENSSSAG00000004067	ssa07	.	miRNA	ssa-let-7b-2	ssa-let-7b-2 [Source:miRBase%3BAcc:MI0026753]
ENSSSAG00000004070	ssa03	.	protein_coding		serine/threonine-protein kinase 19-like [Source:NCBI gene%3BAcc:106601674]
ENSSSAG00000004073	ssa04	.	lncRNA		
ENSSSAG00000004074	ssa08	.	protein_coding	hgsnat	heparan-alpha-glucosaminide N-acetyltransferase [Source:ZFIN%3BAcc:ZDB-GENE-140106-144]
ENSSSAG00000004079	ssa04	.	protein_coding	ppa2	inorganic pyrophosphatase-like [Source:NCBI gene%3BAcc:106602282]
ENSSSAG00000004087	ssa07	.	snRNA	U6	U6 spliceosomal RNA [Source:RFAM%3BAcc:RF00026]
ENSSSAG00000004123	ssa03	.	lncRNA		
ENSSSAG00000004143	ssa09	.	lncRNA		
ENSSSAG00000004146	ssa11	.	snoRNA	SNORD83	Small nucleolar RNA SNORD83 [Source:RFAM%3BAcc:RF00137]
ENSSSAG00000004160	ssa11	.	snoRNA		
ENSSSAG00000004161	ssa11	.	lncRNA		
ENSSSAG00000004164	ssa11	.	snoRNA		small nucleolar RNA%2C H/ACA box 36C [Source:HGNC Symbol%3BAcc:HGNC:33616]
ENSSSAG00000004166	ssa11	.	lncRNA		
ENSSSAG00000004169	ssa11	.	snoRNA	SNORD83	Small nucleolar RNA SNORD83 [Source:RFAM%3BAcc:RF00137]
ENSSSAG00000004194	ssa12	.	protein_coding	atp5md	up-regulated during skeletal muscle growth protein 5-like [Source:NCBI gene%3BAcc:106564626]
ENSSSAG00000004195	ssa12	.	protein_coding		
ENSSSAG00000004202	ssa12	.	protein_coding	atp5md	up-regulated during skeletal muscle growth protein 5-like [Source:NCBI gene%3BAcc:106564631]
ENSSSAG00000004210	ssa08	.	lncRNA		
ENSSSAG00000004214	ssa08	.	protein_coding	hmx4	homeobox protein HMX3-B-like [Source:NCBI gene%3BAcc:106610574]
ENSSSAG00000004224	ssa12	.	protein_coding		zinc finger protein 501-like [Source:NCBI gene%3BAcc:106564033]
ENSSSAG00000004226	ssa11	.	pseudogene		
ENSSSAG00000004231	ssa12	.	lncRNA		
ENSSSAG00000004240	ssa02	.	lncRNA		
ENSSSAG00000004242	ssa12	.	lncRNA		
ENSSSAG00000004244	ssa02	.	lncRNA		
ENSSSAG00000004248	ssa02	.	lncRNA		
ENSSSAG00000004250	ssa02	.	snRNA	U6	U6 spliceosomal RNA [Source:RFAM%3BAcc:RF00026]
ENSSSAG00000004260	ssa05	.	protein_coding	plekha8	pleckstrin homology domain containing A8 [Source:NCBI gene%3BAcc:106606090]
ENSSSAG00000004273	ssa03	.	miRNA	ssa-mir-152	ssa-mir-152 [Source:miRBase%3BAcc:MI0026516]
ENSSSAG00000004288	ssa09	.	protein_coding		ubl carboxyl-terminal hydrolase 18-like [Source:NCBI gene%3BAcc:106610577]
ENSSSAG00000004295	ssa12	.	snoRNA	SNORD15	Small nucleolar RNA SNORD15 [Source:RFAM%3BAcc:RF00067]
ENSSSAG00000004298	ssa12	.	snoRNA		
ENSSSAG00000004317	ssa12	.	snoRNA		
ENSSSAG00000004318	ssa14	.	lncRNA		
ENSSSAG00000004326	ssa14	.	lncRNA		
ENSSSAG00000004333	ssa14	.	lncRNA		
ENSSSAG00000004339	ssa14	.	lncRNA		uncharacterized LOC106569063 [Source:NCBI gene%3BAcc:106569063]
ENSSSAG00000004341	ssa14	.	lncRNA		
ENSSSAG00000004353	ssa01	.	lncRNA		exocyst complex component 3-like protein [Source:NCBI gene%3BAcc:106586342]
ENSSSAG00000004357	ssa06	.	snoRNA		
ENSSSAG00000004362	ssa06	.	protein_coding	ndufb10	NADH dehydrogenase [ubiquinone] 1 beta subcomplex subunit 10-like [Source:NCBI gene%3BAcc:106606616]
ENSSSAG00000004372	ssa12	.	protein_coding		piggyBac transposable element-derived protein 4-like [Source:NCBI gene%3BAcc:106564062]
ENSSSAG00000004373	ssa14	.	lncRNA		
ENSSSAG00000004374	ssa14	.	lncRNA		
ENSSSAG00000004381	ssa05	.	lncRNA		
ENSSSAG00000004385	ssa05	.	snRNA	U6	U6 spliceosomal RNA [Source:RFAM%3BAcc:RF00026]
ENSSSAG00000004387	ssa05	.	snRNA	U6	U6 spliceosomal RNA [Source:RFAM%3BAcc:RF00026]
ENSSSAG00000004401	ssa12	.	lncRNA		
ENSSSAG00000004402	ssa12	.	lncRNA		
ENSSSAG00000004403	ssa01	.	lncRNA		
ENSSSAG00000004414	ssa14	.	lncRNA		
ENSSSAG00000004424	ssa03	.	protein_coding	HoxB4aa	homeobox protein Hox-B4a-like [Source:NCBI gene%3BAcc:106600837]
ENSSSAG00000004428	ssa05	.	protein_coding	gpr20	G protein-coupled receptor 20 [Source:ZFIN%3BAcc:ZDB-GENE-140106-136]
ENSSSAG00000004435	ssa03	.	miRNA	ssa-mir-10a-2	ssa-mir-10a-2 [Source:miRBase%3BAcc:MI0026443]
ENSSSAG00000004439	ssa03	.	lncRNA		
ENSSSAG00000004445	ssa01	.	pseudogene		
ENSSSAG00000004459	ssa06	.	protein_coding		
ENSSSAG00000004474	ssa06	.	snoRNA	SNORA71	Small nucleolar RNA SNORA71 [Source:RFAM%3BAcc:RF00056]
ENSSSAG00000004478	ssa14	.	lncRNA		
ENSSSAG00000004486	ssa12	.	lncRNA		
ENSSSAG00000004498	ssa14	.	lncRNA		
ENSSSAG00000004501	ssa03	.	miRNA	ssa-mir-196b-2	ssa-mir-196b-2 [Source:miRBase%3BAcc:MI0026564]
ENSSSAG00000004509	ssa14	.	lncRNA		
ENSSSAG00000004513	ssa14	.	miRNA	ssa-mir-9a-3	ssa-mir-9a-3 [Source:miRBase%3BAcc:MI0026771]
ENSSSAG00000004517	ssa11	.	snoRNA		
ENSSSAG00000004518	ssa12	.	protein_coding		amine sulfotransferase-like [Source:NCBI gene%3BAcc:106564437]
ENSSSAG00000004531	ssa06	.	protein_coding	RT07	28S ribosomal protein S7%2C mitochondrial-like [Source:NCBI gene%3BAcc:106606611]
ENSSSAG00000004553	ssa12	.	protein_coding	CUTA	protein CutA homolog [Source:NCBI gene%3BAcc:106564433]
ENSSSAG00000004555	ssa14	.	lncRNA		
ENSSSAG00000004559	ssa01	.	snRNA	U7	U7 small nuclear RNA [Source:RFAM%3BAcc:RF00066]
ENSSSAG00000004568	ssa13	.	lncRNA		
ENSSSAG00000004574	ssa14	.	lncRNA		
ENSSSAG00000004576	ssa05	.	protein_coding	zhx2a	zinc fingers and homeoboxes protein 2-like [Source:NCBI gene%3BAcc:106606110]
ENSSSAG00000004577	ssa14	.	miRNA	ssa-mir-9a-8	ssa-mir-9a-8 [Source:miRBase%3BAcc:MI0026776]
ENSSSAG00000004605	ssa12	.	protein_coding		
ENSSSAG00000004613	ssa12	.	lncRNA		
ENSSSAG00000004628	ssa12	.	lncRNA		
ENSSSAG00000004636	ssa13	.	lncRNA		
ENSSSAG00000004641	ssa06	.	protein_coding	gga3b	ADP-ribosylation factor-binding protein GGA3-like [Source:NCBI gene%3BAcc:106606608]
ENSSSAG00000004646	ssa09	.	miRNA	ssa-mir-458	ssa-mir-458 [Source:miRBase%3BAcc:MI0026708]
ENSSSAG00000004655	ssa06	.	snoRNA		
ENSSSAG00000004658	ssa06	.	snoRNA		
ENSSSAG00000004659	ssa06	.	snoRNA		
ENSSSAG00000004673	ssa04	.	miRNA	ssa-mir-144	ssa-mir-144 [Source:miRBase%3BAcc:MI0026504]
ENSSSAG00000004678	ssa06	.	lncRNA		
ENSSSAG00000004691	ssa05	.	protein_coding		cytolysin Src-1-like [Source:NCBI gene%3BAcc:106606121]
ENSSSAG00000004696	ssa06	.	pseudogene		
ENSSSAG00000004711	ssa03	.	protein_coding		somatostatin-1-like [Source:NCBI gene%3BAcc:106598589]
ENSSSAG00000004729	ssa07	.	miRNA	ssa-mir-183-3	ssa-mir-183-3 [Source:miRBase%3BAcc:MI0026546]
ENSSSAG00000004737	ssa07	.	miRNA	ssa-mir-96-1	ssa-mir-96-1 [Source:miRBase%3BAcc:MI0026765]
ENSSSAG00000004741	ssa07	.	miRNA	ssa-mir-182	ssa-mir-182 [Source:miRBase%3BAcc:MI0026543]
ENSSSAG00000004743	ssa07	.	miRNA	ssa-mir-182	ssa-mir-182 [Source:miRBase%3BAcc:MI0026543]
ENSSSAG00000004744	ssa01	.	snoRNA		
ENSSSAG00000004745	ssa01	.	snoRNA		
ENSSSAG00000004775	ssa03	.	lncRNA		
ENSSSAG00000004806	ssa13	.	lncRNA		
ENSSSAG00000004815	ssa11	.	lncRNA		
ENSSSAG00000004827	ssa12	.	lncRNA		
ENSSSAG00000004829	ssa06	.	miRNA	ssa-mir-7132a	ssa-mir-7132a [Source:miRBase%3BAcc:MI0026721]
ENSSSAG00000004831	ssa12	.	lncRNA		
ENSSSAG00000004835	ssa10	.	lncRNA		
ENSSSAG00000004852	ssa10	.	lncRNA		
ENSSSAG00000004856	ssa12	.	protein_coding		activating transcription factor 7-interacting protein 1-like [Source:NCBI gene%3BAcc:106564449]
ENSSSAG00000004888	ssa02	.	protein_coding	txndc11	thioredoxin domain-containing protein 11-like [Source:NCBI gene%3BAcc:106585183]
ENSSSAG00000004900	ssa07	.	miRNA	ssa-mir-182	ssa-mir-182 [Source:miRBase%3BAcc:MI0026543]
ENSSSAG00000004901	ssa09	.	lncRNA		
ENSSSAG00000004903	ssa09	.	processed_pseudogene		
ENSSSAG00000004928	ssa03	.	pseudogene		
ENSSSAG00000004934	ssa04	.	lncRNA		
ENSSSAG00000004935	ssa03	.	lncRNA		
ENSSSAG00000004936	ssa03	.	lncRNA		
ENSSSAG00000004974	ssa07	.	protein_coding		
ENSSSAG00000004980	ssa12	.	pseudogene		
ENSSSAG00000004986	ssa14	.	lncRNA		
ENSSSAG00000004987	ssa14	.	lncRNA		
ENSSSAG00000004988	ssa07	.	protein_coding	cpsf6	cleavage and polyadenylation specific factor 6 [Source:NCBI gene%3BAcc:106609799]
ENSSSAG00000005011	ssa07	.	protein_coding	yeats4	YEATS domain-containing protein 4 [Source:NCBI gene%3BAcc:106609801]
ENSSSAG00000005029	ssa07	.	lncRNA		
ENSSSAG00000005032	ssa07	.	lncRNA		
ENSSSAG00000005036	ssa12	.	lncRNA		
ENSSSAG00000005038	ssa07	.	lncRNA		
ENSSSAG00000005039	ssa07	.	lncRNA		
ENSSSAG00000005049	ssa07	.	lncRNA		
ENSSSAG00000005068	ssa05	.	lncRNA		
ENSSSAG00000005069	ssa05	.	lncRNA		
ENSSSAG00000005071	ssa06	.	snoRNA		
ENSSSAG00000005100	ssa04	.	protein_coding		tetratricopeptide repeat protein 39B-like [Source:NCBI gene%3BAcc:106602306]
ENSSSAG00000005103	ssa03	.	lncRNA		
ENSSSAG00000005104	ssa03	.	lncRNA		
ENSSSAG00000005109	ssa04	.	lncRNA		
ENSSSAG00000005114	ssa05	.	lncRNA		
ENSSSAG00000005124	ssa05	.	pseudogene		
ENSSSAG00000005125	ssa03	.	protein_coding	anks4b	ankyrin repeat and sterile alpha motif domain containing 4B [Source:ZFIN%3BAcc:ZDB-GENE-040704-29]
ENSSSAG00000005129	ssa11	.	lncRNA		
ENSSSAG00000005144	ssa07	.	lncRNA		
ENSSSAG00000005152	ssa07	.	lncRNA		
ENSSSAG00000005156	ssa01	.	lncRNA		
ENSSSAG00000005161	ssa05	.	protein_coding	zgc:153896	ectonucleotide pyrophosphatase/phosphodiesterase family member 7-like [Source:NCBI gene%3BAcc:106605784]
ENSSSAG00000005197	ssa05	.	protein_coding		
ENSSSAG00000005198	ssa09	.	lncRNA		
ENSSSAG00000005201	ssa05	.	lncRNA		
ENSSSAG00000005219	ssa12	.	lncRNA		
ENSSSAG00000005223	ssa12	.	lncRNA		
ENSSSAG00000005226	ssa09	.	pseudogene		
ENSSSAG00000005249	ssa12	.	lncRNA		
ENSSSAG00000005274	ssa09	.	TR_V_gene		
ENSSSAG00000005283	ssa03	.	pseudogene		
ENSSSAG00000005298	ssa04	.	lncRNA		
ENSSSAG00000005305	ssa07	.	pseudogene		
ENSSSAG00000005309	ssa07	.	pseudogene		
ENSSSAG00000005326	ssa09	.	lncRNA		
ENSSSAG00000005327	ssa07	.	protein_coding	b2m	beta-2-microglobulin [Source:NCBI gene%3BAcc:100136933]
ENSSSAG00000005329	ssa01	.	lncRNA		
ENSSSAG00000005330	ssa10	.	lncRNA		
ENSSSAG00000005342	ssa05	.	protein_coding	rnf115	E3 ubiquitin-protein ligase RNF115-like [Source:NCBI gene%3BAcc:106605791]
ENSSSAG00000005345	ssa01	.	lncRNA		
ENSSSAG00000005363	ssa05	.	protein_coding	dap3	28S ribosomal protein S29%2C mitochondrial-like [Source:NCBI gene%3BAcc:106605893]
ENSSSAG00000005367	ssa07	.	protein_coding		
ENSSSAG00000005378	ssa07	.	protein_coding	tmem19	transmembrane protein 19 [Source:NCBI gene%3BAcc:106609837]
ENSSSAG00000005385	ssa07	.	protein_coding		
ENSSSAG00000005394	ssa07	.	lncRNA		
ENSSSAG00000005411	ssa07	.	snoRNA		
ENSSSAG00000005419	ssa07	.	lncRNA		
ENSSSAG00000005420	ssa07	.	lncRNA		
ENSSSAG00000005425	ssa07	.	protein_coding	tmbim4	protein lifeguard 4-like [Source:NCBI gene%3BAcc:106609847]
ENSSSAG00000005430	ssa12	.	pseudogene		
ENSSSAG00000005437	ssa07	.	protein_coding	b2ml	beta-2-microglobulin-like [Source:NCBI gene%3BAcc:106609846]
ENSSSAG00000005441	ssa06	.	protein_coding	NUP85	nuclear pore complex protein Nup85-like [Source:NCBI gene%3BAcc:106606607]
ENSSSAG00000005469	ssa07	.	lncRNA		
ENSSSAG00000005478	ssa07	.	pseudogene		
ENSSSAG00000005482	ssa05	.	miRNA	ssa-mir-106b	ssa-mir-106b [Source:miRBase%3BAcc:MI0026440]
ENSSSAG00000005486	ssa05	.	miRNA	ssa-mir-93a-2	ssa-mir-93a-2 [Source:miRBase%3BAcc:MI0026764]
ENSSSAG00000005488	ssa05	.	miRNA	ssa-mir-19d	ssa-mir-19d [Source:miRBase%3BAcc:MI0026576]
ENSSSAG00000005491	ssa05	.	miRNA	ssa-mir-25-3	ssa-mir-25-3 [Source:miRBase%3BAcc:MI0026648]
ENSSSAG00000005495	ssa01	.	pseudogene		
ENSSSAG00000005500	ssa01	.	lncRNA		protein SON-like [Source:NCBI gene%3BAcc:106606727]
ENSSSAG00000005502	ssa09	.	lncRNA		
ENSSSAG00000005507	ssa05	.	lncRNA		
ENSSSAG00000005510	ssa02	.	lncRNA		
ENSSSAG00000005520	ssa08	.	rRNA	5_8S_rRNA	5.8S ribosomal RNA [Source:RFAM%3BAcc:RF00002]
ENSSSAG00000005521	ssa08	.	rRNA		
ENSSSAG00000005556	ssa07	.	pseudogene		
ENSSSAG00000005561	ssa04	.	lncRNA		
ENSSSAG00000005571	ssa04	.	snRNA	U7	U7 small nuclear RNA [Source:RFAM%3BAcc:RF00066]
ENSSSAG00000005584	ssa01	.	pseudogene		
ENSSSAG00000005593	ssa11	.	lncRNA		
ENSSSAG00000005603	ssa03	.	snoRNA		
ENSSSAG00000005606	ssa09	.	lncRNA		
ENSSSAG00000005607	ssa09	.	lncRNA		
ENSSSAG00000005610	ssa09	.	lncRNA		
ENSSSAG00000005616	ssa09	.	lncRNA		
ENSSSAG00000005618	ssa01	.	pseudogene		
ENSSSAG00000005622	ssa03	.	snoRNA		
ENSSSAG00000005624	ssa03	.	snoRNA		
ENSSSAG00000005627	ssa03	.	snoRNA		
ENSSSAG00000005632	ssa12	.	snoRNA		
ENSSSAG00000005643	ssa04	.	lncRNA		
ENSSSAG00000005665	ssa04	.	lncRNA		
ENSSSAG00000005669	ssa09	.	lncRNA		
ENSSSAG00000005672	ssa02	.	lncRNA		
ENSSSAG00000005673	ssa02	.	miRNA	ssa-mir-365-1	ssa-mir-365-1 [Source:miRBase%3BAcc:MI0026693]
ENSSSAG00000005675	ssa02	.	miRNA		
ENSSSAG00000005684	ssa12	.	lncRNA		
ENSSSAG00000005689	ssa12	.	lncRNA		
ENSSSAG00000005691	ssa12	.	pseudogene		
ENSSSAG00000005696	ssa04	.	snoRNA		
ENSSSAG00000005704	ssa04	.	snRNA	U7	U7 small nuclear RNA [Source:RFAM%3BAcc:RF00066]
ENSSSAG00000005705	ssa12	.	lncRNA		
ENSSSAG00000005713	ssa12	.	lncRNA		
ENSSSAG00000005714	ssa12	.	lncRNA		
ENSSSAG00000005726	ssa14	.	lncRNA		
ENSSSAG00000005728	ssa07	.	lncRNA		
ENSSSAG00000005730	ssa07	.	snRNA	U7	U7 small nuclear RNA [Source:RFAM%3BAcc:RF00066]
ENSSSAG00000005731	ssa04	.	snRNA	U7	U7 small nuclear RNA [Source:RFAM%3BAcc:RF00066]
ENSSSAG00000005740	ssa04	.	protein_coding	FABPI	fatty acid-binding protein%2C intestinal-like [Source:NCBI gene%3BAcc:106602733]
ENSSSAG00000005755	ssa07	.	lncRNA		
ENSSSAG00000005761	ssa12	.	rRNA	5S_rRNA	5S ribosomal RNA [Source:RFAM%3BAcc:RF00001]
ENSSSAG00000005781	ssa10	.	snoRNA		
ENSSSAG00000005786	ssa11	.	protein_coding		
ENSSSAG00000005790	ssa11	.	protein_coding		
ENSSSAG00000005809	ssa12	.	lncRNA		bromodomain-containing protein 4-like [Source:NCBI gene%3BAcc:106564157]
ENSSSAG00000005819	ssa05	.	snRNA	U7	U7 small nuclear RNA [Source:RFAM%3BAcc:RF00066]
ENSSSAG00000005829	ssa04	.	protein_coding		
ENSSSAG00000005837	ssa01	.	pseudogene		
ENSSSAG00000005856	ssa06	.	protein_coding		
ENSSSAG00000005866	ssa06	.	pseudogene		
ENSSSAG00000005873	ssa12	.	lncRNA		
ENSSSAG00000005883	ssa07	.	scaRNA		
ENSSSAG00000005887	ssa07	.	scaRNA		
ENSSSAG00000005922	ssa11	.	snoRNA		
ENSSSAG00000005925	ssa15	.	snRNA	U7	U7 small nuclear RNA [Source:RFAM%3BAcc:RF00066]
ENSSSAG00000005956	ssa12	.	lncRNA		
ENSSSAG00000005965	ssa06	.	miRNA	ssa-mir-196b-1	ssa-mir-196b-1 [Source:miRBase%3BAcc:MI0026563]
ENSSSAG00000005980	ssa06	.	protein_coding	sept9a	septin-9-like [Source:NCBI gene%3BAcc:106606602]
ENSSSAG00000005999	ssa12	.	protein_coding	nanos3	uncharacterized LOC106564277 [Source:NCBI gene%3BAcc:106564277]
ENSSSAG00000006015	ssa14	.	lncRNA		putative ferric-chelate reductase 1 [Source:NCBI gene%3BAcc:106569421]
ENSSSAG00000006019	ssa12	.	protein_coding	nanos3	nanos homolog 3 [Source:ZFIN%3BAcc:ZDB-GENE-011221-1]
ENSSSAG00000006026	ssa06	.	miRNA	ssa-mir-10a-1	ssa-mir-10a-1 [Source:miRBase%3BAcc:MI0026442]
ENSSSAG00000006032	ssa16	.	lncRNA		
ENSSSAG00000006033	ssa16	.	lncRNA		
ENSSSAG00000006036	ssa17	.	protein_coding	abi3bpb	target of Nesh-SH3-like [Source:NCBI gene%3BAcc:106575463]
ENSSSAG00000006037	ssa16	.	lncRNA		
ENSSSAG00000006040	ssa12	.	protein_coding	tekt4	tektin 4 [Source:ZFIN%3BAcc:ZDB-GENE-070410-98]
ENSSSAG00000006041	ssa16	.	lncRNA		
ENSSSAG00000006044	ssa12	.	lncRNA		
ENSSSAG00000006047	ssa06	.	protein_coding	mcm5	DNA replication licensing factor mcm5-like [Source:NCBI gene%3BAcc:106607055]
ENSSSAG00000006082	ssa16	.	protein_coding	palm1a	paralemmin-1-like [Source:NCBI gene%3BAcc:106573924]
ENSSSAG00000006086	ssa16	.	lncRNA		
ENSSSAG00000006097	ssa07	.	pseudogene		
ENSSSAG00000006120	ssa17	.	protein_coding	PARP11	poly [ADP-ribose] polymerase 11-like [Source:NCBI gene%3BAcc:106576548]
ENSSSAG00000006121	ssa16	.	lncRNA		
ENSSSAG00000006132	ssa19	.	pseudogene		
ENSSSAG00000006133	ssa20	.	lncRNA		
ENSSSAG00000006138	ssa01	.	lncRNA		
ENSSSAG00000006141	ssa13	.	protein_coding	snrnp35	small nuclear ribonucleoprotein 35 (U11/U12) [Source:NCBI gene%3BAcc:569999]
ENSSSAG00000006146	ssa20	.	miRNA	ssa-mir-219b-2	ssa-mir-219b-2 [Source:miRBase%3BAcc:MI0026623]
ENSSSAG00000006152	ssa16	.	snRNA	U2	U2 spliceosomal RNA [Source:RFAM%3BAcc:RF00004]
ENSSSAG00000006154	ssa19	.	rRNA	5_8S_rRNA	5.8S ribosomal RNA [Source:RFAM%3BAcc:RF00002]
ENSSSAG00000006170	ssa16	.	lncRNA		
ENSSSAG00000006173	ssa19	.	lncRNA		
ENSSSAG00000006177	ssa19	.	pseudogene		
ENSSSAG00000006185	ssa20	.	snRNA	U6	U6 spliceosomal RNA [Source:RFAM%3BAcc:RF00026]
ENSSSAG00000006193	ssa20	.	lncRNA		
ENSSSAG00000006205	ssa06	.	lncRNA		
ENSSSAG00000006208	ssa16	.	lncRNA		
ENSSSAG00000006215	ssa05	.	snoRNA		
ENSSSAG00000006221	ssa05	.	snoRNA		
ENSSSAG00000006249	ssa20	.	protein_coding		
ENSSSAG00000006250	ssa20	.	protein_coding		spermatid perinuclear RNA-binding protein-like [Source:NCBI gene%3BAcc:106580022]
ENSSSAG00000006252	ssa07	.	lncRNA		
ENSSSAG00000006263	ssa20	.	lncRNA		
ENSSSAG00000006291	ssa14	.	snoRNA		
ENSSSAG00000006298	ssa16	.	pseudogene		
ENSSSAG00000006300	ssa05	.	protein_coding	triob	triple functional domain protein-like [Source:NCBI gene%3BAcc:106605411]
ENSSSAG00000006313	ssa06	.	miRNA	ssa-mir-152	ssa-mir-152 [Source:miRBase%3BAcc:MI0026516]
ENSSSAG00000006338	ssa20	.	protein_coding		presenilins-associated rhomboid-like protein%2C mitochondrial [Source:NCBI gene%3BAcc:106579790]
ENSSSAG00000006350	ssa19	.	lncRNA		
ENSSSAG00000006358	ssa19	.	lncRNA		
ENSSSAG00000006362	ssa17	.	lncRNA		
ENSSSAG00000006366	ssa15	.	pseudogene		
ENSSSAG00000006379	ssa19	.	lncRNA		
ENSSSAG00000006382	ssa12	.	miRNA	ssa-mir-499a	ssa-mir-499a [Source:miRBase%3BAcc:MI0026716]
ENSSSAG00000006402	ssa14	.	protein_coding	cah12	Carbonic anhydrase 12 [Source:NCBI gene%3BAcc:100195656]
ENSSSAG00000006403	ssa11	.	lncRNA		
ENSSSAG00000006406	ssa07	.	lncRNA		
ENSSSAG00000006409	ssa07	.	protein_coding		
ENSSSAG00000006410	ssa11	.	lncRNA		uncharacterized LOC106562180 [Source:NCBI gene%3BAcc:106562180]
ENSSSAG00000006416	ssa16	.	miRNA	ssa-mir-19c-2	ssa-mir-19c-2 [Source:miRBase%3BAcc:MI0026573]
ENSSSAG00000006419	ssa16	.	miRNA	ssa-mir-20a-1	ssa-mir-20a-1 [Source:miRBase%3BAcc:MI0026601]
ENSSSAG00000006420	ssa11	.	pseudogene		
ENSSSAG00000006422	ssa16	.	miRNA	ssa-mir-19a-3	ssa-mir-19a-3 [Source:miRBase%3BAcc:MI0026570]
ENSSSAG00000006423	ssa16	.	miRNA	ssa-mir-17-3	ssa-mir-17-3 [Source:miRBase%3BAcc:MI0026533]
ENSSSAG00000006431	ssa16	.	snRNA	U2	U2 spliceosomal RNA [Source:RFAM%3BAcc:RF00004]
ENSSSAG00000006442	ssa07	.	protein_coding	PARP11	poly [ADP-ribose] polymerase 11-like [Source:NCBI gene%3BAcc:106609654]
ENSSSAG00000006457	ssa01	.	miRNA	ssa-mir-203a-2	ssa-mir-203a-2 [Source:miRBase%3BAcc:MI0026588]
ENSSSAG00000006459	ssa16	.	lncRNA		
ENSSSAG00000006460	ssa01	.	miRNA	ssa-mir-203a-2	ssa-mir-203a-2 [Source:miRBase%3BAcc:MI0026588]
ENSSSAG00000006463	ssa01	.	lncRNA		
ENSSSAG00000006465	ssa11	.	lncRNA		
ENSSSAG00000006504	ssa17	.	snRNA	U7	U7 small nuclear RNA [Source:RFAM%3BAcc:RF00066]
ENSSSAG00000006536	ssa07	.	lncRNA		
ENSSSAG00000006538	ssa17	.	protein_coding	si:dkeyp-81f3.4	A-kinase anchor protein 14-like [Source:NCBI gene%3BAcc:106576576]
ENSSSAG00000006551	ssa13	.	protein_coding	sbno1	protein strawberry notch homolog 1-like [Source:NCBI gene%3BAcc:106568285]
ENSSSAG00000006577	ssa16	.	pseudogene		
ENSSSAG00000006579	ssa04	.	pseudogene		
ENSSSAG00000006586	ssa19	.	scaRNA		
ENSSSAG00000006600	ssa19	.	pseudogene		
ENSSSAG00000006612	ssa07	.	protein_coding	CTRB	chymotrypsin B-like [Source:NCBI gene%3BAcc:106609703]
ENSSSAG00000006613	ssa01	.	lncRNA		
ENSSSAG00000006616	ssa11	.	lncRNA		
ENSSSAG00000006626	ssa14	.	snoRNA		
ENSSSAG00000006630	ssa14	.	snoRNA		
ENSSSAG00000006639	ssa14	.	snoRNA		
ENSSSAG00000006646	ssa07	.	snRNA	U4	U4 spliceosomal RNA [Source:RFAM%3BAcc:RF00015]
ENSSSAG00000006656	ssa10	.	lncRNA		
ENSSSAG00000006660	ssa07	.	protein_coding		
ENSSSAG00000006667	ssa07	.	protein_coding		
ENSSSAG00000006670	ssa01	.	miRNA	ssa-mir-203a-2	ssa-mir-203a-2 [Source:miRBase%3BAcc:MI0026588]
ENSSSAG00000006678	ssa18	.	lncRNA		
ENSSSAG00000006680	ssa18	.	protein_coding		
ENSSSAG00000006690	ssa07	.	lncRNA		
ENSSSAG00000006692	ssa07	.	lncRNA		
ENSSSAG00000006715	ssa18	.	protein_coding	mdh1ab	malate dehydrogenase%2C cytoplasmic-like [Source:NCBI gene%3BAcc:106577388]
ENSSSAG00000006738	ssa15	.	miRNA	ssa-mir-1-4	ssa-mir-1-4 [Source:miRBase%3BAcc:MI0026580]
ENSSSAG00000006742	ssa15	.	miRNA		
ENSSSAG00000006743	ssa16	.	snoRNA		
ENSSSAG00000006761	ssa12	.	lncRNA		
ENSSSAG00000006764	ssa07	.	protein_coding	apex1	DNA-(apurinic or apyrimidinic site) lyase-like [Source:NCBI gene%3BAcc:106609722]
ENSSSAG00000006787	ssa07	.	protein_coding		ras-related protein Rab-19-like [Source:NCBI gene%3BAcc:106609723]
ENSSSAG00000006794	ssa12	.	lncRNA		
ENSSSAG00000006803	ssa11	.	pseudogene		
ENSSSAG00000006808	ssa11	.	lncRNA		
ENSSSAG00000006813	ssa11	.	miRNA	ssa-mir-212a-1	ssa-mir-212a-1 [Source:miRBase%3BAcc:MI0026607]
ENSSSAG00000006814	ssa07	.	protein_coding		THAP domain-containing protein 5-like [Source:NCBI gene%3BAcc:106609728]
ENSSSAG00000006815	ssa11	.	miRNA	ssa-mir-132-1	ssa-mir-132-1 [Source:miRBase%3BAcc:MI0026475]
ENSSSAG00000006822	ssa12	.	miRNA	ssa-mir-8160-2	ssa-mir-8160-2 [Source:miRBase%3BAcc:MI0026786]
ENSSSAG00000006846	ssa01	.	lncRNA		
ENSSSAG00000006848	ssa12	.	lncRNA		
ENSSSAG00000006854	ssa06	.	lncRNA		
ENSSSAG00000006856	ssa05	.	lncRNA		
ENSSSAG00000006859	ssa06	.	lncRNA		
ENSSSAG00000006863	ssa06	.	lncRNA		
ENSSSAG00000006864	ssa10	.	protein_coding	tpm4	tropomyosin 4 [Source:NCBI gene%3BAcc:100195128]
ENSSSAG00000006910	ssa17	.	protein_coding		ubiquitin-protein ligase E3A-like [Source:NCBI gene%3BAcc:106575664]
ENSSSAG00000006924	ssa11	.	miRNA	ssa-mir-181c	ssa-mir-181c [Source:miRBase%3BAcc:MI0026542]
ENSSSAG00000006925	ssa11	.	miRNA	ssa-mir-181a-3	ssa-mir-181a-3 [Source:miRBase%3BAcc:MI0026538]
ENSSSAG00000006926	ssa11	.	rRNA	5S_rRNA	5S ribosomal RNA [Source:RFAM%3BAcc:RF00001]
ENSSSAG00000006927	ssa11	.	lncRNA		
ENSSSAG00000006938	ssa13	.	snRNA	U7	U7 small nuclear RNA [Source:RFAM%3BAcc:RF00066]
ENSSSAG00000006949	ssa14	.	miRNA	ssa-mir-722-2	ssa-mir-722-2 [Source:miRBase%3BAcc:MI0026723]
ENSSSAG00000006963	ssa11	.	lncRNA		
ENSSSAG00000006968	ssa11	.	lncRNA		
ENSSSAG00000007002	ssa01	.	lncRNA		
ENSSSAG00000007009	ssa16	.	pseudogene		
ENSSSAG00000007018	ssa02	.	protein_coding	MARF1	meiosis arrest female protein 1 homolog [Source:NCBI gene%3BAcc:106589087]
ENSSSAG00000007033	ssa19	.	protein_coding	pcdh15b	protocadherin-15-like [Source:NCBI gene%3BAcc:106579389]
ENSSSAG00000007044	ssa05	.	miRNA	ssa-mir-7a-1	ssa-mir-7a-1 [Source:miRBase%3BAcc:MI0026745]
ENSSSAG00000007060	ssa12	.	protein_coding	TFAP4	transcription factor AP-4-like [Source:NCBI gene%3BAcc:106564468]
ENSSSAG00000007062	ssa12	.	protein_coding		gamma-adducin-like [Source:NCBI gene%3BAcc:106564470]
ENSSSAG00000007075	ssa12	.	protein_coding		
ENSSSAG00000007083	ssa12	.	lncRNA		V-type proton ATPase subunit S1-like protein [Source:NCBI gene%3BAcc:106566096]
ENSSSAG00000007090	ssa12	.	protein_coding	RS23	40S ribosomal protein S23 [Source:NCBI gene%3BAcc:106566095]
ENSSSAG00000007095	ssa07	.	lncRNA		
ENSSSAG00000007097	ssa07	.	lncRNA		
ENSSSAG00000007098	ssa01	.	lncRNA		
ENSSSAG00000007103	ssa14	.	lncRNA		
ENSSSAG00000007124	ssa12	.	protein_coding	asb14	ankyrin repeat and SOCS box containing 14 [Source:NCBI gene%3BAcc:106566094]
ENSSSAG00000007126	ssa14	.	lncRNA		
ENSSSAG00000007127	ssa14	.	lncRNA		
ENSSSAG00000007129	ssa14	.	lncRNA		
ENSSSAG00000007140	ssa17	.	lncRNA		
ENSSSAG00000007149	ssa14	.	rRNA	5S_rRNA	5S ribosomal RNA [Source:RFAM%3BAcc:RF00001]
ENSSSAG00000007169	ssa12	.	protein_coding	appl1	adaptor protein%2C phosphotyrosine interacting with PH domain and leucine zipper 1 [Source:NCBI gene%3BAcc:106566093]
ENSSSAG00000007178	ssa12	.	snoRNA		
ENSSSAG00000007183	ssa10	.	protein_coding	slc1a6	excitatory amino acid transporter 1-like [Source:NCBI gene%3BAcc:106613701]
ENSSSAG00000007192	ssa02	.	protein_coding	si:ch211-243a20.3	si:ch211-243a20.3 [Source:ZFIN%3BAcc:ZDB-GENE-061207-28]
ENSSSAG00000007204	ssa05	.	lncRNA		
ENSSSAG00000007220	ssa05	.	protein_coding	epn1	epsin-1-like [Source:NCBI gene%3BAcc:106605818]
ENSSSAG00000007222	ssa16	.	snRNA	U7	U7 small nuclear RNA [Source:RFAM%3BAcc:RF00066]
ENSSSAG00000007223	ssa14	.	lncRNA		
ENSSSAG00000007263	ssa09	.	pseudogene		
ENSSSAG00000007269	ssa05	.	lncRNA		
ENSSSAG00000007273	ssa11	.	lncRNA		
ENSSSAG00000007274	ssa11	.	lncRNA		
ENSSSAG00000007277	ssa16	.	protein_coding	si:dkey-266m15.5	MOB kinase activator 2-like [Source:NCBI gene%3BAcc:106573435]
ENSSSAG00000007284	ssa09	.	lncRNA		
ENSSSAG00000007288	ssa09	.	lncRNA		
ENSSSAG00000007296	ssa09	.	lncRNA		
ENSSSAG00000007297	ssa21	.	miRNA	ssa-mir-15d	ssa-mir-15d [Source:miRBase%3BAcc:MI0026526]
ENSSSAG00000007299	ssa17	.	lncRNA		
ENSSSAG00000007300	ssa11	.	lncRNA		
ENSSSAG00000007301	ssa17	.	lncRNA		
ENSSSAG00000007305	ssa11	.	protein_coding		
ENSSSAG00000007312	ssa11	.	lncRNA		
ENSSSAG00000007334	ssa05	.	lncRNA		
ENSSSAG00000007352	ssa12	.	protein_coding	il17rd	interleukin 17 receptor D [Source:NCBI gene%3BAcc:106566090]
ENSSSAG00000007373	ssa11	.	protein_coding		
ENSSSAG00000007391	ssa12	.	lncRNA		
ENSSSAG00000007396	ssa12	.	lncRNA		
ENSSSAG00000007429	ssa13	.	lncRNA		
ENSSSAG00000007438	ssa02	.	lncRNA		
ENSSSAG00000007445	ssa14	.	snRNA		
ENSSSAG00000007464	ssa14	.	lncRNA		
ENSSSAG00000007480	ssa07	.	lncRNA		
ENSSSAG00000007481	ssa07	.	lncRNA		
ENSSSAG00000007484	ssa12	.	protein_coding	arhgef3	Rho guanine nucleotide exchange factor 3 [Source:NCBI gene%3BAcc:106566089]
ENSSSAG00000007505	ssa20	.	scaRNA		
ENSSSAG00000007507	ssa20	.	scaRNA		
ENSSSAG00000007508	ssa20	.	scaRNA		
ENSSSAG00000007513	ssa15	.	lncRNA		
ENSSSAG00000007520	ssa16	.	snoRNA		
ENSSSAG00000007521	ssa16	.	snoRNA	SNORD58	Small nucleolar RNA SNORD58 [Source:RFAM%3BAcc:RF00151]
ENSSSAG00000007525	ssa01	.	lncRNA		
ENSSSAG00000007538	ssa12	.	protein_coding		protein FAM208A-like [Source:NCBI gene%3BAcc:106566086]
ENSSSAG00000007555	ssa12	.	protein_coding	ccdc66	coiled-coil domain containing 66 [Source:NCBI gene%3BAcc:106566087]
ENSSSAG00000007569	ssa12	.	protein_coding		
ENSSSAG00000007571	ssa12	.	protein_coding		zinc finger protein 22-like [Source:NCBI gene%3BAcc:106566084]
ENSSSAG00000007572	ssa16	.	lncRNA		
ENSSSAG00000007579	ssa12	.	protein_coding	adora1a	adenosine receptor A1-like [Source:NCBI gene%3BAcc:106566082]
ENSSSAG00000007580	ssa01	.	snoRNA	SNORD58	Small nucleolar RNA SNORD58 [Source:RFAM%3BAcc:RF00151]
ENSSSAG00000007582	ssa01	.	snoRNA	SNORD58	Small nucleolar RNA SNORD58 [Source:RFAM%3BAcc:RF00151]
ENSSSAG00000007586	ssa01	.	snoRNA	SNORD58	Small nucleolar RNA SNORD58 [Source:RFAM%3BAcc:RF00151]
ENSSSAG00000007606	ssa11	.	lncRNA		
ENSSSAG00000007609	ssa06	.	pseudogene		
ENSSSAG00000007610	ssa16	.	lncRNA		
ENSSSAG00000007611	ssa16	.	lncRNA		
ENSSSAG00000007617	ssa02	.	protein_coding	trpv6	transient receptor potential cation channel subfamily V member 6-like [Source:NCBI gene%3BAcc:106576839]
ENSSSAG00000007624	ssa16	.	processed_pseudogene		
ENSSSAG00000007649	ssa21	.	lncRNA		
ENSSSAG00000007652	ssa21	.	lncRNA		
ENSSSAG00000007655	ssa21	.	lncRNA		
ENSSSAG00000007673	ssa06	.	pseudogene		spectrin repeat containing nuclear envelope protein 1 [Source:NCBI gene%3BAcc:106608010]
ENSSSAG00000007678	ssa01	.	pseudogene		
ENSSSAG00000007684	ssa05	.	lncRNA		
ENSSSAG00000007688	ssa09	.	lncRNA		
ENSSSAG00000007696	ssa11	.	snoRNA		
ENSSSAG00000007698	ssa11	.	lncRNA		
ENSSSAG00000007700	ssa11	.	lncRNA		
ENSSSAG00000007702	ssa02	.	lncRNA		
ENSSSAG00000007703	ssa20	.	lncRNA		
ENSSSAG00000007706	ssa20	.	snRNA	U7	U7 small nuclear RNA [Source:RFAM%3BAcc:RF00066]
ENSSSAG00000007729	ssa11	.	snRNA	U5	U5 spliceosomal RNA [Source:RFAM%3BAcc:RF00020]
ENSSSAG00000007749	ssa07	.	snoRNA		
ENSSSAG00000007751	ssa11	.	protein_coding		
ENSSSAG00000007757	ssa07	.	protein_coding		
ENSSSAG00000007759	ssa07	.	lncRNA		
ENSSSAG00000007764	ssa07	.	lncRNA		
ENSSSAG00000007768	ssa06	.	lncRNA		
ENSSSAG00000007771	ssa16	.	lncRNA		
ENSSSAG00000007821	ssa06	.	lncRNA		
ENSSSAG00000007832	ssa17	.	lncRNA		
ENSSSAG00000007835	ssa06	.	protein_coding		40S ribosomal protein S2-like [Source:NCBI gene%3BAcc:106606628]
ENSSSAG00000007840	ssa06	.	snoRNA		
ENSSSAG00000007862	ssa16	.	snoRNA		
ENSSSAG00000007863	ssa09	.	lncRNA		
ENSSSAG00000007865	ssa18	.	lncRNA		
ENSSSAG00000007871	ssa12	.	protein_coding		suppressor of cytokine signaling 1-like [Source:NCBI gene%3BAcc:106563996]
ENSSSAG00000007874	ssa17	.	lncRNA		
ENSSSAG00000007876	ssa17	.	lncRNA		
ENSSSAG00000007900	ssa11	.	lncRNA		
ENSSSAG00000007936	ssa16	.	lncRNA		
ENSSSAG00000007942	ssa09	.	pseudogene		
ENSSSAG00000007962	ssa06	.	miRNA	ssa-mir-203a-1	ssa-mir-203a-1 [Source:miRBase%3BAcc:MI0026587]
ENSSSAG00000007965	ssa05	.	protein_coding		40S ribosomal protein S27-like [Source:NCBI gene%3BAcc:106605923]
ENSSSAG00000007972	ssa02	.	snRNA	U7	U7 small nuclear RNA [Source:RFAM%3BAcc:RF00066]
ENSSSAG00000007983	ssa16	.	lncRNA		
ENSSSAG00000007994	ssa05	.	snoRNA		
ENSSSAG00000007996	ssa05	.	snoRNA		
ENSSSAG00000007998	ssa06	.	pseudogene		
ENSSSAG00000008010	ssa12	.	lncRNA		uncharacterized LOC106565227 [Source:NCBI gene%3BAcc:106565227]
ENSSSAG00000008011	ssa16	.	processed_pseudogene		
ENSSSAG00000008014	ssa09	.	lncRNA		
ENSSSAG00000008021	ssa16	.	lncRNA		
ENSSSAG00000008024	ssa16	.	lncRNA		
ENSSSAG00000008026	ssa16	.	lncRNA		
ENSSSAG00000008029	ssa06	.	lncRNA		
ENSSSAG00000008030	ssa07	.	lncRNA		
ENSSSAG00000008038	ssa21	.	lncRNA		
ENSSSAG00000008046	ssa13	.	snoRNA		
ENSSSAG00000008051	ssa06	.	lncRNA		
ENSSSAG00000008060	ssa17	.	rRNA	5_8S_rRNA	5.8S ribosomal RNA [Source:RFAM%3BAcc:RF00002]
ENSSSAG00000008063	ssa06	.	lncRNA		
ENSSSAG00000008064	ssa16	.	lncRNA		
ENSSSAG00000008069	ssa21	.	snRNA	U1	U1 spliceosomal RNA [Source:RFAM%3BAcc:RF00003]
ENSSSAG00000008089	ssa09	.	lncRNA		
ENSSSAG00000008091	ssa07	.	pseudogene		
ENSSSAG00000008106	ssa09	.	lncRNA		
ENSSSAG00000008112	ssa17	.	snoRNA		
ENSSSAG00000008115	ssa17	.	snoRNA		
ENSSSAG00000008117	ssa17	.	snRNA	U2	U2 spliceosomal RNA [Source:RFAM%3BAcc:RF00004]
ENSSSAG00000008126	ssa05	.	lncRNA		
ENSSSAG00000008127	ssa05	.	lncRNA		
ENSSSAG00000008129	ssa05	.	lncRNA		uncharacterized LOC106605928 [Source:NCBI gene%3BAcc:106605928]
ENSSSAG00000008134	ssa05	.	lncRNA		
ENSSSAG00000008136	ssa05	.	lncRNA		
ENSSSAG00000008174	ssa12	.	lncRNA		
ENSSSAG00000008195	ssa17	.	lncRNA		
ENSSSAG00000008213	ssa17	.	miRNA	ssa-let-7b-1	ssa-let-7b-1 [Source:miRBase%3BAcc:MI0026752]
ENSSSAG00000008214	ssa06	.	lncRNA		
ENSSSAG00000008221	ssa13	.	miRNA	ssa-mir-130b-2	ssa-mir-130b-2 [Source:miRBase%3BAcc:MI0026471]
ENSSSAG00000008224	ssa13	.	miRNA	ssa-mir-301d	ssa-mir-301d [Source:miRBase%3BAcc:MI0026673]
ENSSSAG00000008228	ssa19	.	lncRNA		
ENSSSAG00000008232	ssa06	.	snoRNA		
ENSSSAG00000008237	ssa20	.	lncRNA		
ENSSSAG00000008238	ssa14	.	lncRNA		
ENSSSAG00000008241	ssa20	.	lncRNA		
ENSSSAG00000008242	ssa20	.	lncRNA		
ENSSSAG00000008272	ssa10	.	lncRNA		
ENSSSAG00000008281	ssa06	.	snoRNA		
ENSSSAG00000008308	ssa12	.	protein_coding		
ENSSSAG00000008317	ssa17	.	lncRNA		
ENSSSAG00000008322	ssa07	.	snoRNA		
ENSSSAG00000008324	ssa07	.	snoRNA		
ENSSSAG00000008325	ssa02	.	protein_coding	josd2	Josephin domain containing 2 [Source:ZFIN%3BAcc:ZDB-GENE-040426-850]
ENSSSAG00000008327	ssa07	.	snoRNA		
ENSSSAG00000008337	ssa12	.	pseudogene		alpha-2-macroglobulin-like [Source:NCBI gene%3BAcc:106564321]
ENSSSAG00000008340	ssa02	.	pseudogene		
ENSSSAG00000008355	ssa17	.	lncRNA		
ENSSSAG00000008365	ssa20	.	lncRNA		
ENSSSAG00000008367	ssa20	.	lncRNA		
ENSSSAG00000008373	ssa12	.	protein_coding		neuronal pentraxin receptor-like [Source:NCBI gene%3BAcc:106564333]
ENSSSAG00000008376	ssa06	.	snRNA	U7	U7 small nuclear RNA [Source:RFAM%3BAcc:RF00066]
ENSSSAG00000008400	ssa09	.	snRNA	U7	U7 small nuclear RNA [Source:RFAM%3BAcc:RF00066]
ENSSSAG00000008401	ssa09	.	lncRNA		
ENSSSAG00000008403	ssa09	.	miRNA	ssa-mir-203a-2	ssa-mir-203a-2 [Source:miRBase%3BAcc:MI0026588]
ENSSSAG00000008404	ssa12	.	protein_coding	DNAL4	dynein light chain 4%2C axonemal [Source:NCBI gene%3BAcc:106564334]
ENSSSAG00000008431	ssa06	.	lncRNA		
ENSSSAG00000008432	ssa17	.	lncRNA		
ENSSSAG00000008437	ssa06	.	snRNA	U7	U7 small nuclear RNA [Source:RFAM%3BAcc:RF00066]
ENSSSAG00000008449	ssa14	.	lncRNA		
ENSSSAG00000008458	ssa06	.	snoRNA	SNORA71	Small nucleolar RNA SNORA71 [Source:RFAM%3BAcc:RF00056]
ENSSSAG00000008463	ssa06	.	protein_coding	ndufb10	NADH dehydrogenase [ubiquinone] 1 beta subcomplex subunit 10-like [Source:NCBI gene%3BAcc:106606642]
ENSSSAG00000008469	ssa06	.	protein_coding	RNF151	RING finger protein 151-like [Source:NCBI gene%3BAcc:106606643]
ENSSSAG00000008476	ssa09	.	snoRNA		
ENSSSAG00000008478	ssa09	.	snoRNA		
ENSSSAG00000008480	ssa09	.	snoRNA		
ENSSSAG00000008481	ssa06	.	snoRNA		
ENSSSAG00000008502	ssa01	.	miRNA		microRNA 124-3 [Source:HGNC Symbol%3BAcc:HGNC:31504]
ENSSSAG00000008506	ssa10	.	lncRNA		
ENSSSAG00000008510	ssa06	.	protein_coding		60S ribosomal protein L3-like [Source:NCBI gene%3BAcc:106606644]
ENSSSAG00000008516	ssa08	.	lncRNA		
ENSSSAG00000008529	ssa06	.	lncRNA		
ENSSSAG00000008531	ssa06	.	lncRNA		
ENSSSAG00000008537	ssa06	.	snoRNA	SNORD22	Small nucleolar RNA SNORD22 [Source:RFAM%3BAcc:RF00099]
ENSSSAG00000008538	ssa06	.	snoRNA	SNORD31	Small nucleolar RNA SNORD31 [Source:RFAM%3BAcc:RF00089]
ENSSSAG00000008540	ssa06	.	snoRNA	SNORD22	Small nucleolar RNA SNORD22 [Source:RFAM%3BAcc:RF00099]
ENSSSAG00000008542	ssa06	.	snoRNA	SNORD30	Small nucleolar RNA SNORD30 [Source:RFAM%3BAcc:RF00088]
ENSSSAG00000008549	ssa06	.	snoRNA	SNORD31	Small nucleolar RNA SNORD31 [Source:RFAM%3BAcc:RF00089]
ENSSSAG00000008573	ssa01	.	lncRNA		
ENSSSAG00000008608	ssa17	.	protein_coding	gas2l3	GAS2-like protein 3 [Source:NCBI gene%3BAcc:106576413]
ENSSSAG00000008613	ssa08	.	lncRNA		
ENSSSAG00000008633	ssa01	.	lncRNA		
ENSSSAG00000008635	ssa23	.	snoRNA	SNORD16	Small nucleolar RNA SNORD16 [Source:RFAM%3BAcc:RF00138]
ENSSSAG00000008638	ssa23	.	snoRNA	SNORD18	Small nucleolar RNA SNORD18 [Source:RFAM%3BAcc:RF00093]
ENSSSAG00000008641	ssa23	.	snoRNA	SNORD16	Small nucleolar RNA SNORD16 [Source:RFAM%3BAcc:RF00138]
ENSSSAG00000008642	ssa01	.	lncRNA		
ENSSSAG00000008643	ssa01	.	lncRNA		
ENSSSAG00000008646	ssa23	.	snoRNA	SNORD16	Small nucleolar RNA SNORD16 [Source:RFAM%3BAcc:RF00138]
ENSSSAG00000008649	ssa23	.	snoRNA	SNORD18	Small nucleolar RNA SNORD18 [Source:RFAM%3BAcc:RF00093]
ENSSSAG00000008651	ssa23	.	snoRNA	SNORD18	Small nucleolar RNA SNORD18 [Source:RFAM%3BAcc:RF00093]
ENSSSAG00000008653	ssa23	.	snoRNA	SNORD18	Small nucleolar RNA SNORD18 [Source:RFAM%3BAcc:RF00093]
ENSSSAG00000008655	ssa23	.	snoRNA	U3	Small nucleolar RNA U3 [Source:RFAM%3BAcc:RF00012]
ENSSSAG00000008662	ssa23	.	snoRNA		
ENSSSAG00000008663	ssa22	.	lncRNA		
ENSSSAG00000008664	ssa23	.	snoRNA	U3	Small nucleolar RNA U3 [Source:RFAM%3BAcc:RF00012]
ENSSSAG00000008667	ssa23	.	snoRNA		
ENSSSAG00000008669	ssa23	.	snoRNA	U3	Small nucleolar RNA U3 [Source:RFAM%3BAcc:RF00012]
ENSSSAG00000008670	ssa23	.	snoRNA		
ENSSSAG00000008673	ssa23	.	snoRNA	U3	Small nucleolar RNA U3 [Source:RFAM%3BAcc:RF00012]
ENSSSAG00000008677	ssa23	.	snoRNA		
ENSSSAG00000008680	ssa23	.	snoRNA	U3	Small nucleolar RNA U3 [Source:RFAM%3BAcc:RF00012]
ENSSSAG00000008681	ssa23	.	snoRNA		
ENSSSAG00000008682	ssa23	.	snoRNA	U3	Small nucleolar RNA U3 [Source:RFAM%3BAcc:RF00012]
ENSSSAG00000008689	ssa23	.	snoRNA		
ENSSSAG00000008691	ssa23	.	snoRNA	U3	Small nucleolar RNA U3 [Source:RFAM%3BAcc:RF00012]
ENSSSAG00000008694	ssa23	.	snoRNA		
ENSSSAG00000008696	ssa23	.	snoRNA	U3	Small nucleolar RNA U3 [Source:RFAM%3BAcc:RF00012]
ENSSSAG00000008700	ssa23	.	snoRNA		
ENSSSAG00000008708	ssa23	.	snoRNA	U3	Small nucleolar RNA U3 [Source:RFAM%3BAcc:RF00012]
ENSSSAG00000008709	ssa09	.	pseudogene		
ENSSSAG00000008710	ssa23	.	snoRNA		
ENSSSAG00000008714	ssa23	.	snoRNA	U3	Small nucleolar RNA U3 [Source:RFAM%3BAcc:RF00012]
ENSSSAG00000008715	ssa23	.	snoRNA		
ENSSSAG00000008717	ssa23	.	snoRNA	U3	Small nucleolar RNA U3 [Source:RFAM%3BAcc:RF00012]
ENSSSAG00000008719	ssa23	.	snoRNA	U3	Small nucleolar RNA U3 [Source:RFAM%3BAcc:RF00012]
ENSSSAG00000008722	ssa03	.	protein_coding		
ENSSSAG00000008723	ssa25	.	snRNA	U2	U2 spliceosomal RNA [Source:RFAM%3BAcc:RF00004]
ENSSSAG00000008724	ssa23	.	snoRNA		
ENSSSAG00000008726	ssa23	.	snoRNA		
ENSSSAG00000008728	ssa23	.	snoRNA		
ENSSSAG00000008730	ssa25	.	snRNA	U5	U5 spliceosomal RNA [Source:RFAM%3BAcc:RF00020]
ENSSSAG00000008732	ssa23	.	snoRNA	U3	Small nucleolar RNA U3 [Source:RFAM%3BAcc:RF00012]
ENSSSAG00000008735	ssa23	.	snoRNA		
ENSSSAG00000008737	ssa23	.	snoRNA	U3	Small nucleolar RNA U3 [Source:RFAM%3BAcc:RF00012]
ENSSSAG00000008739	ssa23	.	snoRNA		
ENSSSAG00000008744	ssa23	.	snoRNA	U3	Small nucleolar RNA U3 [Source:RFAM%3BAcc:RF00012]
ENSSSAG00000008767	ssa23	.	lncRNA		
ENSSSAG00000008775	ssa11	.	lncRNA		
ENSSSAG00000008788	ssa23	.	lncRNA		
ENSSSAG00000008789	ssa07	.	lncRNA		
ENSSSAG00000008795	ssa24	.	snoRNA		
ENSSSAG00000008803	ssa25	.	snRNA	U2	U2 spliceosomal RNA [Source:RFAM%3BAcc:RF00004]
ENSSSAG00000008805	ssa25	.	snRNA	U5	U5 spliceosomal RNA [Source:RFAM%3BAcc:RF00020]
ENSSSAG00000008810	ssa25	.	snRNA	U2	U2 spliceosomal RNA [Source:RFAM%3BAcc:RF00004]
ENSSSAG00000008814	ssa25	.	snRNA	U5	U5 spliceosomal RNA [Source:RFAM%3BAcc:RF00020]
ENSSSAG00000008836	ssa13	.	lncRNA		
ENSSSAG00000008847	ssa22	.	lncRNA		
ENSSSAG00000008857	ssa29	.	lncRNA		
ENSSSAG00000008861	ssa16	.	processed_pseudogene		
ENSSSAG00000008862	ssa28	.	snRNA	U5	U5 spliceosomal RNA [Source:RFAM%3BAcc:RF00020]
ENSSSAG00000008867	ssa28	.	snRNA	U2	U2 spliceosomal RNA [Source:RFAM%3BAcc:RF00004]
ENSSSAG00000008871	ssa09	.	lncRNA		
ENSSSAG00000008874	ssa28	.	snRNA	U5	U5 spliceosomal RNA [Source:RFAM%3BAcc:RF00020]
ENSSSAG00000008881	ssa22	.	protein_coding		
ENSSSAG00000008882	ssa28	.	snRNA	U5	U5 spliceosomal RNA [Source:RFAM%3BAcc:RF00020]
ENSSSAG00000008884	ssa28	.	snRNA	U2	U2 spliceosomal RNA [Source:RFAM%3BAcc:RF00004]
ENSSSAG00000008887	ssa28	.	snRNA	U2	U2 spliceosomal RNA [Source:RFAM%3BAcc:RF00004]
ENSSSAG00000008892	ssa28	.	snRNA	U2	U2 spliceosomal RNA [Source:RFAM%3BAcc:RF00004]
ENSSSAG00000008893	ssa28	.	snRNA	U5	U5 spliceosomal RNA [Source:RFAM%3BAcc:RF00020]
ENSSSAG00000008895	ssa28	.	snRNA	U2	U2 spliceosomal RNA [Source:RFAM%3BAcc:RF00004]
ENSSSAG00000008897	ssa28	.	snRNA	U2	U2 spliceosomal RNA [Source:RFAM%3BAcc:RF00004]
ENSSSAG00000008900	AGKD04018092.1	.	miRNA	ssa-mir-459	ssa-mir-459 [Source:miRBase%3BAcc:MI0026709]
ENSSSAG00000008901	ssa28	.	snRNA	U5	U5 spliceosomal RNA [Source:RFAM%3BAcc:RF00020]
ENSSSAG00000008902	ssa23	.	lncRNA		
ENSSSAG00000008906	ssa28	.	snRNA	U5	U5 spliceosomal RNA [Source:RFAM%3BAcc:RF00020]
ENSSSAG00000008907	ssa23	.	lncRNA		
ENSSSAG00000008908	ssa26	.	protein_coding	CART	cocaine- and amphetamine-regulated transcript protein-like [Source:NCBI gene%3BAcc:106587806]
ENSSSAG00000008909	ssa28	.	snRNA	U5	U5 spliceosomal RNA [Source:RFAM%3BAcc:RF00020]
ENSSSAG00000008912	ssa28	.	snRNA	U2	U2 spliceosomal RNA [Source:RFAM%3BAcc:RF00004]
ENSSSAG00000008914	ssa29	.	lncRNA		
ENSSSAG00000008918	ssa28	.	snRNA	U5	U5 spliceosomal RNA [Source:RFAM%3BAcc:RF00020]
ENSSSAG00000008925	ssa28	.	snRNA	U5	U5 spliceosomal RNA [Source:RFAM%3BAcc:RF00020]
ENSSSAG00000008928	ssa09	.	protein_coding	atxn3	ataxin-3-like [Source:NCBI gene%3BAcc:106611010]
ENSSSAG00000008929	ssa28	.	snRNA	U2	U2 spliceosomal RNA [Source:RFAM%3BAcc:RF00004]
ENSSSAG00000008931	ssa25	.	lncRNA		
ENSSSAG00000008936	ssa28	.	snRNA	U5	U5 spliceosomal RNA [Source:RFAM%3BAcc:RF00020]
ENSSSAG00000008939	ssa28	.	snRNA	U2	U2 spliceosomal RNA [Source:RFAM%3BAcc:RF00004]
ENSSSAG00000008948	ssa28	.	snRNA	U2	U2 spliceosomal RNA [Source:RFAM%3BAcc:RF00004]
ENSSSAG00000008950	AGKD04010572.1	.	snRNA	U5	U5 spliceosomal RNA [Source:RFAM%3BAcc:RF00020]
ENSSSAG00000008954	ssa28	.	snRNA	U2	U2 spliceosomal RNA [Source:RFAM%3BAcc:RF00004]
ENSSSAG00000008960	AGKD04010572.1	.	snRNA	U2	U2 spliceosomal RNA [Source:RFAM%3BAcc:RF00004]
ENSSSAG00000008961	ssa01	.	snoRNA	SNORD33	Small nucleolar RNA Z195/SNORD33/SNORD32 family [Source:RFAM%3BAcc:RF00133]
ENSSSAG00000008963	ssa28	.	snRNA	U5	U5 spliceosomal RNA [Source:RFAM%3BAcc:RF00020]
ENSSSAG00000008966	ssa01	.	snoRNA		
ENSSSAG00000008968	ssa28	.	snRNA	U2	U2 spliceosomal RNA [Source:RFAM%3BAcc:RF00004]
ENSSSAG00000008969	ssa01	.	snoRNA	SNORD33	Small nucleolar RNA Z195/SNORD33/SNORD32 family [Source:RFAM%3BAcc:RF00133]
ENSSSAG00000008973	ssa28	.	snRNA	U2	U2 spliceosomal RNA [Source:RFAM%3BAcc:RF00004]
ENSSSAG00000008977	ssa28	.	snRNA	U5	U5 spliceosomal RNA [Source:RFAM%3BAcc:RF00020]
ENSSSAG00000008980	AGKD04014973.1	.	snRNA	U5	U5 spliceosomal RNA [Source:RFAM%3BAcc:RF00020]
ENSSSAG00000008981	ssa28	.	snRNA	U2	U2 spliceosomal RNA [Source:RFAM%3BAcc:RF00004]
ENSSSAG00000008982	AGKD04014655.1	.	snRNA	U1	U1 spliceosomal RNA [Source:RFAM%3BAcc:RF00003]
ENSSSAG00000008989	AGKD04014973.1	.	snRNA	U2	U2 spliceosomal RNA [Source:RFAM%3BAcc:RF00004]
ENSSSAG00000008990	ssa28	.	snRNA	U5	U5 spliceosomal RNA [Source:RFAM%3BAcc:RF00020]
ENSSSAG00000008994	ssa28	.	snRNA	U2	U2 spliceosomal RNA [Source:RFAM%3BAcc:RF00004]
ENSSSAG00000008996	AGKD04014980.1	.	pseudogene		
ENSSSAG00000008997	AGKD04014701.1	.	protein_coding		
ENSSSAG00000008999	ssa28	.	snRNA	U5	U5 spliceosomal RNA [Source:RFAM%3BAcc:RF00020]
ENSSSAG00000009003	ssa28	.	snRNA	U5	U5 spliceosomal RNA [Source:RFAM%3BAcc:RF00020]
ENSSSAG00000009007	ssa28	.	snRNA	U2	U2 spliceosomal RNA [Source:RFAM%3BAcc:RF00004]
ENSSSAG00000009009	AGKD04014754.1	.	snRNA	U2	U2 spliceosomal RNA [Source:RFAM%3BAcc:RF00004]
ENSSSAG00000009011	ssa09	.	snoRNA		
ENSSSAG00000009013	ssa26	.	lncRNA		
ENSSSAG00000009017	AGKD04014754.1	.	snRNA	U5	U5 spliceosomal RNA [Source:RFAM%3BAcc:RF00020]
ENSSSAG00000009021	ssa28	.	snRNA	U5	U5 spliceosomal RNA [Source:RFAM%3BAcc:RF00020]
ENSSSAG00000009024	AGKD04014754.1	.	snRNA	U2	U2 spliceosomal RNA [Source:RFAM%3BAcc:RF00004]
ENSSSAG00000009027	ssa28	.	snRNA	U2	U2 spliceosomal RNA [Source:RFAM%3BAcc:RF00004]
ENSSSAG00000009029	ssa28	.	snRNA	U2	U2 spliceosomal RNA [Source:RFAM%3BAcc:RF00004]
ENSSSAG00000009030	AGKD04014763.1	.	processed_pseudogene		
ENSSSAG00000009032	ssa23	.	lncRNA		
ENSSSAG00000009037	ssa28	.	snRNA	U5	U5 spliceosomal RNA [Source:RFAM%3BAcc:RF00020]
ENSSSAG00000009038	ssa23	.	lncRNA		
ENSSSAG00000009043	ssa28	.	snRNA	U2	U2 spliceosomal RNA [Source:RFAM%3BAcc:RF00004]
ENSSSAG00000009049	ssa28	.	snRNA	U5	U5 spliceosomal RNA [Source:RFAM%3BAcc:RF00020]
ENSSSAG00000009050	ssa26	.	protein_coding	slc1a2a	excitatory amino acid transporter 2-like [Source:NCBI gene%3BAcc:106587903]
ENSSSAG00000009099	AGKD04010611.1	.	processed_pseudogene		
ENSSSAG00000009107	ssa16	.	protein_coding	bin1b	bridging integrator 1b [Source:ZFIN%3BAcc:ZDB-GENE-030425-1]
ENSSSAG00000009114	AGKD04010716.1	.	protein_coding		
ENSSSAG00000009122	AGKD04010716.1	.	pseudogene		
ENSSSAG00000009123	ssa23	.	snoRNA		
ENSSSAG00000009127	ssa28	.	lncRNA		
ENSSSAG00000009130	ssa28	.	lncRNA		
ENSSSAG00000009131	ssa28	.	lncRNA		
ENSSSAG00000009133	ssa06	.	protein_coding	junbb	transcription factor jun-B-like [Source:NCBI gene%3BAcc:106607037]
ENSSSAG00000009154	ssa10	.	miRNA	ssa-let-7a-3	ssa-let-7a-3 [Source:miRBase%3BAcc:MI0026741]
ENSSSAG00000009158	ssa23	.	lncRNA		
ENSSSAG00000009164	ssa23	.	lncRNA		
ENSSSAG00000009167	AGKD04015550.1	.	protein_coding	TNNT3	troponin T3%2C fast skeletal type [Source:HGNC Symbol%3BAcc:HGNC:11950]
ENSSSAG00000009169	ssa09	.	lncRNA		coiled-coil domain-containing protein 42 homolog [Source:NCBI gene%3BAcc:106611005]
ENSSSAG00000009176	AGKD04014985.1	.	lncRNA		
ENSSSAG00000009182	AGKD04014985.1	.	lncRNA		
ENSSSAG00000009200	ssa26	.	pseudogene		
ENSSSAG00000009219	ssa20	.	lncRNA		
ENSSSAG00000009234	AGKD04015819.1	.	protein_coding		
ENSSSAG00000009239	ssa16	.	miRNA	ssa-mir-153a-2	ssa-mir-153a-2 [Source:miRBase%3BAcc:MI0026518]
ENSSSAG00000009242	ssa16	.	protein_coding		
ENSSSAG00000009246	ssa16	.	snRNA	U2	U2 spliceosomal RNA [Source:RFAM%3BAcc:RF00004]
ENSSSAG00000009248	ssa16	.	snRNA	U2	U2 spliceosomal RNA [Source:RFAM%3BAcc:RF00004]
ENSSSAG00000009252	ssa16	.	protein_coding		indian hedgehog protein-like [Source:NCBI gene%3BAcc:106573971]
ENSSSAG00000009259	ssa26	.	snoRNA		
ENSSSAG00000009272	ssa28	.	lncRNA		
ENSSSAG00000009274	ssa28	.	lncRNA		
ENSSSAG00000009286	ssa10	.	snoRNA	SNORA70	Small nucleolar RNA SNORA70 [Source:RFAM%3BAcc:RF00156]
ENSSSAG00000009288	ssa07	.	protein_coding		RAD50-interacting protein 1-like [Source:NCBI gene%3BAcc:106609752]
ENSSSAG00000009296	AGKD04015572.1	.	protein_coding		cytolysin Src-1-like [Source:NCBI gene%3BAcc:106592306]
ENSSSAG00000009297	ssa10	.	snRNA	U2	U2 spliceosomal RNA [Source:RFAM%3BAcc:RF00004]
ENSSSAG00000009301	ssa16	.	snoRNA		
ENSSSAG00000009304	ssa16	.	snoRNA	SNORD82	Small nucleolar RNA SNORD82 [Source:RFAM%3BAcc:RF00158]
ENSSSAG00000009310	ssa16	.	snoRNA	SNORD82	Small nucleolar RNA SNORD82 [Source:RFAM%3BAcc:RF00158]
ENSSSAG00000009312	ssa16	.	snoRNA		
ENSSSAG00000009315	ssa16	.	snoRNA	SNORA75	Small nucleolar RNA SNORA75 [Source:RFAM%3BAcc:RF00072]
ENSSSAG00000009317	ssa16	.	snoRNA	SNORA75	Small nucleolar RNA SNORA75 [Source:RFAM%3BAcc:RF00072]
ENSSSAG00000009318	ssa16	.	snoRNA		
ENSSSAG00000009324	ssa16	.	snoRNA	SNORD82	Small nucleolar RNA SNORD82 [Source:RFAM%3BAcc:RF00158]
ENSSSAG00000009325	ssa16	.	snoRNA		
ENSSSAG00000009348	ssa11	.	lncRNA		
ENSSSAG00000009358	ssa01	.	lncRNA		
ENSSSAG00000009362	ssa01	.	lncRNA		
ENSSSAG00000009366	ssa01	.	lncRNA		
ENSSSAG00000009367	ssa12	.	lncRNA		
ENSSSAG00000009371	ssa26	.	protein_coding	c1qtnf4	C1q and TNF related 4 [Source:NCBI gene%3BAcc:100196709]
ENSSSAG00000009373	ssa12	.	snRNA	U7	U7 small nuclear RNA [Source:RFAM%3BAcc:RF00066]
ENSSSAG00000009374	ssa14	.	protein_coding	smim13	small integral membrane protein 13-like [Source:NCBI gene%3BAcc:106570364]
ENSSSAG00000009378	ssa26	.	lncRNA		
ENSSSAG00000009383	ssa28	.	lncRNA		
ENSSSAG00000009389	ssa12	.	protein_coding		germ cell-specific gene 1-like protein [Source:NCBI gene%3BAcc:106564598]
ENSSSAG00000009396	ssa14	.	miRNA	ssa-mir-30e-2	ssa-mir-30e-2 [Source:miRBase%3BAcc:MI0026684]
ENSSSAG00000009431	ssa01	.	lncRNA		
ENSSSAG00000009433	AGKD04014998.1	.	lncRNA		
ENSSSAG00000009475	ssa01	.	pseudogene		
ENSSSAG00000009496	ssa11	.	lncRNA		
ENSSSAG00000009510	ssa11	.	lncRNA		
ENSSSAG00000009518	ssa12	.	lncRNA		
ENSSSAG00000009530	AGKD04010843.1	.	lncRNA		
ENSSSAG00000009532	ssa13	.	snRNA	U2	U2 spliceosomal RNA [Source:RFAM%3BAcc:RF00004]
ENSSSAG00000009536	ssa20	.	lncRNA		
ENSSSAG00000009540	ssa20	.	lncRNA		
ENSSSAG00000009544	ssa20	.	lncRNA		
ENSSSAG00000009548	ssa24	.	lncRNA		
ENSSSAG00000009551	ssa13	.	protein_coding	rnf114	E3 ubiquitin-protein ligase RNF114-like [Source:NCBI gene%3BAcc:106566575]
ENSSSAG00000009559	ssa13	.	protein_coding	spata2	spermatogenesis-associated protein 2-like [Source:NCBI gene%3BAcc:106566574]
ENSSSAG00000009570	ssa11	.	lncRNA		
ENSSSAG00000009574	ssa03	.	lncRNA		
ENSSSAG00000009575	ssa11	.	lncRNA		
ENSSSAG00000009580	AGKD04015026.1	.	protein_coding		
ENSSSAG00000009581	ssa20	.	miRNA	ssa-mir-455	ssa-mir-455 [Source:miRBase%3BAcc:MI0026705]
ENSSSAG00000009599	ssa27	.	lncRNA		
ENSSSAG00000009611	AGKD04010850.1	.	snRNA	U6	U6 spliceosomal RNA [Source:RFAM%3BAcc:RF00026]
ENSSSAG00000009615	AGKD04010850.1	.	snRNA	U6	U6 spliceosomal RNA [Source:RFAM%3BAcc:RF00026]
ENSSSAG00000009618	AGKD04010851.1	.	pseudogene		
ENSSSAG00000009620	ssa06	.	lncRNA		
ENSSSAG00000009621	ssa06	.	lncRNA		
ENSSSAG00000009622	ssa11	.	protein_coding	skor1a	SKI family transcriptional corepressor 1 homolog-B-like [Source:NCBI gene%3BAcc:106562672]
ENSSSAG00000009641	ssa11	.	lncRNA		
ENSSSAG00000009658	ssa11	.	lncRNA		
ENSSSAG00000009693	ssa07	.	protein_coding	nap1l1	nucleosome assembly protein 1-like 1-A [Source:NCBI gene%3BAcc:106609764]
ENSSSAG00000009702	ssa14	.	pseudogene		
ENSSSAG00000009721	ssa14	.	lncRNA		
ENSSSAG00000009726	AGKD04018102.1	.	protein_coding	cf191	CF191 protein [Source:NCBI gene%3BAcc:100286584]
ENSSSAG00000009750	ssa12	.	snRNA	U7	U7 small nuclear RNA [Source:RFAM%3BAcc:RF00066]
ENSSSAG00000009751	ssa11	.	lncRNA		
ENSSSAG00000009762	ssa12	.	snRNA	U1	U1 spliceosomal RNA [Source:RFAM%3BAcc:RF00003]
ENSSSAG00000009767	ssa26	.	protein_coding		
ENSSSAG00000009776	ssa23	.	lncRNA		
ENSSSAG00000009778	ssa23	.	lncRNA		
ENSSSAG00000009804	ssa12	.	pseudogene		
ENSSSAG00000009807	ssa26	.	snRNA	U6	U6 spliceosomal RNA [Source:RFAM%3BAcc:RF00026]
ENSSSAG00000009813	AGKD04015144.1	.	protein_coding		
ENSSSAG00000009817	ssa15	.	miRNA	ssa-let-7h	ssa-let-7h [Source:miRBase%3BAcc:MI0026428]
ENSSSAG00000009821	ssa15	.	miRNA	ssa-let-7g-1	ssa-let-7g-1 [Source:miRBase%3BAcc:MI0026426]
ENSSSAG00000009829	AGKD04015144.1	.	protein_coding		
ENSSSAG00000009843	ssa25	.	lncRNA		
ENSSSAG00000009855	ssa06	.	protein_coding		parvalbumin beta-like [Source:NCBI gene%3BAcc:100137051]
ENSSSAG00000009856	ssa20	.	lncRNA		
ENSSSAG00000009862	ssa06	.	lncRNA		
ENSSSAG00000009867	AGKD04019470.1	.	protein_coding	hoxa11b	homeo box A11b [Source:NCBI gene%3BAcc:100196643]
ENSSSAG00000009876	ssa10	.	pseudogene		
ENSSSAG00000009877	ssa11	.	lncRNA		
ENSSSAG00000009891	ssa06	.	lncRNA		
ENSSSAG00000009910	ssa11	.	lncRNA		
ENSSSAG00000009913	ssa26	.	protein_coding	pax6b	paired box protein Pax-6-like [Source:NCBI gene%3BAcc:106587830]
ENSSSAG00000009925	ssa06	.	lncRNA		
ENSSSAG00000009942	ssa06	.	pseudogene		
ENSSSAG00000009951	ssa27	.	lncRNA		
ENSSSAG00000009953	ssa27	.	lncRNA		
ENSSSAG00000009956	AGKD04014826.1	.	lncRNA		
ENSSSAG00000009973	ssa05	.	miRNA	ssa-mir-9a-4	ssa-mir-9a-4 [Source:miRBase%3BAcc:MI0026772]
ENSSSAG00000009989	AGKD04014831.1	.	lncRNA		
ENSSSAG00000010016	AGKD04015163.1	.	miRNA	ssa-mir-137-2	ssa-mir-137-2 [Source:miRBase%3BAcc:MI0026492]
ENSSSAG00000010017	ssa11	.	lncRNA		
ENSSSAG00000010020	AGKD04015168.1	.	pseudogene		
ENSSSAG00000010023	ssa11	.	protein_coding		solute carrier family 46 member 3-like [Source:NCBI gene%3BAcc:106563882]
ENSSSAG00000010031	AGKD04014839.1	.	lncRNA		
ENSSSAG00000010038	AGKD04014843.1	.	pseudogene		
ENSSSAG00000010040	ssa05	.	misc_RNA	Metazoa_SRP	Metazoan signal recognition particle RNA [Source:RFAM%3BAcc:RF00017]
ENSSSAG00000010041	ssa05	.	misc_RNA	Metazoa_SRP	Metazoan signal recognition particle RNA [Source:RFAM%3BAcc:RF00017]
ENSSSAG00000010046	ssa14	.	lncRNA		
ENSSSAG00000010053	AGKD04015168.1	.	lncRNA		
ENSSSAG00000010062	ssa23	.	snRNA	U7	U7 small nuclear RNA [Source:RFAM%3BAcc:RF00066]
ENSSSAG00000010064	ssa07	.	snoRNA		
ENSSSAG00000010081	ssa03	.	snoRNA		
ENSSSAG00000010083	ssa03	.	snoRNA		
ENSSSAG00000010084	ssa03	.	snoRNA		
ENSSSAG00000010087	AGKD04018244.1	.	lncRNA		
ENSSSAG00000010088	AGKD04018244.1	.	lncRNA		
ENSSSAG00000010106	ssa01	.	miRNA	ssa-mir-101b-1	ssa-mir-101b-1 [Source:miRBase%3BAcc:MI0026435]
ENSSSAG00000010115	ssa16	.	lncRNA		
ENSSSAG00000010121	ssa01	.	lncRNA		
ENSSSAG00000010128	ssa28	.	lncRNA		
ENSSSAG00000010133	AGKD04018250.1	.	protein_coding	rpl3l	ribosomal protein L3-like [Source:NCBI gene%3BAcc:100194589]
ENSSSAG00000010157	AGKD04018250.1	.	snoRNA	SNORA71	Small nucleolar RNA SNORA71 [Source:RFAM%3BAcc:RF00056]
ENSSSAG00000010160	AGKD04018250.1	.	protein_coding		
ENSSSAG00000010162	ssa14	.	lncRNA		
ENSSSAG00000010164	ssa14	.	rRNA	5S_rRNA	5S ribosomal RNA [Source:RFAM%3BAcc:RF00001]
ENSSSAG00000010168	ssa14	.	rRNA	5S_rRNA	5S ribosomal RNA [Source:RFAM%3BAcc:RF00001]
ENSSSAG00000010170	ssa14	.	lncRNA		
ENSSSAG00000010171	ssa26	.	lncRNA		
ENSSSAG00000010174	AGKD04018250.1	.	protein_coding	ndufb10	NADH:ubiquinone oxidoreductase subunit B10 [Source:ZFIN%3BAcc:ZDB-GENE-040426-1691]
ENSSSAG00000010196	AGKD04014867.1	.	protein_coding	ssrp1b	FACT complex subunit SSRP1-like [Source:NCBI gene%3BAcc:106591826]
ENSSSAG00000010197	ssa26	.	protein_coding		
ENSSSAG00000010203	ssa13	.	protein_coding		
ENSSSAG00000010204	AGKD04018253.1	.	protein_coding	lsm8	U6 snRNA-associated Sm-like protein LSm8 [Source:NCBI gene%3BAcc:106593664]
ENSSSAG00000010208	ssa13	.	protein_coding		
ENSSSAG00000010220	AGKD04014867.1	.	protein_coding	leca	Lectin [Source:NCBI gene%3BAcc:100196471]
ENSSSAG00000010222	ssa13	.	lncRNA		
ENSSSAG00000010224	ssa13	.	lncRNA		
ENSSSAG00000010237	AGKD04014869.1	.	protein_coding	dennd11	DENN domain containing 11 [Source:NCBI gene%3BAcc:556432]
ENSSSAG00000010262	ssa26	.	protein_coding		C-C motif chemokine 13-like [Source:NCBI gene%3BAcc:106587975]
ENSSSAG00000010264	ssa03	.	protein_coding	CA10	carbonic anhydrase-related protein 10-like [Source:NCBI gene%3BAcc:106601265]
ENSSSAG00000010265	AGKD04022220.1	.	protein_coding		cleavage and polyadenylation specificity factor subunit 6-like [Source:NCBI gene%3BAcc:106595100]
ENSSSAG00000010275	AGKD04015215.1	.	protein_coding		
ENSSSAG00000010276	AGKD04022220.1	.	protein_coding		
ENSSSAG00000010285	AGKD04015064.1	.	lncRNA		
ENSSSAG00000010295	AGKD04022229.1	.	protein_coding	CARM1	histone-arginine methyltransferase CARM1-like [Source:NCBI gene%3BAcc:106595104]
ENSSSAG00000010308	AGKD04025098.1	.	protein_coding	yipf2	protein YIPF1-like [Source:NCBI gene%3BAcc:106595894]
ENSSSAG00000010326	AGKD04027491.1	.	snRNA	U1	U1 spliceosomal RNA [Source:RFAM%3BAcc:RF00003]
ENSSSAG00000010329	AGKD04014871.1	.	lncRNA		
ENSSSAG00000010330	AGKD04027491.1	.	snRNA	U1	U1 spliceosomal RNA [Source:RFAM%3BAcc:RF00003]
ENSSSAG00000010331	AGKD04028789.1	.	processed_pseudogene		
ENSSSAG00000010333	AGKD04025125.1	.	snRNA	U1	U1 spliceosomal RNA [Source:RFAM%3BAcc:RF00003]
ENSSSAG00000010336	AGKD04025125.1	.	snRNA	U1	U1 spliceosomal RNA [Source:RFAM%3BAcc:RF00003]
ENSSSAG00000010337	AGKD04022284.1	.	pseudogene		
ENSSSAG00000010341	AGKD04025125.1	.	snRNA	U1	U1 spliceosomal RNA [Source:RFAM%3BAcc:RF00003]
ENSSSAG00000010344	AGKD04025141.1	.	snRNA	U1	U1 spliceosomal RNA [Source:RFAM%3BAcc:RF00003]
ENSSSAG00000010349	AGKD04030687.1	.	protein_coding		major histocompatibility complex class I-related gene protein-like [Source:NCBI gene%3BAcc:106597015]
ENSSSAG00000010350	AGKD04025141.1	.	snRNA	U1	U1 spliceosomal RNA [Source:RFAM%3BAcc:RF00003]
ENSSSAG00000010355	AGKD04025141.1	.	snRNA	U1	U1 spliceosomal RNA [Source:RFAM%3BAcc:RF00003]
ENSSSAG00000010356	AGKD04027493.1	.	protein_coding	elf2b	ETS-related transcription factor Elf-2-like [Source:NCBI gene%3BAcc:106596401]
ENSSSAG00000010358	AGKD04015221.1	.	pseudogene		
ENSSSAG00000010360	ssa10	.	pseudogene		
ENSSSAG00000010361	AGKD04026079.1	.	processed_pseudogene		
ENSSSAG00000010369	AGKD04028794.1	.	protein_coding	cd79a	B-cell antigen receptor complex-associated protein alpha chain-like [Source:NCBI gene%3BAcc:106596637]
ENSSSAG00000010371	AGKD04015230.1	.	lncRNA		
ENSSSAG00000010376	AGKD04025161.1	.	lncRNA		
ENSSSAG00000010382	AGKD04029633.1	.	scaRNA		
ENSSSAG00000010384	AGKD04030724.1	.	protein_coding	ccn4b	WNT1-inducible-signaling pathway protein 1-like [Source:NCBI gene%3BAcc:106597021]
ENSSSAG00000010390	AGKD04014886.1	.	lncRNA		
ENSSSAG00000010395	AGKD04015231.1	.	lncRNA		
ENSSSAG00000010399	AGKD04015231.1	.	lncRNA		
ENSSSAG00000010404	AGKD04032833.1	.	snoRNA	U3	Small nucleolar RNA U3 [Source:RFAM%3BAcc:RF00012]
ENSSSAG00000010407	AGKD04032833.1	.	snoRNA		
ENSSSAG00000010409	AGKD04032833.1	.	snoRNA	U3	Small nucleolar RNA U3 [Source:RFAM%3BAcc:RF00012]
ENSSSAG00000010412	AGKD04032833.1	.	snoRNA		
ENSSSAG00000010415	AGKD04032833.1	.	snoRNA	U3	Small nucleolar RNA U3 [Source:RFAM%3BAcc:RF00012]
ENSSSAG00000010418	AGKD04032833.1	.	snoRNA		
ENSSSAG00000010420	AGKD04032833.1	.	snoRNA	U3	Small nucleolar RNA U3 [Source:RFAM%3BAcc:RF00012]
ENSSSAG00000010423	AGKD04032833.1	.	snoRNA		
ENSSSAG00000010424	AGKD04022711.1	.	processed_pseudogene		
ENSSSAG00000010426	AGKD04032833.1	.	snoRNA	U3	Small nucleolar RNA U3 [Source:RFAM%3BAcc:RF00012]
ENSSSAG00000010429	AGKD04032833.1	.	snoRNA		
ENSSSAG00000010435	AGKD04032833.1	.	snoRNA	U3	Small nucleolar RNA U3 [Source:RFAM%3BAcc:RF00012]
ENSSSAG00000010436	AGKD04029707.1	.	protein_coding		
ENSSSAG00000010442	AGKD04032839.1	.	protein_coding		
ENSSSAG00000010444	AGKD04033863.1	.	protein_coding		
ENSSSAG00000010456	AGKD04033863.1	.	protein_coding		
ENSSSAG00000010462	AGKD04014908.1	.	lncRNA		zinc finger protein 106-like [Source:NCBI gene%3BAcc:106591854]
ENSSSAG00000010465	AGKD04033883.1	.	protein_coding		
ENSSSAG00000010468	AGKD04026096.1	.	protein_coding		
ENSSSAG00000010473	AGKD04022340.1	.	protein_coding		inactive serine protease PAMR1-like [Source:NCBI gene%3BAcc:106595140]
ENSSSAG00000010476	AGKD04027513.1	.	snoRNA	U3	Small nucleolar RNA U3 [Source:RFAM%3BAcc:RF00012]
ENSSSAG00000010481	AGKD04027524.1	.	snRNA	U1	U1 spliceosomal RNA [Source:RFAM%3BAcc:RF00003]
ENSSSAG00000010482	ssa28	.	protein_coding		
ENSSSAG00000010486	AGKD04027524.1	.	snRNA	U1	U1 spliceosomal RNA [Source:RFAM%3BAcc:RF00003]
ENSSSAG00000010489	ssa02	.	lncRNA		adenosine receptor A1-like [Source:NCBI gene%3BAcc:106577367]
ENSSSAG00000010491	AGKD04027524.1	.	snRNA	U1	U1 spliceosomal RNA [Source:RFAM%3BAcc:RF00003]
ENSSSAG00000010497	AGKD04027534.1	.	protein_coding	nxph3	neurexophilin-1-like [Source:NCBI gene%3BAcc:106596407]
ENSSSAG00000010503	AGKD04026133.1	.	protein_coding		
ENSSSAG00000010507	AGKD04015263.1	.	lncRNA		
ENSSSAG00000010515	AGKD04014911.1	.	snRNA	U7	U7 small nuclear RNA [Source:RFAM%3BAcc:RF00066]
ENSSSAG00000010528	AGKD04029733.1	.	protein_coding		
ENSSSAG00000010534	AGKD04028850.1	.	protein_coding		ATP-dependent RNA helicase DDX42-like [Source:NCBI gene%3BAcc:106596647]
ENSSSAG00000010536	AGKD04027538.1	.	pseudogene		
ENSSSAG00000010544	AGKD04029743.1	.	protein_coding		retinoblastoma binding protein 4%2C like [Source:NCBI gene%3BAcc:322129]
ENSSSAG00000010547	AGKD04032864.1	.	protein_coding		claudin 23a [Source:ZFIN%3BAcc:ZDB-GENE-091204-28]
ENSSSAG00000010552	AGKD04037967.1	.	protein_coding		
ENSSSAG00000010553	AGKD04040104.1	.	protein_coding		
ENSSSAG00000010556	AGKD04027543.1	.	protein_coding		
ENSSSAG00000010557	AGKD04033891.1	.	protein_coding	irx1a	iroquois-class homeodomain protein irx-1-like [Source:NCBI gene%3BAcc:106597521]
ENSSSAG00000010561	AGKD04038025.1	.	scaRNA		
ENSSSAG00000010563	AGKD04028852.1	.	protein_coding	COLEC10	collectin-10-like [Source:NCBI gene%3BAcc:106596649]
ENSSSAG00000010565	AGKD04040104.1	.	protein_coding		
ENSSSAG00000010569	AGKD04029743.1	.	lncRNA		
ENSSSAG00000010570	AGKD04038079.1	.	protein_coding		
ENSSSAG00000010571	AGKD04027543.1	.	protein_coding		
ENSSSAG00000010572	AGKD04032868.1	.	protein_coding		zona pellucida sperm-binding protein 3-like [Source:NCBI gene%3BAcc:106597372]
ENSSSAG00000010577	AGKD04040104.1	.	pseudogene		
ENSSSAG00000010587	AGKD04030804.1	.	pseudogene		
ENSSSAG00000010593	AGKD04038092.1	.	protein_coding		
ENSSSAG00000010596	AGKD04035340.1	.	protein_coding		
ENSSSAG00000010603	AGKD04026145.1	.	protein_coding	nap1l1	nucleosome assembly protein 1-like 1-A [Source:NCBI gene%3BAcc:106596138]
ENSSSAG00000010606	AGKD04040126.1	.	protein_coding		
ENSSSAG00000010610	AGKD04030832.1	.	protein_coding		
ENSSSAG00000010613	AGKD04037030.1	.	protein_coding		
ENSSSAG00000010619	AGKD04032877.1	.	protein_coding	snx10b	sorting nexin-10B-like [Source:NCBI gene%3BAcc:106597374]
ENSSSAG00000010624	AGKD04025195.1	.	protein_coding	sdr42e1	short-chain dehydrogenase/reductase family 42E member 1-like [Source:NCBI gene%3BAcc:106595918]
ENSSSAG00000010636	AGKD04025195.1	.	protein_coding		Wilms tumor protein 1-interacting protein homolog [Source:NCBI gene%3BAcc:106595917]
ENSSSAG00000010647	AGKD04026145.1	.	snoRNA		
ENSSSAG00000010649	AGKD04027579.1	.	lncRNA		
ENSSSAG00000010651	AGKD04028852.1	.	protein_coding		
ENSSSAG00000010654	AGKD04037044.1	.	protein_coding		
ENSSSAG00000010662	AGKD04038273.1	.	protein_coding		
ENSSSAG00000010666	AGKD04027583.1	.	protein_coding		TRPM8 channel-associated factor homolog [Source:NCBI gene%3BAcc:106596415]
ENSSSAG00000010672	AGKD04042032.1	.	protein_coding	TR11B	tumor necrosis factor receptor superfamily member 11B-like [Source:NCBI gene%3BAcc:106598220]
ENSSSAG00000010679	AGKD04035350.1	.	protein_coding	CALML4	calmodulin like 4 [Source:HGNC Symbol%3BAcc:HGNC:18445]
ENSSSAG00000010683	AGKD04030850.1	.	protein_coding		
ENSSSAG00000010689	AGKD04038307.1	.	snRNA	U2	U2 spliceosomal RNA [Source:RFAM%3BAcc:RF00004]
ENSSSAG00000010693	AGKD04037053.1	.	pseudogene		
ENSSSAG00000010704	AGKD04040223.1	.	snRNA	U1	U1 spliceosomal RNA [Source:RFAM%3BAcc:RF00003]
ENSSSAG00000010705	ssa11	.	snRNA	U7	U7 small nuclear RNA [Source:RFAM%3BAcc:RF00066]
ENSSSAG00000010707	AGKD04029754.1	.	protein_coding	rpn1	dolichyl-diphosphooligosaccharide--protein glycosyltransferase subunit 1-like [Source:NCBI gene%3BAcc:106596826]
ENSSSAG00000010708	AGKD04040223.1	.	snRNA	U1	U1 spliceosomal RNA [Source:RFAM%3BAcc:RF00003]
ENSSSAG00000010716	AGKD04037054.1	.	protein_coding		
ENSSSAG00000010731	ssa11	.	lncRNA		
ENSSSAG00000010733	AGKD04028860.1	.	miRNA	ssa-mir-218-1	ssa-mir-218-1 [Source:miRBase%3BAcc:MI0026618]
ENSSSAG00000010737	AGKD04037070.1	.	snRNA	U5	U5 spliceosomal RNA [Source:RFAM%3BAcc:RF00020]
ENSSSAG00000010740	AGKD04037070.1	.	snRNA	U2	U2 spliceosomal RNA [Source:RFAM%3BAcc:RF00004]
ENSSSAG00000010744	AGKD04028865.1	.	protein_coding		
ENSSSAG00000010747	AGKD04030877.1	.	protein_coding	lrfn2b	leucine rich repeat and fibronectin type III domain containing 2b [Source:ZFIN%3BAcc:ZDB-GENE-121214-111]
ENSSSAG00000010749	AGKD04027605.1	.	protein_coding	CIDEC	cell death activator CIDE-3-like [Source:NCBI gene%3BAcc:106596418]
ENSSSAG00000010753	AGKD04042049.1	.	protein_coding		
ENSSSAG00000010755	AGKD04053749.1	.	protein_coding		
ENSSSAG00000010760	ssa02	.	pseudogene		
ENSSSAG00000010764	AGKD04028884.1	.	snRNA	U1	U1 spliceosomal RNA [Source:RFAM%3BAcc:RF00003]
ENSSSAG00000010766	AGKD04032892.1	.	snRNA	U1	U1 spliceosomal RNA [Source:RFAM%3BAcc:RF00003]
ENSSSAG00000010767	AGKD04027615.1	.	pseudogene		
ENSSSAG00000010778	AGKD04040260.1	.	protein_coding		structural maintenance of chromosomes protein 2-like [Source:NCBI gene%3BAcc:106598101]
ENSSSAG00000010783	AGKD04053764.1	.	pseudogene		heat shock protein 30-like [Source:NCBI gene%3BAcc:106598772]
ENSSSAG00000010792	AGKD04027625.1	.	protein_coding	aldh3b1	aldehyde dehydrogenase family 3 member B1-like [Source:NCBI gene%3BAcc:106596420]
ENSSSAG00000010803	ssa13	.	pseudogene		
ENSSSAG00000010812	AGKD04042132.1	.	protein_coding		
ENSSSAG00000010816	AGKD04032948.1	.	protein_coding	tspan10	tetraspanin-10-like [Source:NCBI gene%3BAcc:106597387]
ENSSSAG00000010820	AGKD04042132.1	.	protein_coding		
ENSSSAG00000010824	ssa02	.	processed_pseudogene		
ENSSSAG00000010835	ssa19	.	protein_coding		
ENSSSAG00000010839	AGKD04042137.1	.	protein_coding		
ENSSSAG00000010846	AGKD04032953.1	.	pseudogene		
ENSSSAG00000010849	AGKD04037137.1	.	protein_coding	csnk2a2a	casein kinase II subunit alpha'-like [Source:NCBI gene%3BAcc:106597854]
ENSSSAG00000010853	AGKD04030885.1	.	protein_coding	nars1	asparagine--tRNA ligase%2C cytoplasmic-like [Source:NCBI gene%3BAcc:106597051]
ENSSSAG00000010854	AGKD04042176.1	.	snRNA	U1	U1 spliceosomal RNA [Source:RFAM%3BAcc:RF00003]
ENSSSAG00000010858	AGKD04053781.1	.	snRNA	U5	U5 spliceosomal RNA [Source:RFAM%3BAcc:RF00020]
ENSSSAG00000010860	AGKD04042176.1	.	snRNA	U1	U1 spliceosomal RNA [Source:RFAM%3BAcc:RF00003]
ENSSSAG00000010866	AGKD04053781.1	.	snRNA	U2	U2 spliceosomal RNA [Source:RFAM%3BAcc:RF00004]
ENSSSAG00000010869	AGKD04032958.1	.	protein_coding		
ENSSSAG00000010875	AGKD04042216.1	.	pseudogene		heat shock protein 30-like [Source:NCBI gene%3BAcc:106598236]
ENSSSAG00000010879	AGKD04032968.1	.	protein_coding	FOXB1	forkhead box protein B1-like [Source:NCBI gene%3BAcc:106597393]
ENSSSAG00000010889	AGKD04037304.1	.	protein_coding		
ENSSSAG00000010893	AGKD04032970.1	.	protein_coding	cldnj	claudin-4-like [Source:NCBI gene%3BAcc:106597394]
ENSSSAG00000010897	AGKD04028980.1	.	protein_coding	atxn7l3	ataxin-7-like protein 3 [Source:NCBI gene%3BAcc:106596672]
ENSSSAG00000010902	AGKD04027671.1	.	snRNA	U1	U1 spliceosomal RNA [Source:RFAM%3BAcc:RF00003]
ENSSSAG00000010906	AGKD04027671.1	.	snRNA	U1	U1 spliceosomal RNA [Source:RFAM%3BAcc:RF00003]
ENSSSAG00000010911	AGKD04042216.1	.	pseudogene	hsp30	Heat shock protein 30 [Source:NCBI gene%3BAcc:100195939]
ENSSSAG00000010912	AGKD04032970.1	.	protein_coding		claudin-4-like [Source:NCBI gene%3BAcc:106597396]
ENSSSAG00000010913	AGKD04027671.1	.	snRNA	U1	U1 spliceosomal RNA [Source:RFAM%3BAcc:RF00003]
ENSSSAG00000010925	AGKD04027680.1	.	pseudogene		
ENSSSAG00000010928	AGKD04045240.1	.	snoRNA	U3	Small nucleolar RNA U3 [Source:RFAM%3BAcc:RF00012]
ENSSSAG00000010935	AGKD04045240.1	.	snoRNA		
ENSSSAG00000010940	AGKD04045240.1	.	snoRNA	U3	Small nucleolar RNA U3 [Source:RFAM%3BAcc:RF00012]
ENSSSAG00000010948	AGKD04045240.1	.	snoRNA		
ENSSSAG00000010950	AGKD04037308.1	.	protein_coding	zgc:136493	putative 2-hydroxyacid dehydrogenase SE_1879 [Source:NCBI gene%3BAcc:106597864]
ENSSSAG00000010956	AGKD04042319.1	.	snRNA	U1	U1 spliceosomal RNA [Source:RFAM%3BAcc:RF00003]
ENSSSAG00000010959	AGKD04045240.1	.	snoRNA	U3	Small nucleolar RNA U3 [Source:RFAM%3BAcc:RF00012]
ENSSSAG00000010969	AGKD04026191.1	.	protein_coding		
ENSSSAG00000010976	AGKD04037308.1	.	lncRNA		
ENSSSAG00000010984	AGKD04037322.1	.	snRNA	U2	U2 spliceosomal RNA [Source:RFAM%3BAcc:RF00004]
ENSSSAG00000011003	AGKD04042345.1	.	snRNA	U5	U5 spliceosomal RNA [Source:RFAM%3BAcc:RF00020]
ENSSSAG00000011011	AGKD04042345.1	.	snRNA	U2	U2 spliceosomal RNA [Source:RFAM%3BAcc:RF00004]
ENSSSAG00000011024	AGKD04042354.1	.	snRNA	U2	U2 spliceosomal RNA [Source:RFAM%3BAcc:RF00004]
ENSSSAG00000011026	AGKD04047545.1	.	protein_coding	zgc:136493	putative 2-hydroxyacid dehydrogenase SE_1879 [Source:NCBI gene%3BAcc:106598523]
ENSSSAG00000011031	AGKD04038638.1	.	protein_coding		
ENSSSAG00000011039	AGKD04042354.1	.	snRNA	U5	U5 spliceosomal RNA [Source:RFAM%3BAcc:RF00020]
ENSSSAG00000011057	ssa06	.	snRNA	U7	U7 small nuclear RNA [Source:RFAM%3BAcc:RF00066]
ENSSSAG00000011058	AGKD04025346.1	.	snRNA	U1	U1 spliceosomal RNA [Source:RFAM%3BAcc:RF00003]
ENSSSAG00000011086	AGKD04037339.1	.	snRNA	U1	U1 spliceosomal RNA [Source:RFAM%3BAcc:RF00003]
ENSSSAG00000011088	AGKD04053888.1	.	snRNA	U2	U2 spliceosomal RNA [Source:RFAM%3BAcc:RF00004]
ENSSSAG00000011091	AGKD04040337.1	.	pseudogene		
ENSSSAG00000011094	AGKD04045309.1	.	protein_coding		
ENSSSAG00000011100	AGKD04037349.1	.	pseudogene		
ENSSSAG00000011102	AGKD04053888.1	.	snRNA	U5	U5 spliceosomal RNA [Source:RFAM%3BAcc:RF00020]
ENSSSAG00000011121	AGKD04053907.1	.	snRNA	U4	U4 spliceosomal RNA [Source:RFAM%3BAcc:RF00015]
ENSSSAG00000011126	AGKD04046147.1	.	protein_coding		THAP domain-containing protein 5-like [Source:NCBI gene%3BAcc:106598453]
ENSSSAG00000011133	AGKD04053907.1	.	snRNA	U4	U4 spliceosomal RNA [Source:RFAM%3BAcc:RF00015]
ENSSSAG00000011145	AGKD04038650.1	.	snRNA	U1	U1 spliceosomal RNA [Source:RFAM%3BAcc:RF00003]
ENSSSAG00000011147	AGKD04053907.1	.	snRNA	U4	U4 spliceosomal RNA [Source:RFAM%3BAcc:RF00015]
ENSSSAG00000011150	AGKD04029781.1	.	protein_coding		intestinal mucin-like protein [Source:NCBI gene%3BAcc:106596831]
ENSSSAG00000011156	AGKD04038650.1	.	snRNA	U1	U1 spliceosomal RNA [Source:RFAM%3BAcc:RF00003]
ENSSSAG00000011169	AGKD04053907.1	.	snRNA	U4	U4 spliceosomal RNA [Source:RFAM%3BAcc:RF00015]
ENSSSAG00000011173	AGKD04037353.1	.	protein_coding		
ENSSSAG00000011186	AGKD04027691.1	.	protein_coding		
ENSSSAG00000011191	AGKD04053907.1	.	snRNA	U4	U4 spliceosomal RNA [Source:RFAM%3BAcc:RF00015]
ENSSSAG00000011207	AGKD04053912.1	.	snRNA	U6	U6 spliceosomal RNA [Source:RFAM%3BAcc:RF00026]
ENSSSAG00000011222	AGKD04053912.1	.	snRNA	U6	U6 spliceosomal RNA [Source:RFAM%3BAcc:RF00026]
ENSSSAG00000011238	AGKD04053912.1	.	snRNA	U6	U6 spliceosomal RNA [Source:RFAM%3BAcc:RF00026]
ENSSSAG00000011242	AGKD04027698.1	.	protein_coding		
ENSSSAG00000011251	AGKD04057097.1	.	protein_coding	si:dkeyp-72e1.7	si:dkeyp-72e1.7 [Source:ZFIN%3BAcc:ZDB-GENE-120215-229]
ENSSSAG00000011254	AGKD04053912.1	.	snRNA	U6	U6 spliceosomal RNA [Source:RFAM%3BAcc:RF00026]
ENSSSAG00000011256	ssa15	.	protein_coding	ARD1H	N-alpha-acetyltransferase 10-like [Source:NCBI gene%3BAcc:106572706]
ENSSSAG00000011281	AGKD04053518.1	.	protein_coding		
ENSSSAG00000011282	AGKD04040540.1	.	protein_coding		
ENSSSAG00000011297	AGKD04055575.1	.	rRNA	5_8S_rRNA	5.8S ribosomal RNA [Source:RFAM%3BAcc:RF00002]
ENSSSAG00000011300	AGKD04027742.1	.	snRNA	U6	U6 spliceosomal RNA [Source:RFAM%3BAcc:RF00026]
ENSSSAG00000011305	AGKD04049007.1	.	protein_coding		THAP domain-containing protein 5-like [Source:NCBI gene%3BAcc:106598612]
ENSSSAG00000011316	AGKD04045393.1	.	protein_coding		
ENSSSAG00000011317	AGKD04035593.1	.	snRNA	U2	U2 spliceosomal RNA [Source:RFAM%3BAcc:RF00004]
ENSSSAG00000011333	AGKD04035633.1	.	scaRNA		
ENSSSAG00000011349	AGKD04026245.1	.	protein_coding	rp9	RP9 pre-mRNA splicing factor [Source:ZFIN%3BAcc:ZDB-GENE-041114-42]
ENSSSAG00000011351	AGKD04055575.1	.	protein_coding		
ENSSSAG00000011370	AGKD04046202.1	.	scaRNA		
ENSSSAG00000011381	AGKD04057188.1	.	snoRNA		
ENSSSAG00000011395	AGKD04055581.1	.	snRNA	U1	U1 spliceosomal RNA [Source:RFAM%3BAcc:RF00003]
ENSSSAG00000011406	AGKD04038716.1	.	protein_coding	gcnt3	beta-1%2C3-galactosyl-O-glycosyl-glycoprotein beta-1%2C6-N-acetylglucosaminyltransferase 3-like [Source:NCBI gene%3BAcc:106597972]
ENSSSAG00000011408	AGKD04035690.1	.	pseudogene		
ENSSSAG00000011413	AGKD04066684.1	.	misc_RNA	Metazoa_SRP	Metazoan signal recognition particle RNA [Source:RFAM%3BAcc:RF00017]
ENSSSAG00000011417	AGKD04046253.1	.	snRNA	U2	U2 spliceosomal RNA [Source:RFAM%3BAcc:RF00004]
ENSSSAG00000011420	AGKD04045397.1	.	snoRNA		
ENSSSAG00000011422	AGKD04057188.1	.	snoRNA	U3	Small nucleolar RNA U3 [Source:RFAM%3BAcc:RF00012]
ENSSSAG00000011425	AGKD04037399.1	.	protein_coding		
ENSSSAG00000011428	AGKD04070780.1	.	snRNA	U6	U6 spliceosomal RNA [Source:RFAM%3BAcc:RF00026]
ENSSSAG00000011432	AGKD04058088.1	.	snRNA	U5	U5 spliceosomal RNA [Source:RFAM%3BAcc:RF00020]
ENSSSAG00000011439	AGKD04045397.1	.	snoRNA	U3	Small nucleolar RNA U3 [Source:RFAM%3BAcc:RF00012]
ENSSSAG00000011441	AGKD04027764.1	.	protein_coding		
ENSSSAG00000011443	AGKD04029807.1	.	protein_coding		trace amine-associated receptor 13c-like [Source:NCBI gene%3BAcc:106596837]
ENSSSAG00000011446	AGKD04070780.1	.	snRNA	U6	U6 spliceosomal RNA [Source:RFAM%3BAcc:RF00026]
ENSSSAG00000011451	AGKD04057188.1	.	snoRNA		
ENSSSAG00000011459	AGKD04045397.1	.	snoRNA	U3	Small nucleolar RNA U3 [Source:RFAM%3BAcc:RF00012]
ENSSSAG00000011472	AGKD04070808.1	.	misc_RNA	Metazoa_SRP	Metazoan signal recognition particle RNA [Source:RFAM%3BAcc:RF00017]
ENSSSAG00000011481	AGKD04057188.1	.	snoRNA	U3	Small nucleolar RNA U3 [Source:RFAM%3BAcc:RF00012]
ENSSSAG00000011483	ssa03	.	snRNA	U7	U7 small nuclear RNA [Source:RFAM%3BAcc:RF00066]
ENSSSAG00000011486	AGKD04045397.1	.	snoRNA		
ENSSSAG00000011495	ssa29	.	pseudogene		
ENSSSAG00000011505	AGKD04061810.1	.	snRNA	U5	U5 spliceosomal RNA [Source:RFAM%3BAcc:RF00020]
ENSSSAG00000011509	AGKD04035703.1	.	protein_coding	uts2r3	urotensin-2 receptor-like [Source:NCBI gene%3BAcc:106597723]
ENSSSAG00000011510	AGKD04057188.1	.	snoRNA	U3	Small nucleolar RNA U3 [Source:RFAM%3BAcc:RF00012]
ENSSSAG00000011513	AGKD04045397.1	.	snoRNA	U3	Small nucleolar RNA U3 [Source:RFAM%3BAcc:RF00012]
ENSSSAG00000011530	AGKD04037470.1	.	rRNA	5_8S_rRNA	5.8S ribosomal RNA [Source:RFAM%3BAcc:RF00002]
ENSSSAG00000011539	AGKD04061890.1	.	misc_RNA	Metazoa_SRP	Metazoan signal recognition particle RNA [Source:RFAM%3BAcc:RF00017]
ENSSSAG00000011542	AGKD04045397.1	.	snoRNA	U3	Small nucleolar RNA U3 [Source:RFAM%3BAcc:RF00012]
ENSSSAG00000011543	AGKD04057191.1	.	snRNA	U1	U1 spliceosomal RNA [Source:RFAM%3BAcc:RF00003]
ENSSSAG00000011545	AGKD04054262.1	.	snRNA	U1	U1 spliceosomal RNA [Source:RFAM%3BAcc:RF00003]
ENSSSAG00000011557	AGKD04037470.1	.	protein_coding		
ENSSSAG00000011587	AGKD04014917.1	.	lncRNA		
ENSSSAG00000011589	AGKD04054320.1	.	snRNA	U1	U1 spliceosomal RNA [Source:RFAM%3BAcc:RF00003]
ENSSSAG00000011590	AGKD04045433.1	.	misc_RNA	Metazoa_SRP	Metazoan signal recognition particle RNA [Source:RFAM%3BAcc:RF00017]
ENSSSAG00000011592	AGKD04066700.1	.	snRNA	U6	U6 spliceosomal RNA [Source:RFAM%3BAcc:RF00026]
ENSSSAG00000011594	AGKD04037477.1	.	protein_coding		
ENSSSAG00000011595	AGKD04053093.1	.	protein_coding		
ENSSSAG00000011607	AGKD04035730.1	.	protein_coding		
ENSSSAG00000011610	AGKD04055600.1	.	protein_coding		
ENSSSAG00000011629	AGKD04066700.1	.	snRNA	U6	U6 spliceosomal RNA [Source:RFAM%3BAcc:RF00026]
ENSSSAG00000011651	AGKD04045433.1	.	misc_RNA	Metazoa_SRP	Metazoan signal recognition particle RNA [Source:RFAM%3BAcc:RF00017]
ENSSSAG00000011674	AGKD04066700.1	.	snRNA	U6	U6 spliceosomal RNA [Source:RFAM%3BAcc:RF00026]
ENSSSAG00000011683	AGKD04049126.1	.	snoRNA		
ENSSSAG00000011686	AGKD04027789.1	.	protein_coding		
ENSSSAG00000011711	AGKD04037492.1	.	snRNA	U2	U2 spliceosomal RNA [Source:RFAM%3BAcc:RF00004]
ENSSSAG00000011719	AGKD04063321.1	.	misc_RNA	Metazoa_SRP	Metazoan signal recognition particle RNA [Source:RFAM%3BAcc:RF00017]
ENSSSAG00000011732	AGKD04037492.1	.	snRNA	U5	U5 spliceosomal RNA [Source:RFAM%3BAcc:RF00020]
ENSSSAG00000011733	AGKD04049127.1	.	protein_coding		regulator of G protein signaling 1 [Source:HGNC Symbol%3BAcc:HGNC:9991]
ENSSSAG00000011736	AGKD04040583.1	.	protein_coding		zona pellucida sperm-binding protein 3-like [Source:NCBI gene%3BAcc:106598129]
ENSSSAG00000011749	AGKD04035736.1	.	protein_coding	GIMA7	GTPase IMAP family member 7-like [Source:NCBI gene%3BAcc:106597729]
ENSSSAG00000011864	AGKD04060284.1	.	snoRNA	U3	Small nucleolar RNA U3 [Source:RFAM%3BAcc:RF00012]
ENSSSAG00000011879	AGKD04071722.1	.	snRNA	U1	U1 spliceosomal RNA [Source:RFAM%3BAcc:RF00003]
ENSSSAG00000011881	AGKD04068776.1	.	pseudogene		
ENSSSAG00000011892	AGKD04070859.1	.	snRNA	U5	U5 spliceosomal RNA [Source:RFAM%3BAcc:RF00020]
ENSSSAG00000011895	AGKD04060284.1	.	snoRNA	U3	Small nucleolar RNA U3 [Source:RFAM%3BAcc:RF00012]
ENSSSAG00000011902	AGKD04029812.1	.	protein_coding		
ENSSSAG00000011909	AGKD04029021.1	.	protein_coding	rpn1	dolichyl-diphosphooligosaccharide--protein glycosyltransferase subunit 1-like [Source:NCBI gene%3BAcc:106596678]
ENSSSAG00000011938	AGKD04014919.1	.	protein_coding	mal2	mal%2C T cell differentiation protein 2 [Source:NCBI gene%3BAcc:100195959]
ENSSSAG00000011951	AGKD04027813.1	.	protein_coding	zgc:153896	ectonucleotide pyrophosphatase/phosphodiesterase family member 7-like [Source:NCBI gene%3BAcc:106596450]
ENSSSAG00000011959	AGKD04035749.1	.	misc_RNA	Metazoa_SRP	Metazoan signal recognition particle RNA [Source:RFAM%3BAcc:RF00017]
ENSSSAG00000011974	AGKD04029819.1	.	snRNA	U5	U5 spliceosomal RNA [Source:RFAM%3BAcc:RF00020]
ENSSSAG00000011985	ssa20	.	lncRNA		
ENSSSAG00000012009	AGKD04029846.1	.	protein_coding		ras-related protein Rab-19-like [Source:NCBI gene%3BAcc:106596843]
ENSSSAG00000012043	ssa24	.	miRNA	ssa-mir-455	ssa-mir-455 [Source:miRBase%3BAcc:MI0026705]
ENSSSAG00000012044	AGKD04014919.1	.	protein_coding		collectin-10-like [Source:NCBI gene%3BAcc:106591867]
ENSSSAG00000012066	AGKD04033009.1	.	protein_coding	CART	cocaine- and amphetamine-regulated transcript protein-like [Source:NCBI gene%3BAcc:106597405]
ENSSSAG00000012067	AGKD04053355.1	.	misc_RNA	Metazoa_SRP	Metazoan signal recognition particle RNA [Source:RFAM%3BAcc:RF00017]
ENSSSAG00000012093	AGKD04053355.1	.	misc_RNA	Metazoa_SRP	Metazoan signal recognition particle RNA [Source:RFAM%3BAcc:RF00017]
ENSSSAG00000012097	AGKD04062665.1	.	protein_coding		
ENSSSAG00000012108	ssa24	.	lncRNA		
ENSSSAG00000012147	AGKD04060290.1	.	snoRNA	U3	Small nucleolar RNA U3 [Source:RFAM%3BAcc:RF00012]
ENSSSAG00000012195	AGKD04060290.1	.	snoRNA	U3	Small nucleolar RNA U3 [Source:RFAM%3BAcc:RF00012]
ENSSSAG00000012198	AGKD04053964.1	.	protein_coding	si:dkeyp-72e1.7	si:dkeyp-72e1.7 [Source:ZFIN%3BAcc:ZDB-GENE-120215-229]
ENSSSAG00000012222	ssa26	.	lncRNA		
ENSSSAG00000012239	AGKD04067444.1	.	snRNA	U1	U1 spliceosomal RNA [Source:RFAM%3BAcc:RF00003]
ENSSSAG00000012267	AGKD04029862.1	.	protein_coding		
ENSSSAG00000012289	AGKD04058662.1	.	misc_RNA	Metazoa_SRP	Metazoan signal recognition particle RNA [Source:RFAM%3BAcc:RF00017]
ENSSSAG00000012292	AGKD04040630.1	.	pseudogene		
ENSSSAG00000012297	AGKD04046358.1	.	protein_coding		
ENSSSAG00000012304	AGKD04056569.1	.	snRNA	U4	U4 spliceosomal RNA [Source:RFAM%3BAcc:RF00015]
ENSSSAG00000012317	AGKD04058662.1	.	misc_RNA	Metazoa_SRP	Metazoan signal recognition particle RNA [Source:RFAM%3BAcc:RF00017]
ENSSSAG00000012339	AGKD04056569.1	.	snRNA	U4	U4 spliceosomal RNA [Source:RFAM%3BAcc:RF00015]
ENSSSAG00000012346	AGKD04037549.1	.	rRNA	5_8S_rRNA	5.8S ribosomal RNA [Source:RFAM%3BAcc:RF00002]
ENSSSAG00000012347	AGKD04019513.1	.	protein_coding	psmc2	26S protease regulatory subunit 7 [Source:NCBI gene%3BAcc:106594128]
ENSSSAG00000012376	ssa13	.	pseudogene		
ENSSSAG00000012377	AGKD04035781.1	.	protein_coding		PHD finger protein 3-like [Source:NCBI gene%3BAcc:106597734]
ENSSSAG00000012379	AGKD04056569.1	.	snRNA	U4	U4 spliceosomal RNA [Source:RFAM%3BAcc:RF00015]
ENSSSAG00000012380	AGKD04027846.1	.	protein_coding		
ENSSSAG00000012385	AGKD04049141.1	.	protein_coding	ccdc12	coiled-coil domain-containing protein 12-like [Source:NCBI gene%3BAcc:106598619]
ENSSSAG00000012388	AGKD04037549.1	.	rRNA		
ENSSSAG00000012390	ssa04	.	protein_coding		ubiquitin carboxyl-terminal hydrolase 32-like [Source:NCBI gene%3BAcc:106603267]
ENSSSAG00000012415	AGKD04029864.1	.	miRNA	ssa-mir-190b	ssa-mir-190b [Source:miRBase%3BAcc:MI0026550]
ENSSSAG00000012417	AGKD04074500.1	.	snRNA	U1	U1 spliceosomal RNA [Source:RFAM%3BAcc:RF00003]
ENSSSAG00000012432	AGKD04056569.1	.	snRNA	U4	U4 spliceosomal RNA [Source:RFAM%3BAcc:RF00015]
ENSSSAG00000012439	AGKD04071807.1	.	protein_coding		
ENSSSAG00000012452	AGKD04067471.1	.	snoRNA	U3	Small nucleolar RNA U3 [Source:RFAM%3BAcc:RF00012]
ENSSSAG00000012478	AGKD04055662.1	.	protein_coding		
ENSSSAG00000012484	AGKD04063362.1	.	snRNA	U6	U6 spliceosomal RNA [Source:RFAM%3BAcc:RF00026]
ENSSSAG00000012486	AGKD04067471.1	.	snoRNA	U3	Small nucleolar RNA U3 [Source:RFAM%3BAcc:RF00012]
ENSSSAG00000012501	AGKD04022423.1	.	protein_coding	ints1	integrator complex subunit 1-like [Source:NCBI gene%3BAcc:106595168]
ENSSSAG00000012502	AGKD04037569.1	.	protein_coding		
ENSSSAG00000012503	AGKD04061369.1	.	snRNA	U1	U1 spliceosomal RNA [Source:RFAM%3BAcc:RF00003]
ENSSSAG00000012511	AGKD04026308.1	.	protein_coding	arl16	ADP-ribosylation factor-like protein 16 [Source:NCBI gene%3BAcc:106596173]
ENSSSAG00000012518	AGKD04053358.1	.	protein_coding	CCN3	cellular communication network factor 3 [Source:HGNC Symbol%3BAcc:HGNC:7885]
ENSSSAG00000012522	AGKD04063362.1	.	snRNA	U6	U6 spliceosomal RNA [Source:RFAM%3BAcc:RF00026]
ENSSSAG00000012562	AGKD04063362.1	.	snRNA	U6	U6 spliceosomal RNA [Source:RFAM%3BAcc:RF00026]
ENSSSAG00000012568	AGKD04047735.1	.	snRNA	U1	U1 spliceosomal RNA [Source:RFAM%3BAcc:RF00003]
ENSSSAG00000012569	AGKD04029022.1	.	protein_coding	si:ch211-269k10.5	membrane-spanning 4-domains subfamily A member 4D-like [Source:NCBI gene%3BAcc:106596680]
ENSSSAG00000012573	AGKD04040661.1	.	protein_coding		
ENSSSAG00000012603	AGKD04047735.1	.	snRNA	U1	U1 spliceosomal RNA [Source:RFAM%3BAcc:RF00003]
ENSSSAG00000012637	AGKD04070922.1	.	snRNA	U4	U4 spliceosomal RNA [Source:RFAM%3BAcc:RF00015]
ENSSSAG00000012660	AGKD04038953.1	.	pseudogene		
ENSSSAG00000012668	AGKD04070922.1	.	snRNA	U4	U4 spliceosomal RNA [Source:RFAM%3BAcc:RF00015]
ENSSSAG00000012690	AGKD04061395.1	.	snRNA	U1	U1 spliceosomal RNA [Source:RFAM%3BAcc:RF00003]
ENSSSAG00000012691	AGKD04070922.1	.	snRNA	U4	U4 spliceosomal RNA [Source:RFAM%3BAcc:RF00015]
ENSSSAG00000012695	AGKD04068818.1	.	snoRNA	U3	Small nucleolar RNA U3 [Source:RFAM%3BAcc:RF00012]
ENSSSAG00000012716	AGKD04037637.1	.	pseudogene		
ENSSSAG00000012732	AGKD04068818.1	.	snoRNA	U3	Small nucleolar RNA U3 [Source:RFAM%3BAcc:RF00012]
ENSSSAG00000012777	AGKD04042727.1	.	protein_coding		
ENSSSAG00000012781	AGKD04073862.1	.	snRNA	U1	U1 spliceosomal RNA [Source:RFAM%3BAcc:RF00003]
ENSSSAG00000012783	AGKD04053585.1	.	pseudogene		heat shock protein 30-like [Source:NCBI gene%3BAcc:106598765]
ENSSSAG00000012785	AGKD04072278.1	.	snoRNA	U3	Small nucleolar RNA U3 [Source:RFAM%3BAcc:RF00012]
ENSSSAG00000012818	AGKD04045663.1	.	protein_coding	RT33	28S ribosomal protein S33%2C mitochondrial-like [Source:NCBI gene%3BAcc:106598422]
ENSSSAG00000012820	AGKD04072278.1	.	snoRNA	U3	Small nucleolar RNA U3 [Source:RFAM%3BAcc:RF00012]
ENSSSAG00000012821	AGKD04038957.1	.	protein_coding	rxfp3.3a2	relaxin family peptide receptor 3.3a2 [Source:ZFIN%3BAcc:ZDB-GENE-121030-2]
ENSSSAG00000012832	AGKD04055673.1	.	snRNA	U6	U6 spliceosomal RNA [Source:RFAM%3BAcc:RF00026]
ENSSSAG00000012856	AGKD04018342.1	.	protein_coding		focal adhesion kinase 1-like [Source:NCBI gene%3BAcc:106593695]
ENSSSAG00000012866	AGKD04055673.1	.	snRNA	U6	U6 spliceosomal RNA [Source:RFAM%3BAcc:RF00026]
ENSSSAG00000012870	AGKD04056246.1	.	snoRNA	U3	Small nucleolar RNA U3 [Source:RFAM%3BAcc:RF00012]
ENSSSAG00000012879	ssa16	.	pseudogene		
ENSSSAG00000012891	AGKD04040731.1	.	protein_coding		
ENSSSAG00000012901	AGKD04071965.1	.	snRNA	U5	U5 spliceosomal RNA [Source:RFAM%3BAcc:RF00020]
ENSSSAG00000012902	AGKD04056246.1	.	snoRNA	U3	Small nucleolar RNA U3 [Source:RFAM%3BAcc:RF00012]
ENSSSAG00000012904	AGKD04055673.1	.	snRNA	U6	U6 spliceosomal RNA [Source:RFAM%3BAcc:RF00026]
ENSSSAG00000012936	AGKD04055683.1	.	snRNA	U6	U6 spliceosomal RNA [Source:RFAM%3BAcc:RF00026]
ENSSSAG00000012943	AGKD04056246.1	.	snoRNA	U3	Small nucleolar RNA U3 [Source:RFAM%3BAcc:RF00012]
ENSSSAG00000012952	AGKD04040731.1	.	protein_coding		
ENSSSAG00000012953	AGKD04053382.1	.	snRNA	U1	U1 spliceosomal RNA [Source:RFAM%3BAcc:RF00003]
ENSSSAG00000012961	AGKD04055683.1	.	snRNA	U6	U6 spliceosomal RNA [Source:RFAM%3BAcc:RF00026]
ENSSSAG00000012977	AGKD04042774.1	.	misc_RNA	Metazoa_SRP	Metazoan signal recognition particle RNA [Source:RFAM%3BAcc:RF00017]
ENSSSAG00000012988	AGKD04027858.1	.	pseudogene		
ENSSSAG00000012994	AGKD04055683.1	.	snRNA	U6	U6 spliceosomal RNA [Source:RFAM%3BAcc:RF00026]
ENSSSAG00000013004	AGKD04042774.1	.	misc_RNA	Metazoa_SRP	Metazoan signal recognition particle RNA [Source:RFAM%3BAcc:RF00017]
ENSSSAG00000013011	AGKD04038962.1	.	protein_coding		
ENSSSAG00000013021	AGKD04053390.1	.	protein_coding	si:ch211-269k10.5	membrane-spanning 4-domains subfamily A member 4D-like [Source:NCBI gene%3BAcc:106598742]
ENSSSAG00000013034	AGKD04067574.1	.	snoRNA		
ENSSSAG00000013047	AGKD04068848.1	.	rRNA		
ENSSSAG00000013049	AGKD04042817.1	.	protein_coding	u2af1	U2 small nuclear RNA auxiliary factor 1 [Source:ZFIN%3BAcc:ZDB-GENE-020419-1]
ENSSSAG00000013089	AGKD04067574.1	.	snoRNA		
ENSSSAG00000013095	AGKD04053405.1	.	protein_coding	si:dkeyp-72e1.7	si:dkeyp-72e1.7 [Source:ZFIN%3BAcc:ZDB-GENE-120215-229]
ENSSSAG00000013098	AGKD04027862.1	.	snoRNA	U3	Small nucleolar RNA U3 [Source:RFAM%3BAcc:RF00012]
ENSSSAG00000013132	AGKD04027862.1	.	snoRNA	U3	Small nucleolar RNA U3 [Source:RFAM%3BAcc:RF00012]
ENSSSAG00000013142	AGKD04067574.1	.	snoRNA		
ENSSSAG00000013150	AGKD04047755.1	.	snRNA	U4	U4 spliceosomal RNA [Source:RFAM%3BAcc:RF00015]
ENSSSAG00000013167	AGKD04027862.1	.	snoRNA	U3	Small nucleolar RNA U3 [Source:RFAM%3BAcc:RF00012]
ENSSSAG00000013168	AGKD04038974.1	.	protein_coding		
ENSSSAG00000013181	AGKD04067574.1	.	snoRNA		
ENSSSAG00000013182	AGKD04022852.1	.	miRNA	ssa-mir-2184	ssa-mir-2184 [Source:miRBase%3BAcc:MI0026784]
ENSSSAG00000013183	AGKD04047755.1	.	snRNA	U4	U4 spliceosomal RNA [Source:RFAM%3BAcc:RF00015]
ENSSSAG00000013200	AGKD04027862.1	.	snoRNA	U3	Small nucleolar RNA U3 [Source:RFAM%3BAcc:RF00012]
ENSSSAG00000013211	AGKD04029879.1	.	protein_coding		
ENSSSAG00000013218	AGKD04047755.1	.	snRNA	U4	U4 spliceosomal RNA [Source:RFAM%3BAcc:RF00015]
ENSSSAG00000013220	AGKD04038974.1	.	pseudogene		
ENSSSAG00000013223	AGKD04067574.1	.	snoRNA		
ENSSSAG00000013240	AGKD04027862.1	.	snoRNA	U3	Small nucleolar RNA U3 [Source:RFAM%3BAcc:RF00012]
ENSSSAG00000013243	AGKD04047755.1	.	snRNA	U4	U4 spliceosomal RNA [Source:RFAM%3BAcc:RF00015]
ENSSSAG00000013255	AGKD04067574.1	.	snoRNA		
ENSSSAG00000013273	AGKD04027862.1	.	snoRNA	U3	Small nucleolar RNA U3 [Source:RFAM%3BAcc:RF00012]
ENSSSAG00000013275	AGKD04047755.1	.	snRNA	U4	U4 spliceosomal RNA [Source:RFAM%3BAcc:RF00015]
ENSSSAG00000013293	AGKD04067574.1	.	snoRNA		
ENSSSAG00000013301	AGKD04027862.1	.	snoRNA	U3	Small nucleolar RNA U3 [Source:RFAM%3BAcc:RF00012]
ENSSSAG00000013312	AGKD04047769.1	.	protein_coding	mrps33	mitochondrial ribosomal protein S33 [Source:ZFIN%3BAcc:ZDB-GENE-040715-6]
ENSSSAG00000013326	AGKD04027879.1	.	protein_coding		
ENSSSAG00000013332	AGKD04029886.1	.	protein_coding		
ENSSSAG00000013338	AGKD04055784.1	.	snRNA	U1	U1 spliceosomal RNA [Source:RFAM%3BAcc:RF00003]
ENSSSAG00000013342	AGKD04067574.1	.	snoRNA		
ENSSSAG00000013344	AGKD04038992.1	.	protein_coding		
ENSSSAG00000013358	AGKD04074000.1	.	protein_coding		
ENSSSAG00000013375	AGKD04027879.1	.	protein_coding		
ENSSSAG00000013376	AGKD04047799.1	.	protein_coding		
ENSSSAG00000013388	AGKD04055787.1	.	snRNA	U2	U2 spliceosomal RNA [Source:RFAM%3BAcc:RF00004]
ENSSSAG00000013394	AGKD04072016.1	.	snRNA	U1	U1 spliceosomal RNA [Source:RFAM%3BAcc:RF00003]
ENSSSAG00000013400	AGKD04070067.1	.	snRNA	U6	U6 spliceosomal RNA [Source:RFAM%3BAcc:RF00026]
ENSSSAG00000013416	AGKD04069531.1	.	protein_coding		
ENSSSAG00000013423	AGKD04072046.1	.	misc_RNA	Metazoa_SRP	Metazoan signal recognition particle RNA [Source:RFAM%3BAcc:RF00017]
ENSSSAG00000013429	AGKD04055787.1	.	snRNA	U5	U5 spliceosomal RNA [Source:RFAM%3BAcc:RF00020]
ENSSSAG00000013441	AGKD04037665.1	.	protein_coding		
ENSSSAG00000013447	AGKD04070067.1	.	snRNA	U6	U6 spliceosomal RNA [Source:RFAM%3BAcc:RF00026]
ENSSSAG00000013452	AGKD04066013.1	.	protein_coding		
ENSSSAG00000013457	AGKD04022893.1	.	protein_coding		
ENSSSAG00000013464	AGKD04071036.1	.	snoRNA		
ENSSSAG00000013474	AGKD04018381.1	.	miRNA	ssa-mir-128-4	ssa-mir-128-4 [Source:miRBase%3BAcc:MI0026464]
ENSSSAG00000013486	AGKD04025389.1	.	lncRNA		
ENSSSAG00000013489	AGKD04071036.1	.	snoRNA		
ENSSSAG00000013497	AGKD04049173.1	.	snRNA	U6	U6 spliceosomal RNA [Source:RFAM%3BAcc:RF00026]
ENSSSAG00000013500	AGKD04061530.1	.	snRNA	U1	U1 spliceosomal RNA [Source:RFAM%3BAcc:RF00003]
ENSSSAG00000013508	AGKD04025389.1	.	lncRNA		
ENSSSAG00000013515	AGKD04047867.1	.	protein_coding	mrps33	mitochondrial ribosomal protein S33 [Source:ZFIN%3BAcc:ZDB-GENE-040715-6]
ENSSSAG00000013520	AGKD04071036.1	.	snoRNA		
ENSSSAG00000013546	AGKD04071036.1	.	snoRNA		
ENSSSAG00000013549	AGKD04025396.1	.	pseudogene		
ENSSSAG00000013561	AGKD04072052.1	.	snRNA	U5	U5 spliceosomal RNA [Source:RFAM%3BAcc:RF00020]
ENSSSAG00000013571	AGKD04071036.1	.	snoRNA		
ENSSSAG00000013574	AGKD04022893.1	.	protein_coding		cleavage and polyadenylation specificity factor subunit 6-like [Source:NCBI gene%3BAcc:106595333]
ENSSSAG00000013590	AGKD04056273.1	.	snoRNA	U3	Small nucleolar RNA U3 [Source:RFAM%3BAcc:RF00012]
ENSSSAG00000013598	AGKD04071036.1	.	snoRNA		
ENSSSAG00000013607	AGKD04040766.1	.	protein_coding	TR11B	tumor necrosis factor receptor superfamily member 11B-like [Source:NCBI gene%3BAcc:106598140]
ENSSSAG00000013609	AGKD04027895.1	.	protein_coding		
ENSSSAG00000013623	AGKD04043153.1	.	protein_coding	mrps33	mitochondrial ribosomal protein S33 [Source:ZFIN%3BAcc:ZDB-GENE-040715-6]
ENSSSAG00000013630	AGKD04039037.1	.	scaRNA		
ENSSSAG00000013635	AGKD04060412.1	.	snRNA	U4	U4 spliceosomal RNA [Source:RFAM%3BAcc:RF00015]
ENSSSAG00000013643	AGKD04030911.1	.	snRNA	U2	U2 spliceosomal RNA [Source:RFAM%3BAcc:RF00004]
ENSSSAG00000013653	AGKD04037729.1	.	pseudogene		
ENSSSAG00000013654	AGKD04056273.1	.	snoRNA	U3	Small nucleolar RNA U3 [Source:RFAM%3BAcc:RF00012]
ENSSSAG00000013669	AGKD04062780.1	.	snRNA	U6	U6 spliceosomal RNA [Source:RFAM%3BAcc:RF00026]
ENSSSAG00000013670	AGKD04039040.1	.	scaRNA		
ENSSSAG00000013674	AGKD04030911.1	.	snRNA	U2	U2 spliceosomal RNA [Source:RFAM%3BAcc:RF00004]
ENSSSAG00000013675	AGKD04060412.1	.	snRNA	U4	U4 spliceosomal RNA [Source:RFAM%3BAcc:RF00015]
ENSSSAG00000013684	AGKD04056273.1	.	snoRNA	U3	Small nucleolar RNA U3 [Source:RFAM%3BAcc:RF00012]
ENSSSAG00000013689	AGKD04070075.1	.	protein_coding		
ENSSSAG00000013694	AGKD04063765.1	.	snoRNA	U3	Small nucleolar RNA U3 [Source:RFAM%3BAcc:RF00012]
ENSSSAG00000013705	AGKD04062780.1	.	snRNA	U6	U6 spliceosomal RNA [Source:RFAM%3BAcc:RF00026]
ENSSSAG00000013708	AGKD04030917.1	.	snRNA	U1	U1 spliceosomal RNA [Source:RFAM%3BAcc:RF00003]
ENSSSAG00000013711	AGKD04060412.1	.	snRNA	U4	U4 spliceosomal RNA [Source:RFAM%3BAcc:RF00015]
ENSSSAG00000013715	AGKD04034040.1	.	pseudogene		
ENSSSAG00000013737	AGKD04033022.1	.	protein_coding		
ENSSSAG00000013741	AGKD04063765.1	.	snoRNA	U3	Small nucleolar RNA U3 [Source:RFAM%3BAcc:RF00012]
ENSSSAG00000013743	AGKD04030917.1	.	snRNA	U1	U1 spliceosomal RNA [Source:RFAM%3BAcc:RF00003]
ENSSSAG00000013744	AGKD04060412.1	.	snRNA	U4	U4 spliceosomal RNA [Source:RFAM%3BAcc:RF00015]
ENSSSAG00000013747	AGKD04029905.1	.	protein_coding		
ENSSSAG00000013776	AGKD04039133.1	.	protein_coding		complement C1q subcomponent subunit B-like [Source:NCBI gene%3BAcc:106598008]
ENSSSAG00000013795	AGKD04049331.1	.	snRNA	U1	U1 spliceosomal RNA [Source:RFAM%3BAcc:RF00003]
ENSSSAG00000013798	AGKD04033022.1	.	protein_coding		
ENSSSAG00000013838	AGKD04029911.1	.	lncRNA		
ENSSSAG00000013839	AGKD04053671.1	.	snRNA	U4	U4 spliceosomal RNA [Source:RFAM%3BAcc:RF00015]
ENSSSAG00000013849	AGKD04033047.1	.	pseudogene		protocadherin alpha-13-like [Source:NCBI gene%3BAcc:106597412]
ENSSSAG00000013872	AGKD04053671.1	.	snRNA	U4	U4 spliceosomal RNA [Source:RFAM%3BAcc:RF00015]
ENSSSAG00000013886	AGKD04039174.1	.	protein_coding	PAX2	paired box protein Pax-2a [Source:NCBI gene%3BAcc:106598011]
ENSSSAG00000013903	AGKD04034067.1	.	protein_coding		
ENSSSAG00000013909	AGKD04053671.1	.	snRNA	U4	U4 spliceosomal RNA [Source:RFAM%3BAcc:RF00015]
ENSSSAG00000013945	AGKD04053671.1	.	snRNA	U4	U4 spliceosomal RNA [Source:RFAM%3BAcc:RF00015]
ENSSSAG00000013952	AGKD04040775.1	.	protein_coding		
ENSSSAG00000013970	AGKD04045728.1	.	protein_coding		
ENSSSAG00000013975	AGKD04053671.1	.	snRNA	U4	U4 spliceosomal RNA [Source:RFAM%3BAcc:RF00015]
ENSSSAG00000013980	AGKD04039221.1	.	scaRNA		
ENSSSAG00000013989	AGKD04069652.1	.	misc_RNA	Metazoa_SRP	Metazoan signal recognition particle RNA [Source:RFAM%3BAcc:RF00017]
ENSSSAG00000013999	AGKD04014931.1	.	pseudogene		
ENSSSAG00000014007	AGKD04034080.1	.	protein_coding		
ENSSSAG00000014014	AGKD04039230.1	.	ribozyme	RNaseP_nuc	Nuclear RNase P [Source:RFAM%3BAcc:RF00009]
ENSSSAG00000014015	AGKD04053681.1	.	snRNA	U1	U1 spliceosomal RNA [Source:RFAM%3BAcc:RF00003]
ENSSSAG00000014021	AGKD04056291.1	.	snoRNA	U3	Small nucleolar RNA U3 [Source:RFAM%3BAcc:RF00012]
ENSSSAG00000014049	AGKD04039230.1	.	ribozyme	RNaseP_nuc	Nuclear RNase P [Source:RFAM%3BAcc:RF00009]
ENSSSAG00000014060	AGKD04056291.1	.	snoRNA	U3	Small nucleolar RNA U3 [Source:RFAM%3BAcc:RF00012]
ENSSSAG00000014062	AGKD04046677.1	.	snRNA	U1	U1 spliceosomal RNA [Source:RFAM%3BAcc:RF00003]
ENSSSAG00000014065	AGKD04045748.1	.	snRNA	U1	U1 spliceosomal RNA [Source:RFAM%3BAcc:RF00003]
ENSSSAG00000014077	AGKD04063507.1	.	snRNA	U2	U2 spliceosomal RNA [Source:RFAM%3BAcc:RF00004]
ENSSSAG00000014091	AGKD04039313.1	.	scaRNA		
ENSSSAG00000014094	AGKD04040792.1	.	snoRNA		
ENSSSAG00000014099	AGKD04025422.1	.	protein_coding		ras-related protein Rab-19-like [Source:NCBI gene%3BAcc:106595981]
ENSSSAG00000014102	AGKD04046688.1	.	snRNA	U4	U4 spliceosomal RNA [Source:RFAM%3BAcc:RF00015]
ENSSSAG00000014108	AGKD04045748.1	.	snRNA	U1	U1 spliceosomal RNA [Source:RFAM%3BAcc:RF00003]
ENSSSAG00000014125	AGKD04063507.1	.	snRNA	U5	U5 spliceosomal RNA [Source:RFAM%3BAcc:RF00020]
ENSSSAG00000014130	AGKD04040821.1	.	snRNA	U1	U1 spliceosomal RNA [Source:RFAM%3BAcc:RF00003]
ENSSSAG00000014136	AGKD04046688.1	.	snRNA	U4	U4 spliceosomal RNA [Source:RFAM%3BAcc:RF00015]
ENSSSAG00000014144	AGKD04045773.1	.	snRNA	U1	U1 spliceosomal RNA [Source:RFAM%3BAcc:RF00003]
ENSSSAG00000014170	AGKD04046688.1	.	snRNA	U4	U4 spliceosomal RNA [Source:RFAM%3BAcc:RF00015]
ENSSSAG00000014198	AGKD04046688.1	.	snRNA	U4	U4 spliceosomal RNA [Source:RFAM%3BAcc:RF00015]
ENSSSAG00000014204	AGKD04025470.1	.	snRNA	U2	U2 spliceosomal RNA [Source:RFAM%3BAcc:RF00004]
ENSSSAG00000014209	AGKD04034107.1	.	snRNA	U1	U1 spliceosomal RNA [Source:RFAM%3BAcc:RF00003]
ENSSSAG00000014217	AGKD04072240.1	.	protein_coding		
ENSSSAG00000014235	AGKD04034107.1	.	snRNA	U1	U1 spliceosomal RNA [Source:RFAM%3BAcc:RF00003]
ENSSSAG00000014236	AGKD04046688.1	.	snRNA	U4	U4 spliceosomal RNA [Source:RFAM%3BAcc:RF00015]
ENSSSAG00000014238	AGKD04025470.1	.	snRNA	U5	U5 spliceosomal RNA [Source:RFAM%3BAcc:RF00020]
ENSSSAG00000014263	AGKD04029929.1	.	protein_coding	lrfn2b	leucine-rich repeat and fibronectin type-III domain-containing protein 2-like [Source:NCBI gene%3BAcc:106596863]
ENSSSAG00000014272	AGKD04025479.1	.	snRNA	U1	U1 spliceosomal RNA [Source:RFAM%3BAcc:RF00003]
ENSSSAG00000014278	AGKD04045889.1	.	protein_coding		THAP domain-containing protein 5-like [Source:NCBI gene%3BAcc:106598438]
ENSSSAG00000014282	AGKD04034133.1	.	protein_coding	ankrd28b	serine/threonine-protein phosphatase 6 regulatory ankyrin repeat subunit A-like [Source:NCBI gene%3BAcc:106597552]
ENSSSAG00000014304	AGKD04025479.1	.	snRNA	U1	U1 spliceosomal RNA [Source:RFAM%3BAcc:RF00003]
ENSSSAG00000014329	AGKD04069096.1	.	snRNA	U6	U6 spliceosomal RNA [Source:RFAM%3BAcc:RF00026]
ENSSSAG00000014332	AGKD04025479.1	.	snRNA	U1	U1 spliceosomal RNA [Source:RFAM%3BAcc:RF00003]
ENSSSAG00000014353	AGKD04053487.1	.	protein_coding	si:dkeyp-72e1.7	si:dkeyp-72e1.7 [Source:ZFIN%3BAcc:ZDB-GENE-120215-229]
ENSSSAG00000014357	AGKD04069096.1	.	snRNA	U6	U6 spliceosomal RNA [Source:RFAM%3BAcc:RF00026]
ENSSSAG00000014402	AGKD04029937.1	.	snRNA	U1	U1 spliceosomal RNA [Source:RFAM%3BAcc:RF00003]
ENSSSAG00000014404	AGKD04061615.1	.	misc_RNA	Metazoa_SRP	Metazoan signal recognition particle RNA [Source:RFAM%3BAcc:RF00017]
ENSSSAG00000014412	AGKD04057497.1	.	misc_RNA	Metazoa_SRP	Metazoan signal recognition particle RNA [Source:RFAM%3BAcc:RF00017]
ENSSSAG00000014435	AGKD04046802.1	.	snoRNA		
ENSSSAG00000014453	AGKD04037831.1	.	protein_coding		
ENSSSAG00000014464	AGKD04046802.1	.	snoRNA	U3	Small nucleolar RNA U3 [Source:RFAM%3BAcc:RF00012]
ENSSSAG00000014482	AGKD04071153.1	.	protein_coding		
ENSSSAG00000014508	AGKD04040978.1	.	pseudogene		
ENSSSAG00000014512	AGKD04033140.1	.	protein_coding	RL30	60S ribosomal protein L30-like [Source:NCBI gene%3BAcc:106597426]
ENSSSAG00000014517	AGKD04046802.1	.	snoRNA		
ENSSSAG00000014523	AGKD04030944.1	.	protein_coding		
ENSSSAG00000014546	AGKD04046802.1	.	snoRNA	U3	Small nucleolar RNA U3 [Source:RFAM%3BAcc:RF00012]
ENSSSAG00000014584	AGKD04046802.1	.	snoRNA		
ENSSSAG00000014585	AGKD04027938.1	.	protein_coding		
ENSSSAG00000014587	AGKD04030957.1	.	protein_coding		
ENSSSAG00000014608	AGKD04046802.1	.	snoRNA	U3	Small nucleolar RNA U3 [Source:RFAM%3BAcc:RF00012]
ENSSSAG00000014609	ssa16	.	lncRNA		
ENSSSAG00000014619	ssa16	.	lncRNA		
ENSSSAG00000014637	AGKD04046802.1	.	snoRNA		
ENSSSAG00000014648	AGKD04071242.1	.	snRNA	U1	U1 spliceosomal RNA [Source:RFAM%3BAcc:RF00003]
ENSSSAG00000014654	AGKD04049400.1	.	pseudogene		
ENSSSAG00000014655	AGKD04036070.1	.	scaRNA		
ENSSSAG00000014661	AGKD04046802.1	.	snoRNA	U3	Small nucleolar RNA U3 [Source:RFAM%3BAcc:RF00012]
ENSSSAG00000014670	AGKD04041018.1	.	protein_coding		complement C1q subcomponent subunit B-like [Source:NCBI gene%3BAcc:106598160]
ENSSSAG00000014733	AGKD04074755.1	.	snRNA	U1	U1 spliceosomal RNA [Source:RFAM%3BAcc:RF00003]
ENSSSAG00000014762	AGKD04046037.1	.	protein_coding		stathmin-2-like [Source:NCBI gene%3BAcc:106598446]
ENSSSAG00000014770	AGKD04036123.1	.	pseudogene		
ENSSSAG00000014777	AGKD04049406.1	.	protein_coding		
ENSSSAG00000014786	AGKD04047987.1	.	snoRNA	U3	Small nucleolar RNA U3 [Source:RFAM%3BAcc:RF00012]
ENSSSAG00000014812	AGKD04047987.1	.	snoRNA	U3	Small nucleolar RNA U3 [Source:RFAM%3BAcc:RF00012]
ENSSSAG00000014827	AGKD04049463.1	.	protein_coding	acbd7	acyl-CoA binding domain containing 7 [Source:ZFIN%3BAcc:ZDB-GENE-050913-108]
ENSSSAG00000014830	AGKD04047987.1	.	snoRNA	U3	Small nucleolar RNA U3 [Source:RFAM%3BAcc:RF00012]
ENSSSAG00000014849	AGKD04036127.1	.	protein_coding	noctb	nocturnin-like [Source:NCBI gene%3BAcc:106597766]
ENSSSAG00000014852	AGKD04014939.1	.	protein_coding	pnpla8	calcium-independent phospholipase A2-gamma-like [Source:NCBI gene%3BAcc:106591883]
ENSSSAG00000014896	AGKD04014939.1	.	protein_coding	si:dkeyp-81f3.4	A-kinase anchor protein 14-like [Source:NCBI gene%3BAcc:106591884]
ENSSSAG00000014906	AGKD04055997.1	.	protein_coding		
ENSSSAG00000014954	AGKD04026405.1	.	protein_coding	hmx4	homeobox protein HMX3-B-like [Source:NCBI gene%3BAcc:106596191]
ENSSSAG00000014969	AGKD04074773.1	.	snoRNA		
ENSSSAG00000014970	AGKD04022424.1	.	protein_coding	ints1	integrator complex subunit 1-like [Source:NCBI gene%3BAcc:106595169]
ENSSSAG00000014987	AGKD04030984.1	.	protein_coding		exosome complex component RRP45-like [Source:NCBI gene%3BAcc:106597062]
ENSSSAG00000014995	AGKD04074334.1	.	snRNA	U1	U1 spliceosomal RNA [Source:RFAM%3BAcc:RF00003]
ENSSSAG00000014997	AGKD04074773.1	.	snoRNA	U3	Small nucleolar RNA U3 [Source:RFAM%3BAcc:RF00012]
ENSSSAG00000015005	AGKD04026408.1	.	protein_coding		
ENSSSAG00000015010	AGKD04074773.1	.	snoRNA		
ENSSSAG00000015014	AGKD04015079.1	.	lncRNA		
ENSSSAG00000015026	AGKD04074773.1	.	snoRNA	U3	Small nucleolar RNA U3 [Source:RFAM%3BAcc:RF00012]
ENSSSAG00000015051	AGKD04056017.1	.	snRNA	U1	U1 spliceosomal RNA [Source:RFAM%3BAcc:RF00003]
ENSSSAG00000015083	AGKD04026408.1	.	protein_coding		
ENSSSAG00000015096	AGKD04074362.1	.	protein_coding		
ENSSSAG00000015113	AGKD04029956.1	.	protein_coding		ras-related protein Rab-19-like [Source:NCBI gene%3BAcc:106596871]
ENSSSAG00000015121	AGKD04049532.1	.	rRNA	5_8S_rRNA	5.8S ribosomal RNA [Source:RFAM%3BAcc:RF00002]
ENSSSAG00000015137	AGKD04026413.1	.	snoRNA		
ENSSSAG00000015147	AGKD04026413.1	.	snoRNA		
ENSSSAG00000015150	AGKD04014941.1	.	lncRNA		
ENSSSAG00000015153	AGKD04026413.1	.	snoRNA		
ENSSSAG00000015158	AGKD04049559.1	.	misc_RNA	Metazoa_SRP	Metazoan signal recognition particle RNA [Source:RFAM%3BAcc:RF00017]
ENSSSAG00000015162	AGKD04026413.1	.	snoRNA		
ENSSSAG00000015167	AGKD04049559.1	.	misc_RNA	Metazoa_SRP	Metazoan signal recognition particle RNA [Source:RFAM%3BAcc:RF00017]
ENSSSAG00000015181	AGKD04069871.1	.	snRNA	U1	U1 spliceosomal RNA [Source:RFAM%3BAcc:RF00003]
ENSSSAG00000015191	ssa16	.	lncRNA		
ENSSSAG00000015192	AGKD04069873.1	.	snoRNA	U3	Small nucleolar RNA U3 [Source:RFAM%3BAcc:RF00012]
ENSSSAG00000015201	AGKD04069873.1	.	snoRNA	U3	Small nucleolar RNA U3 [Source:RFAM%3BAcc:RF00012]
ENSSSAG00000015206	AGKD04014954.1	.	pseudogene		
ENSSSAG00000015241	ssa01	.	lncRNA		
ENSSSAG00000015261	ssa01	.	lncRNA		
ENSSSAG00000015294	AGKD04030032.1	.	protein_coding		
ENSSSAG00000015299	AGKD04026501.1	.	protein_coding	sdr42e1	short-chain dehydrogenase/reductase family 42E member 1-like [Source:NCBI gene%3BAcc:106596212]
ENSSSAG00000015305	AGKD04026501.1	.	protein_coding		Wilms tumor protein 1-interacting protein homolog [Source:NCBI gene%3BAcc:106596214]
ENSSSAG00000015307	AGKD04030033.1	.	snRNA	U1	U1 spliceosomal RNA [Source:RFAM%3BAcc:RF00003]
ENSSSAG00000015309	AGKD04030033.1	.	snRNA	U1	U1 spliceosomal RNA [Source:RFAM%3BAcc:RF00003]
ENSSSAG00000015310	AGKD04030033.1	.	snRNA	U1	U1 spliceosomal RNA [Source:RFAM%3BAcc:RF00003]
ENSSSAG00000015311	AGKD04031087.1	.	snRNA	U6	U6 spliceosomal RNA [Source:RFAM%3BAcc:RF00026]
ENSSSAG00000015312	AGKD04034162.1	.	snRNA	U1	U1 spliceosomal RNA [Source:RFAM%3BAcc:RF00003]
ENSSSAG00000015317	AGKD04031112.1	.	protein_coding		exosome complex component RRP45-like [Source:NCBI gene%3BAcc:106597083]
ENSSSAG00000015331	AGKD04027993.1	.	protein_coding	hmx4	homeobox protein HMX3-B-like [Source:NCBI gene%3BAcc:106596481]
ENSSSAG00000015333	AGKD04034219.1	.	protein_coding		hepatocyte cell adhesion molecule-like [Source:NCBI gene%3BAcc:106597565]
ENSSSAG00000015334	AGKD04029033.1	.	protein_coding	stk16	serine/threonine-protein kinase 16-like [Source:NCBI gene%3BAcc:106596686]
ENSSSAG00000015335	AGKD04031136.1	.	rRNA	5S_rRNA	5S ribosomal RNA [Source:RFAM%3BAcc:RF00001]
ENSSSAG00000015337	AGKD04027997.1	.	protein_coding	CIDEC	cell death activator CIDE-3-like [Source:NCBI gene%3BAcc:106596482]
ENSSSAG00000015338	AGKD04031136.1	.	rRNA	5S_rRNA	5S ribosomal RNA [Source:RFAM%3BAcc:RF00001]
ENSSSAG00000015340	AGKD04031136.1	.	rRNA	5S_rRNA	5S ribosomal RNA [Source:RFAM%3BAcc:RF00001]
ENSSSAG00000015342	AGKD04031136.1	.	rRNA	5S_rRNA	5S ribosomal RNA [Source:RFAM%3BAcc:RF00001]
ENSSSAG00000015343	AGKD04031136.1	.	rRNA	5S_rRNA	5S ribosomal RNA [Source:RFAM%3BAcc:RF00001]
ENSSSAG00000015352	AGKD04030059.1	.	protein_coding	zdhhc12b	probable palmitoyltransferase ZDHHC12 [Source:NCBI gene%3BAcc:106596889]
ENSSSAG00000015363	AGKD04034251.1	.	pseudogene		gap junction delta-2 protein-like [Source:NCBI gene%3BAcc:106597570]
ENSSSAG00000015368	AGKD04022973.1	.	snRNA	U1	U1 spliceosomal RNA [Source:RFAM%3BAcc:RF00003]
ENSSSAG00000015371	AGKD04022973.1	.	snRNA	U1	U1 spliceosomal RNA [Source:RFAM%3BAcc:RF00003]
ENSSSAG00000015375	AGKD04022973.1	.	snRNA	U1	U1 spliceosomal RNA [Source:RFAM%3BAcc:RF00003]
ENSSSAG00000015380	AGKD04022977.1	.	protein_coding	ube2ka	ubiquitin-conjugating enzyme E2 K [Source:NCBI gene%3BAcc:106595367]
ENSSSAG00000015383	AGKD04025512.1	.	pseudogene		
ENSSSAG00000015386	AGKD04031158.1	.	protein_coding		claudin-4-like [Source:NCBI gene%3BAcc:106597093]
ENSSSAG00000015387	ssa17	.	protein_coding	nr4a2b	nuclear receptor subfamily 4 group A member 2-like [Source:NCBI gene%3BAcc:106575779]
ENSSSAG00000015404	AGKD04025527.1	.	protein_coding		
ENSSSAG00000015412	AGKD04025528.1	.	protein_coding		
ENSSSAG00000015420	AGKD04031178.1	.	snRNA	U6	U6 spliceosomal RNA [Source:RFAM%3BAcc:RF00026]
ENSSSAG00000015422	AGKD04041219.1	.	snRNA	U1	U1 spliceosomal RNA [Source:RFAM%3BAcc:RF00003]
ENSSSAG00000015425	AGKD04031179.1	.	protein_coding	dennd11	DENN domain containing 11 [Source:NCBI gene%3BAcc:556432]
ENSSSAG00000015442	AGKD04025530.1	.	processed_pseudogene		
ENSSSAG00000015447	AGKD04029053.1	.	protein_coding		collectin-10-like [Source:NCBI gene%3BAcc:106596689]
ENSSSAG00000015457	ssa16	.	pseudogene		
ENSSSAG00000015458	AGKD04025553.1	.	snRNA	U1	U1 spliceosomal RNA [Source:RFAM%3BAcc:RF00003]
ENSSSAG00000015459	AGKD04029057.1	.	protein_coding		
ENSSSAG00000015460	AGKD04025553.1	.	snRNA	U1	U1 spliceosomal RNA [Source:RFAM%3BAcc:RF00003]
ENSSSAG00000015464	ssa10	.	snoRNA	SNORA71	Small nucleolar RNA SNORA71 [Source:RFAM%3BAcc:RF00056]
ENSSSAG00000015465	ssa10	.	snoRNA	SNORA71	Small nucleolar RNA SNORA71 [Source:RFAM%3BAcc:RF00056]
ENSSSAG00000015466	ssa10	.	snoRNA	SNORA71	Small nucleolar RNA SNORA71 [Source:RFAM%3BAcc:RF00056]
ENSSSAG00000015468	ssa10	.	snoRNA	SNORA71	Small nucleolar RNA SNORA71 [Source:RFAM%3BAcc:RF00056]
ENSSSAG00000015469	ssa16	.	lncRNA		
ENSSSAG00000015473	AGKD04015096.1	.	lncRNA		
ENSSSAG00000015475	AGKD04018480.1	.	miRNA	ssa-mir-155-1	ssa-mir-155-1 [Source:miRBase%3BAcc:MI0026520]
ENSSSAG00000015488	ssa02	.	miRNA	ssa-let-7d-1	ssa-let-7d-1 [Source:miRBase%3BAcc:MI0026754]
ENSSSAG00000015499	AGKD04026641.1	.	protein_coding	B3GNT3	UDP-GlcNAc:betaGal beta-1%2C3-N-acetylglucosaminyltransferase 3 [Source:HGNC Symbol%3BAcc:HGNC:13528]
ENSSSAG00000015508	AGKD04022467.1	.	pseudogene		
ENSSSAG00000015516	AGKD04031190.1	.	protein_coding	atp5md	up-regulated during skeletal muscle growth protein 5-like [Source:NCBI gene%3BAcc:106597108]
ENSSSAG00000015528	AGKD04025615.1	.	snoRNA	U3	Small nucleolar RNA U3 [Source:RFAM%3BAcc:RF00012]
ENSSSAG00000015530	AGKD04031202.1	.	protein_coding		
ENSSSAG00000015531	AGKD04025615.1	.	snoRNA		
ENSSSAG00000015532	ssa26	.	miRNA	ssa-mir-204-1	ssa-mir-204-1 [Source:miRBase%3BAcc:MI0026590]
ENSSSAG00000015534	AGKD04025615.1	.	snoRNA	U3	Small nucleolar RNA U3 [Source:RFAM%3BAcc:RF00012]
ENSSSAG00000015550	AGKD04018500.1	.	pseudogene		
ENSSSAG00000015557	ssa26	.	lncRNA		uncharacterized LOC106588004 [Source:NCBI gene%3BAcc:106588004]
ENSSSAG00000015559	ssa26	.	lncRNA		
ENSSSAG00000015560	AGKD04031219.1	.	protein_coding	nars1	asparagine--tRNA ligase%2C cytoplasmic-like [Source:NCBI gene%3BAcc:106597115]
ENSSSAG00000015573	AGKD04015114.1	.	lncRNA		
ENSSSAG00000015586	ssa09	.	lncRNA		
ENSSSAG00000015607	AGKD04022517.1	.	protein_coding	bccip	protein BCCIP homolog [Source:NCBI gene%3BAcc:106595212]
ENSSSAG00000015640	ssa01	.	lncRNA		
ENSSSAG00000015642	AGKD04023089.1	.	pseudogene		
ENSSSAG00000015659	AGKD04022550.1	.	protein_coding	nmt2	glycylpeptide N-tetradecanoyltransferase 2-like [Source:NCBI gene%3BAcc:106595222]
ENSSSAG00000015662	ssa10	.	lncRNA		
ENSSSAG00000015665	ssa06	.	lncRNA		
ENSSSAG00000015670	ssa12	.	lncRNA		
ENSSSAG00000015672	ssa12	.	lncRNA		
ENSSSAG00000015674	ssa12	.	miRNA	ssa-mir-724-4	ssa-mir-724-4 [Source:miRBase%3BAcc:MI0026729]
ENSSSAG00000015676	ssa11	.	snoRNA		
ENSSSAG00000015677	ssa11	.	snoRNA		
ENSSSAG00000015687	AGKD04022555.1	.	snRNA	U6	U6 spliceosomal RNA [Source:RFAM%3BAcc:RF00026]
ENSSSAG00000015700	ssa09	.	snRNA	U7	U7 small nuclear RNA [Source:RFAM%3BAcc:RF00066]
ENSSSAG00000015702	AGKD04023159.1	.	protein_coding	hoxa10b	homeobox protein Hox-A10b-like [Source:NCBI gene%3BAcc:106595403]
ENSSSAG00000015704	AGKD04031246.1	.	pseudogene		
ENSSSAG00000015723	AGKD04026711.1	.	protein_coding		
ENSSSAG00000015724	AGKD04023197.1	.	rRNA	5_8S_rRNA	5.8S ribosomal RNA [Source:RFAM%3BAcc:RF00002]
ENSSSAG00000015726	AGKD04023197.1	.	protein_coding		
ENSSSAG00000015730	AGKD04031275.1	.	protein_coding		apolipoprotein L3-like [Source:NCBI gene%3BAcc:106597124]
ENSSSAG00000015738	AGKD04031277.1	.	snRNA	U5	U5 spliceosomal RNA [Source:RFAM%3BAcc:RF00020]
ENSSSAG00000015740	AGKD04031277.1	.	snRNA	U2	U2 spliceosomal RNA [Source:RFAM%3BAcc:RF00004]
ENSSSAG00000015745	AGKD04031295.1	.	snRNA	U1	U1 spliceosomal RNA [Source:RFAM%3BAcc:RF00003]
ENSSSAG00000015755	AGKD04026753.1	.	protein_coding		THAP domain-containing protein 5-like [Source:NCBI gene%3BAcc:106596258]
ENSSSAG00000015764	ssa07	.	protein_coding	dennd5b	DENN domain-containing protein 5B-like [Source:NCBI gene%3BAcc:106609315]
ENSSSAG00000015766	ssa26	.	lncRNA		
ENSSSAG00000015768	ssa26	.	lncRNA		
ENSSSAG00000015772	AGKD04023221.1	.	protein_coding		cytochrome b-c1 complex subunit 2%2C mitochondrial-like [Source:NCBI gene%3BAcc:106595415]
ENSSSAG00000015773	AGKD04031310.1	.	protein_coding	si:ch211-257p13.3	si:ch211-257p13.3 [Source:ZFIN%3BAcc:ZDB-GENE-110914-108]
ENSSSAG00000015781	AGKD04023248.1	.	protein_coding		intestinal mucin-like protein [Source:NCBI gene%3BAcc:106595418]
ENSSSAG00000015785	ssa17	.	protein_coding	tuba8l2	tubulin alpha chain-like [Source:NCBI gene%3BAcc:106575781]
ENSSSAG00000015799	AGKD04026754.1	.	protein_coding		60S ribosomal protein L3-like [Source:NCBI gene%3BAcc:106596260]
ENSSSAG00000015808	AGKD04031383.1	.	protein_coding	u2af1	splicing factor U2AF 35 kDa subunit-like [Source:NCBI gene%3BAcc:106597137]
ENSSSAG00000015835	AGKD04022571.1	.	protein_coding	dhrs7ca	dehydrogenase/reductase SDR family member 7C-B-like [Source:NCBI gene%3BAcc:106595232]
ENSSSAG00000015882	ssa18	.	lncRNA		
ENSSSAG00000015897	AGKD04023254.1	.	protein_coding	PSA2	proteasome subunit alpha type-2-like [Source:NCBI gene%3BAcc:106595421]
ENSSSAG00000015902	AGKD04022627.1	.	protein_coding	PSA2	proteasome subunit alpha type-2-like [Source:NCBI gene%3BAcc:106595251]
ENSSSAG00000015913	AGKD04031431.1	.	protein_coding		
ENSSSAG00000015916	ssa18	.	protein_coding	clrn3	clarin 3 [Source:ZFIN%3BAcc:ZDB-GENE-170623-3]
ENSSSAG00000015932	AGKD04015724.1	.	lncRNA		
ENSSSAG00000015937	AGKD04031445.1	.	protein_coding		
ENSSSAG00000015947	AGKD04031445.1	.	pseudogene		
ENSSSAG00000015954	ssa02	.	lncRNA		proline and serine-rich protein 3-like [Source:NCBI gene%3BAcc:106577938]
ENSSSAG00000015968	AGKD04059514.1	.	misc_RNA	Metazoa_SRP	Metazoan signal recognition particle RNA [Source:RFAM%3BAcc:RF00017]
ENSSSAG00000015970	AGKD04031478.1	.	protein_coding		
ENSSSAG00000015973	AGKD04059514.1	.	misc_RNA	Metazoa_SRP	Metazoan signal recognition particle RNA [Source:RFAM%3BAcc:RF00017]
ENSSSAG00000015989	AGKD04081242.1	.	protein_coding		
ENSSSAG00000016001	AGKD04022632.1	.	pseudogene		
ENSSSAG00000016028	ssa02	.	lncRNA		
ENSSSAG00000016033	AGKD04080074.1	.	pseudogene		
ENSSSAG00000016038	AGKD04031484.1	.	protein_coding	atp5md	up-regulated during skeletal muscle growth protein 5-like [Source:NCBI gene%3BAcc:106597159]
ENSSSAG00000016055	AGKD04026977.1	.	protein_coding	JAZF1	juxtaposed with another zinc finger protein 1-like [Source:NCBI gene%3BAcc:106596306]
ENSSSAG00000016060	AGKD04031486.1	.	protein_coding		
ENSSSAG00000016069	ssa26	.	lncRNA		
ENSSSAG00000016083	AGKD04080148.1	.	snRNA	U1	U1 spliceosomal RNA [Source:RFAM%3BAcc:RF00003]
ENSSSAG00000016090	AGKD04080253.1	.	snRNA	U4	U4 spliceosomal RNA [Source:RFAM%3BAcc:RF00015]
ENSSSAG00000016092	AGKD04026982.1	.	protein_coding	ZCRB1	zinc finger CCHC-type and RNA-binding motif-containing protein 1-like [Source:NCBI gene%3BAcc:106596307]
ENSSSAG00000016100	AGKD04080253.1	.	snRNA	U4	U4 spliceosomal RNA [Source:RFAM%3BAcc:RF00015]
ENSSSAG00000016107	AGKD04080253.1	.	snRNA	U4	U4 spliceosomal RNA [Source:RFAM%3BAcc:RF00015]
ENSSSAG00000016113	AGKD04064694.1	.	snRNA	U1	U1 spliceosomal RNA [Source:RFAM%3BAcc:RF00003]
ENSSSAG00000016127	AGKD04075724.1	.	snRNA	U1	U1 spliceosomal RNA [Source:RFAM%3BAcc:RF00003]
ENSSSAG00000016130	ssa03	.	lncRNA		
ENSSSAG00000016160	AGKD04051446.1	.	snoRNA	U3	Small nucleolar RNA U3 [Source:RFAM%3BAcc:RF00012]
ENSSSAG00000016163	AGKD04051446.1	.	snoRNA		
ENSSSAG00000016172	AGKD04051446.1	.	snoRNA	U3	Small nucleolar RNA U3 [Source:RFAM%3BAcc:RF00012]
ENSSSAG00000016179	AGKD04051446.1	.	snoRNA		
ENSSSAG00000016187	AGKD04051446.1	.	snoRNA	U3	Small nucleolar RNA U3 [Source:RFAM%3BAcc:RF00012]
ENSSSAG00000016191	AGKD04051464.1	.	snRNA	U5	U5 spliceosomal RNA [Source:RFAM%3BAcc:RF00020]
ENSSSAG00000016197	AGKD04049888.1	.	protein_coding		
ENSSSAG00000016233	AGKD04019526.1	.	lncRNA		
ENSSSAG00000016234	AGKD04059668.1	.	snoRNA	U3	Small nucleolar RNA U3 [Source:RFAM%3BAcc:RF00012]
ENSSSAG00000016239	AGKD04049897.1	.	protein_coding	si:ch211-257p13.3	si:ch211-257p13.3 [Source:ZFIN%3BAcc:ZDB-GENE-110914-108]
ENSSSAG00000016242	AGKD04059668.1	.	snoRNA		
ENSSSAG00000016252	AGKD04059668.1	.	snoRNA	U3	Small nucleolar RNA U3 [Source:RFAM%3BAcc:RF00012]
ENSSSAG00000016263	AGKD04059668.1	.	snoRNA	U3	Small nucleolar RNA U3 [Source:RFAM%3BAcc:RF00012]
ENSSSAG00000016292	AGKD04080372.1	.	snRNA	U2	U2 spliceosomal RNA [Source:RFAM%3BAcc:RF00004]
ENSSSAG00000016304	AGKD04080372.1	.	snRNA	U5	U5 spliceosomal RNA [Source:RFAM%3BAcc:RF00020]
ENSSSAG00000016322	AGKD04080372.1	.	snRNA	U2	U2 spliceosomal RNA [Source:RFAM%3BAcc:RF00004]
ENSSSAG00000016341	AGKD04080372.1	.	snRNA	U5	U5 spliceosomal RNA [Source:RFAM%3BAcc:RF00020]
ENSSSAG00000016345	AGKD04081339.1	.	protein_coding		
ENSSSAG00000016385	AGKD04073116.1	.	snRNA	U1	U1 spliceosomal RNA [Source:RFAM%3BAcc:RF00003]
ENSSSAG00000016445	AGKD04050011.1	.	snRNA	U4	U4 spliceosomal RNA [Source:RFAM%3BAcc:RF00015]
ENSSSAG00000016458	AGKD04050011.1	.	snRNA	U4	U4 spliceosomal RNA [Source:RFAM%3BAcc:RF00015]
ENSSSAG00000016467	AGKD04051567.1	.	protein_coding		
ENSSSAG00000016472	AGKD04082854.1	.	snRNA	U6	U6 spliceosomal RNA [Source:RFAM%3BAcc:RF00026]
ENSSSAG00000016474	AGKD04050011.1	.	snRNA	U4	U4 spliceosomal RNA [Source:RFAM%3BAcc:RF00015]
ENSSSAG00000016489	AGKD04082854.1	.	snRNA	U6	U6 spliceosomal RNA [Source:RFAM%3BAcc:RF00026]
ENSSSAG00000016491	AGKD04050011.1	.	snRNA	U4	U4 spliceosomal RNA [Source:RFAM%3BAcc:RF00015]
ENSSSAG00000016514	AGKD04050033.1	.	protein_coding		
ENSSSAG00000016523	AGKD04022653.1	.	snRNA	U1	U1 spliceosomal RNA [Source:RFAM%3BAcc:RF00003]
ENSSSAG00000016566	AGKD04051641.1	.	protein_coding		
ENSSSAG00000016579	AGKD04022656.1	.	snoRNA	U3	Small nucleolar RNA U3 [Source:RFAM%3BAcc:RF00012]
ENSSSAG00000016580	AGKD04068015.1	.	snoRNA		
ENSSSAG00000016595	AGKD04022656.1	.	snoRNA	U3	Small nucleolar RNA U3 [Source:RFAM%3BAcc:RF00012]
ENSSSAG00000016596	AGKD04068015.1	.	snoRNA		
ENSSSAG00000016609	AGKD04022656.1	.	snoRNA	U3	Small nucleolar RNA U3 [Source:RFAM%3BAcc:RF00012]
ENSSSAG00000016610	AGKD04068015.1	.	snoRNA		
ENSSSAG00000016624	AGKD04068015.1	.	snoRNA		
ENSSSAG00000016625	AGKD04022656.1	.	snoRNA	U3	Small nucleolar RNA U3 [Source:RFAM%3BAcc:RF00012]
ENSSSAG00000016636	AGKD04068015.1	.	snoRNA		
ENSSSAG00000016640	AGKD04022656.1	.	snoRNA	U3	Small nucleolar RNA U3 [Source:RFAM%3BAcc:RF00012]
ENSSSAG00000016649	AGKD04082916.1	.	protein_coding		
ENSSSAG00000016651	AGKD04068015.1	.	snoRNA		
ENSSSAG00000016654	AGKD04022656.1	.	snoRNA	U3	Small nucleolar RNA U3 [Source:RFAM%3BAcc:RF00012]
ENSSSAG00000016667	AGKD04068015.1	.	snoRNA		
ENSSSAG00000016675	AGKD04022656.1	.	snoRNA	U3	Small nucleolar RNA U3 [Source:RFAM%3BAcc:RF00012]
ENSSSAG00000016684	AGKD04068015.1	.	snoRNA		
ENSSSAG00000016694	AGKD04022656.1	.	snoRNA	U3	Small nucleolar RNA U3 [Source:RFAM%3BAcc:RF00012]
ENSSSAG00000016702	AGKD04068017.1	.	snoRNA	U3	Small nucleolar RNA U3 [Source:RFAM%3BAcc:RF00012]
ENSSSAG00000016712	AGKD04030074.1	.	protein_coding		
ENSSSAG00000016717	AGKD04022656.1	.	snoRNA	U3	Small nucleolar RNA U3 [Source:RFAM%3BAcc:RF00012]
ENSSSAG00000016723	AGKD04068017.1	.	snoRNA		
ENSSSAG00000016730	AGKD04055148.1	.	snoRNA	U3	Small nucleolar RNA U3 [Source:RFAM%3BAcc:RF00012]
ENSSSAG00000016740	AGKD04022656.1	.	snoRNA	U3	Small nucleolar RNA U3 [Source:RFAM%3BAcc:RF00012]
ENSSSAG00000016744	AGKD04068017.1	.	snoRNA	U3	Small nucleolar RNA U3 [Source:RFAM%3BAcc:RF00012]
ENSSSAG00000016750	AGKD04055148.1	.	snoRNA	U3	Small nucleolar RNA U3 [Source:RFAM%3BAcc:RF00012]
ENSSSAG00000016757	AGKD04027084.1	.	protein_coding	spp1	dentin sialophosphoprotein-like [Source:NCBI gene%3BAcc:106596324]
ENSSSAG00000016762	AGKD04030092.1	.	pseudogene		
ENSSSAG00000016766	AGKD04055148.1	.	snoRNA	U3	Small nucleolar RNA U3 [Source:RFAM%3BAcc:RF00012]
ENSSSAG00000016770	AGKD04064946.1	.	pseudogene		heat shock protein 30-like [Source:NCBI gene%3BAcc:106599147]
ENSSSAG00000016771	AGKD04067141.1	.	snRNA	U1	U1 spliceosomal RNA [Source:RFAM%3BAcc:RF00003]
ENSSSAG00000016778	AGKD04068017.1	.	snoRNA	U3	Small nucleolar RNA U3 [Source:RFAM%3BAcc:RF00012]
ENSSSAG00000016797	AGKD04067156.1	.	misc_RNA	Metazoa_SRP	Metazoan signal recognition particle RNA [Source:RFAM%3BAcc:RF00017]
ENSSSAG00000016815	AGKD04078817.1	.	protein_coding		
ENSSSAG00000016816	AGKD04059736.1	.	snRNA	U5	U5 spliceosomal RNA [Source:RFAM%3BAcc:RF00020]
ENSSSAG00000016835	AGKD04059738.1	.	snRNA	U4	U4 spliceosomal RNA [Source:RFAM%3BAcc:RF00015]
ENSSSAG00000016846	AGKD04078837.1	.	protein_coding		
ENSSSAG00000016852	AGKD04050268.1	.	protein_coding	CCN3	cellular communication network factor 3 [Source:HGNC Symbol%3BAcc:HGNC:7885]
ENSSSAG00000016859	AGKD04059738.1	.	snRNA	U4	U4 spliceosomal RNA [Source:RFAM%3BAcc:RF00015]
ENSSSAG00000016861	AGKD04080523.1	.	snRNA	U5	U5 spliceosomal RNA [Source:RFAM%3BAcc:RF00020]
ENSSSAG00000016865	AGKD04081577.1	.	snRNA	U4	U4 spliceosomal RNA [Source:RFAM%3BAcc:RF00015]
ENSSSAG00000016875	AGKD04059738.1	.	snRNA	U4	U4 spliceosomal RNA [Source:RFAM%3BAcc:RF00015]
ENSSSAG00000016876	AGKD04081577.1	.	snRNA	U4	U4 spliceosomal RNA [Source:RFAM%3BAcc:RF00015]
ENSSSAG00000016877	AGKD04080523.1	.	snRNA	U2	U2 spliceosomal RNA [Source:RFAM%3BAcc:RF00004]
ENSSSAG00000016890	AGKD04081577.1	.	snRNA	U4	U4 spliceosomal RNA [Source:RFAM%3BAcc:RF00015]
ENSSSAG00000016892	AGKD04080523.1	.	snRNA	U5	U5 spliceosomal RNA [Source:RFAM%3BAcc:RF00020]
ENSSSAG00000016893	AGKD04059738.1	.	snRNA	U4	U4 spliceosomal RNA [Source:RFAM%3BAcc:RF00015]
ENSSSAG00000016899	AGKD04081608.1	.	snRNA	U5	U5 spliceosomal RNA [Source:RFAM%3BAcc:RF00020]
ENSSSAG00000016901	AGKD04076581.1	.	snRNA	U6	U6 spliceosomal RNA [Source:RFAM%3BAcc:RF00026]
ENSSSAG00000016904	AGKD04051977.1	.	protein_coding		putative ubiquitin thioesterase otu1 [Source:NCBI gene%3BAcc:106598694]
ENSSSAG00000016905	AGKD04071317.1	.	snRNA	U1	U1 spliceosomal RNA [Source:RFAM%3BAcc:RF00003]
ENSSSAG00000016911	AGKD04080535.1	.	protein_coding		
ENSSSAG00000016917	AGKD04076581.1	.	snRNA	U6	U6 spliceosomal RNA [Source:RFAM%3BAcc:RF00026]
ENSSSAG00000016919	AGKD04068051.1	.	protein_coding		
ENSSSAG00000016920	AGKD04050294.1	.	snRNA	U1	U1 spliceosomal RNA [Source:RFAM%3BAcc:RF00003]
ENSSSAG00000016930	AGKD04076642.1	.	snoRNA	U3	Small nucleolar RNA U3 [Source:RFAM%3BAcc:RF00012]
ENSSSAG00000016931	AGKD04051977.1	.	protein_coding		
ENSSSAG00000016945	AGKD04076642.1	.	snoRNA	U3	Small nucleolar RNA U3 [Source:RFAM%3BAcc:RF00012]
ENSSSAG00000016950	AGKD04068051.1	.	protein_coding		
ENSSSAG00000016972	AGKD04052089.1	.	protein_coding		lipid A export ATP-binding/permease protein MsbA-like [Source:NCBI gene%3BAcc:106598697]
ENSSSAG00000016992	AGKD04082984.1	.	protein_coding		
ENSSSAG00000017008	AGKD04059805.1	.	snRNA	U1	U1 spliceosomal RNA [Source:RFAM%3BAcc:RF00003]
ENSSSAG00000017012	AGKD04052109.1	.	protein_coding		
ENSSSAG00000017015	AGKD04083440.1	.	protein_coding		
ENSSSAG00000017023	AGKD04064972.1	.	snRNA	U1	U1 spliceosomal RNA [Source:RFAM%3BAcc:RF00003]
ENSSSAG00000017034	ssa14	.	pseudogene		
ENSSSAG00000017083	AGKD04052167.1	.	snRNA	U1	U1 spliceosomal RNA [Source:RFAM%3BAcc:RF00003]
ENSSSAG00000017098	AGKD04052546.1	.	snRNA	U6	U6 spliceosomal RNA [Source:RFAM%3BAcc:RF00026]
ENSSSAG00000017108	AGKD04080622.1	.	protein_coding		
ENSSSAG00000017111	AGKD04052546.1	.	snRNA	U6	U6 spliceosomal RNA [Source:RFAM%3BAcc:RF00026]
ENSSSAG00000017148	AGKD04052576.1	.	snRNA	U5	U5 spliceosomal RNA [Source:RFAM%3BAcc:RF00020]
ENSSSAG00000017163	AGKD04052576.1	.	snRNA	U5	U5 spliceosomal RNA [Source:RFAM%3BAcc:RF00020]
ENSSSAG00000017166	AGKD04055460.1	.	snRNA	U1	U1 spliceosomal RNA [Source:RFAM%3BAcc:RF00003]
ENSSSAG00000017222	AGKD04077978.1	.	misc_RNA	Metazoa_SRP	Metazoan signal recognition particle RNA [Source:RFAM%3BAcc:RF00017]
ENSSSAG00000017228	AGKD04052641.1	.	protein_coding		
ENSSSAG00000017270	AGKD04081727.1	.	snRNA	U1	U1 spliceosomal RNA [Source:RFAM%3BAcc:RF00003]
ENSSSAG00000017295	AGKD04082496.1	.	snRNA	U1	U1 spliceosomal RNA [Source:RFAM%3BAcc:RF00003]
ENSSSAG00000017304	AGKD04078051.1	.	pseudogene		
ENSSSAG00000017309	AGKD04083125.1	.	protein_coding		
ENSSSAG00000017325	AGKD04081774.1	.	snRNA	U2	U2 spliceosomal RNA [Source:RFAM%3BAcc:RF00004]
ENSSSAG00000017333	AGKD04083140.1	.	misc_RNA	Metazoa_SRP	Metazoan signal recognition particle RNA [Source:RFAM%3BAcc:RF00017]
ENSSSAG00000017334	AGKD04085202.1	.	protein_coding		
ENSSSAG00000017337	AGKD04052652.1	.	protein_coding		CDP-diacylglycerol--glycerol-3-phosphate 3-phosphatidyltransferase-like [Source:NCBI gene%3BAcc:106598705]
ENSSSAG00000017342	AGKD04081774.1	.	snRNA	U5	U5 spliceosomal RNA [Source:RFAM%3BAcc:RF00020]
ENSSSAG00000017349	AGKD04080681.1	.	pseudogene		
ENSSSAG00000017358	AGKD04081774.1	.	snRNA	U2	U2 spliceosomal RNA [Source:RFAM%3BAcc:RF00004]
ENSSSAG00000017365	AGKD04027193.1	.	snoRNA	U3	Small nucleolar RNA U3 [Source:RFAM%3BAcc:RF00012]
ENSSSAG00000017373	AGKD04081774.1	.	snRNA	U5	U5 spliceosomal RNA [Source:RFAM%3BAcc:RF00020]
ENSSSAG00000017511	AGKD04071401.1	.	snoRNA		
ENSSSAG00000017528	AGKD04080745.1	.	protein_coding		
ENSSSAG00000017534	AGKD04071401.1	.	snoRNA	U3	Small nucleolar RNA U3 [Source:RFAM%3BAcc:RF00012]
ENSSSAG00000017536	AGKD04078936.1	.	snRNA	U1	U1 spliceosomal RNA [Source:RFAM%3BAcc:RF00003]
ENSSSAG00000017564	AGKD04071401.1	.	snoRNA		
ENSSSAG00000017582	AGKD04071401.1	.	snoRNA	U3	Small nucleolar RNA U3 [Source:RFAM%3BAcc:RF00012]
ENSSSAG00000017585	AGKD04081842.1	.	protein_coding		
ENSSSAG00000017587	AGKD04052799.1	.	protein_coding		
ENSSSAG00000017592	AGKD04065566.1	.	pseudogene		
ENSSSAG00000017606	AGKD04083198.1	.	protein_coding		
ENSSSAG00000017613	AGKD04073419.1	.	snRNA	U4	U4 spliceosomal RNA [Source:RFAM%3BAcc:RF00015]
ENSSSAG00000017626	AGKD04052811.1	.	protein_coding		
ENSSSAG00000017630	AGKD04027295.1	.	snRNA	U1	U1 spliceosomal RNA [Source:RFAM%3BAcc:RF00003]
ENSSSAG00000017634	AGKD04080775.1	.	misc_RNA	Metazoa_SRP	Metazoan signal recognition particle RNA [Source:RFAM%3BAcc:RF00017]
ENSSSAG00000017636	AGKD04073419.1	.	snRNA	U4	U4 spliceosomal RNA [Source:RFAM%3BAcc:RF00015]
ENSSSAG00000017641	AGKD04046902.1	.	protein_coding		
ENSSSAG00000017651	AGKD04080824.1	.	snRNA	U1	U1 spliceosomal RNA [Source:RFAM%3BAcc:RF00003]
ENSSSAG00000017655	AGKD04067312.1	.	protein_coding	snx10b	sorting nexin-10B-like [Source:NCBI gene%3BAcc:106599196]
ENSSSAG00000017660	AGKD04065569.1	.	snoRNA		
ENSSSAG00000017663	AGKD04027296.1	.	protein_coding	zhx2a	zinc fingers and homeoboxes 2a [Source:ZFIN%3BAcc:ZDB-GENE-031107-2]
ENSSSAG00000017686	AGKD04065569.1	.	snoRNA		
ENSSSAG00000017715	AGKD04065569.1	.	snoRNA		
ENSSSAG00000017730	AGKD04068184.1	.	protein_coding		
ENSSSAG00000017741	AGKD04065569.1	.	snoRNA		
ENSSSAG00000017768	AGKD04065569.1	.	snoRNA		
ENSSSAG00000017798	AGKD04065569.1	.	snoRNA		
ENSSSAG00000017806	AGKD04015829.1	.	miRNA	ssa-mir-30b	ssa-mir-30b [Source:miRBase%3BAcc:MI0026678]
ENSSSAG00000017827	AGKD04082592.1	.	snRNA	U6	U6 spliceosomal RNA [Source:RFAM%3BAcc:RF00026]
ENSSSAG00000017829	AGKD04065569.1	.	snoRNA		
ENSSSAG00000017834	AGKD04015829.1	.	miRNA	ssa-mir-30e-3	ssa-mir-30e-3 [Source:miRBase%3BAcc:MI0026685]
ENSSSAG00000017836	AGKD04064207.1	.	pseudogene		
ENSSSAG00000017848	AGKD04071471.1	.	snoRNA		
ENSSSAG00000017853	AGKD04082592.1	.	snRNA	U6	U6 spliceosomal RNA [Source:RFAM%3BAcc:RF00026]
ENSSSAG00000017866	AGKD04065569.1	.	snoRNA		
ENSSSAG00000017874	AGKD04071471.1	.	snoRNA		
ENSSSAG00000017875	AGKD04015833.1	.	lncRNA		
ENSSSAG00000017878	AGKD04083493.1	.	protein_coding		
ENSSSAG00000017900	AGKD04071471.1	.	snoRNA		
ENSSSAG00000017909	AGKD04047106.1	.	protein_coding		dispanin subfamily A member 2b-like [Source:NCBI gene%3BAcc:106598498]
ENSSSAG00000017913	AGKD04083520.1	.	snRNA	U1	U1 spliceosomal RNA [Source:RFAM%3BAcc:RF00003]
ENSSSAG00000017920	AGKD04078111.1	.	protein_coding		
ENSSSAG00000017932	AGKD04071471.1	.	snoRNA		
ENSSSAG00000017936	AGKD04079027.1	.	protein_coding		
ENSSSAG00000017940	AGKD04065212.1	.	protein_coding		
ENSSSAG00000017942	ssa14	.	lncRNA		
ENSSSAG00000017956	AGKD04071471.1	.	snoRNA		
ENSSSAG00000017971	AGKD04078112.1	.	protein_coding		
ENSSSAG00000017972	AGKD04039363.1	.	pseudogene		
ENSSSAG00000017979	AGKD04071471.1	.	snoRNA		
ENSSSAG00000017999	AGKD04067348.1	.	snRNA	U1	U1 spliceosomal RNA [Source:RFAM%3BAcc:RF00003]
ENSSSAG00000018010	AGKD04071471.1	.	snoRNA		
ENSSSAG00000018016	AGKD04080878.1	.	rRNA	5_8S_rRNA	5.8S ribosomal RNA [Source:RFAM%3BAcc:RF00002]
ENSSSAG00000018017	AGKD04085372.1	.	snRNA	U4	U4 spliceosomal RNA [Source:RFAM%3BAcc:RF00015]
ENSSSAG00000018043	AGKD04085372.1	.	snRNA	U4	U4 spliceosomal RNA [Source:RFAM%3BAcc:RF00015]
ENSSSAG00000018052	AGKD04076887.1	.	snRNA	U1	U1 spliceosomal RNA [Source:RFAM%3BAcc:RF00003]
ENSSSAG00000018055	AGKD04071471.1	.	snoRNA		
ENSSSAG00000018062	AGKD04068192.1	.	snRNA	U1	U1 spliceosomal RNA [Source:RFAM%3BAcc:RF00003]
ENSSSAG00000018066	AGKD04085372.1	.	snRNA	U4	U4 spliceosomal RNA [Source:RFAM%3BAcc:RF00015]
ENSSSAG00000018075	AGKD04091474.1	.	snoRNA	U3	Small nucleolar RNA U3 [Source:RFAM%3BAcc:RF00012]
ENSSSAG00000018084	AGKD04068220.1	.	ribozyme	RNaseP_nuc	Nuclear RNase P [Source:RFAM%3BAcc:RF00009]
ENSSSAG00000018089	AGKD04015745.1	.	snRNA	U7	U7 small nuclear RNA [Source:RFAM%3BAcc:RF00066]
ENSSSAG00000018095	AGKD04081945.1	.	snRNA	U2	U2 spliceosomal RNA [Source:RFAM%3BAcc:RF00004]
ENSSSAG00000018100	AGKD04091526.1	.	snRNA	U1	U1 spliceosomal RNA [Source:RFAM%3BAcc:RF00003]
ENSSSAG00000018108	AGKD04068220.1	.	ribozyme	RNaseP_nuc	Nuclear RNase P [Source:RFAM%3BAcc:RF00009]
ENSSSAG00000018123	AGKD04068220.1	.	ribozyme	RNaseP_nuc	Nuclear RNase P [Source:RFAM%3BAcc:RF00009]
ENSSSAG00000018218	AGKD04039407.1	.	protein_coding	DCAF7	DDB1- and CUL4-associated factor 7-like [Source:NCBI gene%3BAcc:106598029]
ENSSSAG00000018219	AGKD04081949.1	.	protein_coding		
ENSSSAG00000018243	AGKD04082633.1	.	protein_coding		
ENSSSAG00000018245	AGKD04089809.1	.	protein_coding		
ENSSSAG00000018250	AGKD04093317.1	.	snRNA	U1	U1 spliceosomal RNA [Source:RFAM%3BAcc:RF00003]
ENSSSAG00000018274	AGKD04083372.1	.	snRNA	U6	U6 spliceosomal RNA [Source:RFAM%3BAcc:RF00026]
ENSSSAG00000018329	AGKD04082633.1	.	rRNA	5_8S_rRNA	5.8S ribosomal RNA [Source:RFAM%3BAcc:RF00002]
ENSSSAG00000018350	AGKD04065692.1	.	snRNA	U1	U1 spliceosomal RNA [Source:RFAM%3BAcc:RF00003]
ENSSSAG00000018355	AGKD04078154.1	.	snoRNA	U3	Small nucleolar RNA U3 [Source:RFAM%3BAcc:RF00012]
ENSSSAG00000018362	AGKD04065312.1	.	snRNA	U5	U5 spliceosomal RNA [Source:RFAM%3BAcc:RF00020]
ENSSSAG00000018375	AGKD04078154.1	.	snoRNA	U3	Small nucleolar RNA U3 [Source:RFAM%3BAcc:RF00012]
ENSSSAG00000018387	AGKD04039420.1	.	scaRNA		
ENSSSAG00000018398	AGKD04095550.1	.	protein_coding		
ENSSSAG00000018400	AGKD04065312.1	.	snRNA	U2	U2 spliceosomal RNA [Source:RFAM%3BAcc:RF00004]
ENSSSAG00000018406	AGKD04039426.1	.	snRNA	U1	U1 spliceosomal RNA [Source:RFAM%3BAcc:RF00003]
ENSSSAG00000018419	AGKD04080941.1	.	protein_coding		
ENSSSAG00000018426	AGKD04039426.1	.	snRNA	U1	U1 spliceosomal RNA [Source:RFAM%3BAcc:RF00003]
ENSSSAG00000018431	AGKD04065312.1	.	snRNA	U5	U5 spliceosomal RNA [Source:RFAM%3BAcc:RF00020]
ENSSSAG00000018461	AGKD04039436.1	.	protein_coding		
ENSSSAG00000018470	AGKD04097674.1	.	pseudogene		
ENSSSAG00000018493	AGKD04113228.1	.	snRNA	U5	U5 spliceosomal RNA [Source:RFAM%3BAcc:RF00020]
ENSSSAG00000018503	AGKD04105241.1	.	snRNA	U6	U6 spliceosomal RNA [Source:RFAM%3BAcc:RF00026]
ENSSSAG00000018506	AGKD04039446.1	.	scaRNA		
ENSSSAG00000018522	AGKD04113228.1	.	snRNA	U2	U2 spliceosomal RNA [Source:RFAM%3BAcc:RF00004]
ENSSSAG00000018531	AGKD04105241.1	.	snRNA	U6	U6 spliceosomal RNA [Source:RFAM%3BAcc:RF00026]
ENSSSAG00000018536	AGKD04039460.1	.	snRNA	U5	U5 spliceosomal RNA [Source:RFAM%3BAcc:RF00020]
ENSSSAG00000018542	AGKD04059324.1	.	protein_coding		
ENSSSAG00000018543	AGKD04079187.1	.	protein_coding		
ENSSSAG00000018572	AGKD04039460.1	.	snRNA	U5	U5 spliceosomal RNA [Source:RFAM%3BAcc:RF00020]
ENSSSAG00000018577	AGKD04079219.1	.	snRNA	U1	U1 spliceosomal RNA [Source:RFAM%3BAcc:RF00003]
ENSSSAG00000018591	AGKD04078183.1	.	protein_coding		
ENSSSAG00000018604	AGKD04057528.1	.	snoRNA	U3	Small nucleolar RNA U3 [Source:RFAM%3BAcc:RF00012]
ENSSSAG00000018607	AGKD04080983.1	.	snRNA	U1	U1 spliceosomal RNA [Source:RFAM%3BAcc:RF00003]
ENSSSAG00000018608	AGKD04082663.1	.	pseudogene		
ENSSSAG00000018624	AGKD04099203.1	.	snRNA	U6	U6 spliceosomal RNA [Source:RFAM%3BAcc:RF00026]
ENSSSAG00000018626	AGKD04057528.1	.	snoRNA	U3	Small nucleolar RNA U3 [Source:RFAM%3BAcc:RF00012]
ENSSSAG00000018649	AGKD04078185.1	.	protein_coding		
ENSSSAG00000018655	AGKD04081017.1	.	pseudogene		
ENSSSAG00000018656	AGKD04057528.1	.	snoRNA	U3	Small nucleolar RNA U3 [Source:RFAM%3BAcc:RF00012]
ENSSSAG00000018670	AGKD04091615.1	.	pseudogene		
ENSSSAG00000018678	AGKD04113274.1	.	snRNA	U6	U6 spliceosomal RNA [Source:RFAM%3BAcc:RF00026]
ENSSSAG00000018682	AGKD04111629.1	.	protein_coding		
ENSSSAG00000018686	AGKD04039475.1	.	snRNA	U1	U1 spliceosomal RNA [Source:RFAM%3BAcc:RF00003]
ENSSSAG00000018692	AGKD04107094.1	.	snRNA	U1	U1 spliceosomal RNA [Source:RFAM%3BAcc:RF00003]
ENSSSAG00000018706	AGKD04060068.1	.	snRNA	U1	U1 spliceosomal RNA [Source:RFAM%3BAcc:RF00003]
ENSSSAG00000018743	AGKD04034420.1	.	protein_coding		germ cell-specific gene 1 protein-like [Source:NCBI gene%3BAcc:106597582]
ENSSSAG00000018745	AGKD04097735.1	.	snRNA	U1	U1 spliceosomal RNA [Source:RFAM%3BAcc:RF00003]
ENSSSAG00000018776	AGKD04059369.1	.	snoRNA		
ENSSSAG00000018786	AGKD04098636.1	.	snRNA	U1	U1 spliceosomal RNA [Source:RFAM%3BAcc:RF00003]
ENSSSAG00000018811	AGKD04093377.1	.	snoRNA	U3	Small nucleolar RNA U3 [Source:RFAM%3BAcc:RF00012]
ENSSSAG00000018819	AGKD04078196.1	.	snoRNA		
ENSSSAG00000018820	AGKD04097825.1	.	protein_coding		
ENSSSAG00000018852	AGKD04078196.1	.	snoRNA	U3	Small nucleolar RNA U3 [Source:RFAM%3BAcc:RF00012]
ENSSSAG00000018855	AGKD04096245.1	.	protein_coding		
ENSSSAG00000018864	AGKD04093377.1	.	snoRNA		
ENSSSAG00000018865	AGKD04079299.1	.	snoRNA	U3	Small nucleolar RNA U3 [Source:RFAM%3BAcc:RF00012]
ENSSSAG00000018866	AGKD04015775.1	.	protein_coding		rho GTPase-activating protein 20-like [Source:NCBI gene%3BAcc:106592419]
ENSSSAG00000018867	AGKD04041310.1	.	protein_coding		dispanin subfamily A member 2b-like [Source:NCBI gene%3BAcc:106598175]
ENSSSAG00000018881	AGKD04078196.1	.	snoRNA		
ENSSSAG00000018884	AGKD04070377.1	.	snRNA	U1	U1 spliceosomal RNA [Source:RFAM%3BAcc:RF00003]
ENSSSAG00000018894	ssa23	.	snoRNA		
ENSSSAG00000018899	AGKD04079299.1	.	snoRNA	U3	Small nucleolar RNA U3 [Source:RFAM%3BAcc:RF00012]
ENSSSAG00000018903	AGKD04091630.1	.	snoRNA	U3	Small nucleolar RNA U3 [Source:RFAM%3BAcc:RF00012]
ENSSSAG00000018906	AGKD04093377.1	.	snoRNA	U3	Small nucleolar RNA U3 [Source:RFAM%3BAcc:RF00012]
ENSSSAG00000018908	AGKD04078196.1	.	snoRNA	U3	Small nucleolar RNA U3 [Source:RFAM%3BAcc:RF00012]
ENSSSAG00000018933	AGKD04078245.1	.	snRNA	U5	U5 spliceosomal RNA [Source:RFAM%3BAcc:RF00020]
ENSSSAG00000018963	AGKD04096280.1	.	protein_coding		
ENSSSAG00000018966	AGKD04079312.1	.	protein_coding		
ENSSSAG00000018973	AGKD04078245.1	.	snRNA	U2	U2 spliceosomal RNA [Source:RFAM%3BAcc:RF00004]
ENSSSAG00000018985	ssa17	.	lncRNA		
ENSSSAG00000019013	AGKD04078245.1	.	snRNA	U5	U5 spliceosomal RNA [Source:RFAM%3BAcc:RF00020]
ENSSSAG00000019017	AGKD04097926.1	.	snRNA	U6	U6 spliceosomal RNA [Source:RFAM%3BAcc:RF00026]
ENSSSAG00000019031	ssa17	.	lncRNA		
ENSSSAG00000019033	AGKD04079312.1	.	protein_coding		
ENSSSAG00000019039	AGKD04039553.1	.	protein_coding	LRATD2	LRAT domain containing 2 [Source:HGNC Symbol%3BAcc:HGNC:24166]
ENSSSAG00000019041	AGKD04081101.1	.	protein_coding		vascular cell adhesion protein 1-like [Source:NCBI gene%3BAcc:106599392]
ENSSSAG00000019045	AGKD04097926.1	.	snRNA	U6	U6 spliceosomal RNA [Source:RFAM%3BAcc:RF00026]
ENSSSAG00000019078	AGKD04034451.1	.	protein_coding		
ENSSSAG00000019093	AGKD04061056.1	.	snoRNA	U3	Small nucleolar RNA U3 [Source:RFAM%3BAcc:RF00012]
ENSSSAG00000019114	AGKD04061056.1	.	snoRNA	U3	Small nucleolar RNA U3 [Source:RFAM%3BAcc:RF00012]
ENSSSAG00000019130	AGKD04098670.1	.	pseudogene		heat shock protein 30-like [Source:NCBI gene%3BAcc:106599622]
ENSSSAG00000019131	AGKD04039613.1	.	snRNA	U1	U1 spliceosomal RNA [Source:RFAM%3BAcc:RF00003]
ENSSSAG00000019132	AGKD04089914.1	.	snRNA	U4	U4 spliceosomal RNA [Source:RFAM%3BAcc:RF00015]
ENSSSAG00000019158	AGKD04039641.1	.	snRNA	U1	U1 spliceosomal RNA [Source:RFAM%3BAcc:RF00003]
ENSSSAG00000019159	AGKD04089914.1	.	snRNA	U4	U4 spliceosomal RNA [Source:RFAM%3BAcc:RF00015]
ENSSSAG00000019191	AGKD04089914.1	.	snRNA	U4	U4 spliceosomal RNA [Source:RFAM%3BAcc:RF00015]
ENSSSAG00000019193	AGKD04059426.1	.	pseudogene		
ENSSSAG00000019233	AGKD04034514.1	.	protein_coding		
ENSSSAG00000019239	AGKD04047299.1	.	rRNA		
ENSSSAG00000019247	AGKD04105461.1	.	protein_coding		
ENSSSAG00000019268	AGKD04081133.1	.	misc_RNA	Metazoa_SRP	Metazoan signal recognition particle RNA [Source:RFAM%3BAcc:RF00017]
ENSSSAG00000019274	AGKD04039658.1	.	snoRNA		
ENSSSAG00000019289	AGKD04083702.1	.	protein_coding		
ENSSSAG00000019318	AGKD04061088.1	.	misc_RNA	Metazoa_SRP	Metazoan signal recognition particle RNA [Source:RFAM%3BAcc:RF00017]
ENSSSAG00000019333	AGKD04034515.1	.	protein_coding	si:dkey-23o4.6	retinol dehydrogenase 13-like [Source:NCBI gene%3BAcc:106597594]
ENSSSAG00000019334	AGKD04083715.1	.	snRNA	U1	U1 spliceosomal RNA [Source:RFAM%3BAcc:RF00003]
ENSSSAG00000019336	AGKD04097982.1	.	snRNA	U6	U6 spliceosomal RNA [Source:RFAM%3BAcc:RF00026]
ENSSSAG00000019344	AGKD04111808.1	.	protein_coding		
ENSSSAG00000019359	AGKD04015847.1	.	lncRNA		
ENSSSAG00000019364	AGKD04130576.1	.	protein_coding		
ENSSSAG00000019368	AGKD04105475.1	.	snRNA	U7	U7 small nuclear RNA [Source:RFAM%3BAcc:RF00066]
ENSSSAG00000019372	AGKD04097982.1	.	snRNA	U6	U6 spliceosomal RNA [Source:RFAM%3BAcc:RF00026]
ENSSSAG00000019384	AGKD04104166.1	.	snRNA	U6	U6 spliceosomal RNA [Source:RFAM%3BAcc:RF00026]
ENSSSAG00000019418	AGKD04104166.1	.	snRNA	U6	U6 spliceosomal RNA [Source:RFAM%3BAcc:RF00026]
ENSSSAG00000019425	AGKD04034519.1	.	protein_coding		
ENSSSAG00000019475	AGKD04039729.1	.	protein_coding		
ENSSSAG00000019482	ssa12	.	lncRNA		
ENSSSAG00000019517	AGKD04134077.1	.	protein_coding		
ENSSSAG00000019521	AGKD04113564.1	.	protein_coding		
ENSSSAG00000019526	AGKD04029320.1	.	snRNA	U1	U1 spliceosomal RNA [Source:RFAM%3BAcc:RF00003]
ENSSSAG00000019539	AGKD04015857.1	.	processed_pseudogene		
ENSSSAG00000019548	AGKD04047318.1	.	protein_coding		
ENSSSAG00000019565	AGKD04096356.1	.	snRNA	U6	U6 spliceosomal RNA [Source:RFAM%3BAcc:RF00026]
ENSSSAG00000019574	AGKD04041403.1	.	protein_coding	irx3a	iroquois homeobox 3a [Source:ZFIN%3BAcc:ZDB-GENE-991119-5]
ENSSSAG00000019583	AGKD04109742.1	.	snRNA	U1	U1 spliceosomal RNA [Source:RFAM%3BAcc:RF00003]
ENSSSAG00000019589	AGKD04099367.1	.	protein_coding		
ENSSSAG00000019591	AGKD04082758.1	.	snRNA	U4	U4 spliceosomal RNA [Source:RFAM%3BAcc:RF00015]
ENSSSAG00000019592	AGKD04029322.1	.	protein_coding		ras-related protein Rab-19-like [Source:NCBI gene%3BAcc:106596741]
ENSSSAG00000019597	AGKD04096356.1	.	snRNA	U6	U6 spliceosomal RNA [Source:RFAM%3BAcc:RF00026]
ENSSSAG00000019603	AGKD04060214.1	.	protein_coding		
ENSSSAG00000019620	AGKD04078300.1	.	snRNA	U1	U1 spliceosomal RNA [Source:RFAM%3BAcc:RF00003]
ENSSSAG00000019630	AGKD04082758.1	.	snRNA	U4	U4 spliceosomal RNA [Source:RFAM%3BAcc:RF00015]
ENSSSAG00000019634	AGKD04050578.1	.	protein_coding	slc35e3	solute carrier family 35 member E3 [Source:NCBI gene%3BAcc:563675]
ENSSSAG00000019643	AGKD04057710.1	.	misc_RNA	Metazoa_SRP	Metazoan signal recognition particle RNA [Source:RFAM%3BAcc:RF00017]
ENSSSAG00000019648	AGKD04098711.1	.	protein_coding		
ENSSSAG00000019663	AGKD04060215.1	.	snRNA	U1	U1 spliceosomal RNA [Source:RFAM%3BAcc:RF00003]
ENSSSAG00000019667	AGKD04081217.1	.	protein_coding		
ENSSSAG00000019685	AGKD04082292.1	.	snRNA	U1	U1 spliceosomal RNA [Source:RFAM%3BAcc:RF00003]
ENSSSAG00000019687	AGKD04029330.1	.	protein_coding	pnpla8	calcium-independent phospholipase A2-gamma-like [Source:NCBI gene%3BAcc:106596742]
ENSSSAG00000019719	AGKD04098020.1	.	snoRNA	U3	Small nucleolar RNA U3 [Source:RFAM%3BAcc:RF00012]
ENSSSAG00000019723	AGKD04082335.1	.	misc_RNA	Metazoa_SRP	Metazoan signal recognition particle RNA [Source:RFAM%3BAcc:RF00017]
ENSSSAG00000019725	AGKD04121108.1	.	snRNA	U6	U6 spliceosomal RNA [Source:RFAM%3BAcc:RF00026]
ENSSSAG00000019730	AGKD04082796.1	.	protein_coding		
ENSSSAG00000019733	AGKD04029330.1	.	protein_coding	si:dkeyp-81f3.4	A-kinase anchor protein 14-like [Source:NCBI gene%3BAcc:106596744]
ENSSSAG00000019741	AGKD04107318.1	.	protein_coding		
ENSSSAG00000019762	AGKD04082369.1	.	snRNA	U1	U1 spliceosomal RNA [Source:RFAM%3BAcc:RF00003]
ENSSSAG00000019764	AGKD04121108.1	.	snRNA	U6	U6 spliceosomal RNA [Source:RFAM%3BAcc:RF00026]
ENSSSAG00000019798	AGKD04134200.1	.	protein_coding		
ENSSSAG00000019808	AGKD04132614.1	.	protein_coding		
ENSSSAG00000019816	AGKD04091789.1	.	protein_coding		
ENSSSAG00000019836	AGKD04082805.1	.	snRNA	U1	U1 spliceosomal RNA [Source:RFAM%3BAcc:RF00003]
ENSSSAG00000019885	AGKD04029349.1	.	protein_coding	tbc1d31	TBC1 domain family member 31-like [Source:NCBI gene%3BAcc:106596750]
ENSSSAG00000019890	ssa16	.	protein_coding	zbtb11	zinc finger and BTB domain containing 11 [Source:ZFIN%3BAcc:ZDB-GENE-030131-5055]
ENSSSAG00000019907	AGKD04107357.1	.	protein_coding		
ENSSSAG00000019909	AGKD04083766.1	.	protein_coding		
ENSSSAG00000019943	ssa14	.	lncRNA		uncharacterized LOC106570379 [Source:NCBI gene%3BAcc:106570379]
ENSSSAG00000019951	AGKD04124977.1	.	protein_coding		
ENSSSAG00000019953	AGKD04130731.1	.	snRNA	U1	U1 spliceosomal RNA [Source:RFAM%3BAcc:RF00003]
ENSSSAG00000019960	AGKD04107357.1	.	protein_coding		
ENSSSAG00000019964	AGKD04099456.1	.	snoRNA		
ENSSSAG00000019977	AGKD04090050.1	.	snRNA	U1	U1 spliceosomal RNA [Source:RFAM%3BAcc:RF00003]
ENSSSAG00000019982	AGKD04134245.1	.	protein_coding		
ENSSSAG00000019990	AGKD04109791.1	.	protein_coding		
ENSSSAG00000019995	AGKD04124993.1	.	protein_coding		
ENSSSAG00000019999	ssa04	.	snRNA	U7	U7 small nuclear RNA [Source:RFAM%3BAcc:RF00066]
ENSSSAG00000020007	AGKD04099456.1	.	snoRNA	U3	Small nucleolar RNA U3 [Source:RFAM%3BAcc:RF00012]
ENSSSAG00000020032	AGKD04099456.1	.	snoRNA		
ENSSSAG00000020039	AGKD04130912.1	.	snRNA	U1	U1 spliceosomal RNA [Source:RFAM%3BAcc:RF00003]
ENSSSAG00000020058	AGKD04112740.1	.	protein_coding		
ENSSSAG00000020076	AGKD04134245.1	.	protein_coding		
ENSSSAG00000020082	AGKD04099456.1	.	snoRNA	U3	Small nucleolar RNA U3 [Source:RFAM%3BAcc:RF00012]
ENSSSAG00000020089	AGKD04050685.1	.	snRNA	U1	U1 spliceosomal RNA [Source:RFAM%3BAcc:RF00003]
ENSSSAG00000020099	AGKD04027374.1	.	protein_coding	aldh3b1	aldehyde dehydrogenase family 3 member B1-like [Source:NCBI gene%3BAcc:106596374]
ENSSSAG00000020126	AGKD04134277.1	.	snoRNA		
ENSSSAG00000020127	AGKD04050686.1	.	pseudogene		
ENSSSAG00000020131	AGKD04039775.1	.	snoRNA		
ENSSSAG00000020144	AGKD04096408.1	.	snoRNA	U3	Small nucleolar RNA U3 [Source:RFAM%3BAcc:RF00012]
ENSSSAG00000020153	AGKD04134277.1	.	snoRNA		
ENSSSAG00000020154	AGKD04057790.1	.	snRNA	U5	U5 spliceosomal RNA [Source:RFAM%3BAcc:RF00020]
ENSSSAG00000020172	AGKD04015796.1	.	pseudogene		
ENSSSAG00000020173	AGKD04039800.1	.	protein_coding		
ENSSSAG00000020175	AGKD04041431.1	.	misc_RNA	Metazoa_SRP	Metazoan signal recognition particle RNA [Source:RFAM%3BAcc:RF00017]
ENSSSAG00000020179	AGKD04096408.1	.	snoRNA	U3	Small nucleolar RNA U3 [Source:RFAM%3BAcc:RF00012]
ENSSSAG00000020187	AGKD04057790.1	.	snRNA	U2	U2 spliceosomal RNA [Source:RFAM%3BAcc:RF00004]
ENSSSAG00000020188	AGKD04134277.1	.	snoRNA		
ENSSSAG00000020197	AGKD04050698.1	.	protein_coding		
ENSSSAG00000020200	AGKD04109856.1	.	protein_coding		
ENSSSAG00000020207	AGKD04041431.1	.	misc_RNA	Metazoa_SRP	Metazoan signal recognition particle RNA [Source:RFAM%3BAcc:RF00017]
ENSSSAG00000020210	AGKD04029353.1	.	protein_coding		triple functional domain protein-like [Source:NCBI gene%3BAcc:106596751]
ENSSSAG00000020217	AGKD04112740.1	.	protein_coding		
ENSSSAG00000020219	AGKD04134277.1	.	snoRNA		
ENSSSAG00000020220	AGKD04057790.1	.	snRNA	U5	U5 spliceosomal RNA [Source:RFAM%3BAcc:RF00020]
ENSSSAG00000020232	AGKD04105760.1	.	misc_RNA	Metazoa_SRP	Metazoan signal recognition particle RNA [Source:RFAM%3BAcc:RF00017]
ENSSSAG00000020239	AGKD04039811.1	.	protein_coding		
ENSSSAG00000020250	AGKD04134277.1	.	snoRNA		
ENSSSAG00000020252	AGKD04057790.1	.	snRNA	U2	U2 spliceosomal RNA [Source:RFAM%3BAcc:RF00004]
ENSSSAG00000020278	AGKD04123725.1	.	protein_coding		
ENSSSAG00000020303	AGKD04109919.1	.	snRNA	U1	U1 spliceosomal RNA [Source:RFAM%3BAcc:RF00003]
ENSSSAG00000020310	AGKD04128228.1	.	snRNA	U1	U1 spliceosomal RNA [Source:RFAM%3BAcc:RF00003]
ENSSSAG00000020336	AGKD04047385.1	.	protein_coding	rpl18a	ribosomal protein L18a [Source:NCBI gene%3BAcc:394035]
ENSSSAG00000020342	AGKD04107443.1	.	snoRNA	U3	Small nucleolar RNA U3 [Source:RFAM%3BAcc:RF00012]
ENSSSAG00000020344	AGKD04109925.1	.	protein_coding		
ENSSSAG00000020368	AGKD04015866.1	.	lncRNA		
ENSSSAG00000020376	AGKD04150050.1	.	protein_coding		
ENSSSAG00000020383	AGKD04107486.1	.	snRNA	U6	U6 spliceosomal RNA [Source:RFAM%3BAcc:RF00026]
ENSSSAG00000020393	AGKD04132812.1	.	snRNA	U2	U2 spliceosomal RNA [Source:RFAM%3BAcc:RF00004]
ENSSSAG00000020418	AGKD04027404.1	.	snRNA	U1	U1 spliceosomal RNA [Source:RFAM%3BAcc:RF00003]
ENSSSAG00000020419	AGKD04107486.1	.	snRNA	U6	U6 spliceosomal RNA [Source:RFAM%3BAcc:RF00026]
ENSSSAG00000020423	AGKD04150050.1	.	protein_coding		
ENSSSAG00000020424	ssa02	.	snoRNA		
ENSSSAG00000020437	AGKD04112061.1	.	misc_RNA	Metazoa_SRP	Metazoan signal recognition particle RNA [Source:RFAM%3BAcc:RF00017]
ENSSSAG00000020440	AGKD04081630.1	.	snRNA	U4	U4 spliceosomal RNA [Source:RFAM%3BAcc:RF00015]
ENSSSAG00000020449	AGKD04064446.1	.	snoRNA	U3	Small nucleolar RNA U3 [Source:RFAM%3BAcc:RF00012]
ENSSSAG00000020454	AGKD04027404.1	.	snRNA	U1	U1 spliceosomal RNA [Source:RFAM%3BAcc:RF00003]
ENSSSAG00000020466	AGKD04081630.1	.	snRNA	U4	U4 spliceosomal RNA [Source:RFAM%3BAcc:RF00015]
ENSSSAG00000020468	AGKD04125190.1	.	snRNA	U6	U6 spliceosomal RNA [Source:RFAM%3BAcc:RF00026]
ENSSSAG00000020487	AGKD04134319.1	.	snoRNA		
ENSSSAG00000020489	AGKD04027410.1	.	miRNA	ssa-mir-375-2	ssa-mir-375-2 [Source:miRBase%3BAcc:MI0026696]
ENSSSAG00000020490	AGKD04064446.1	.	snoRNA	U3	Small nucleolar RNA U3 [Source:RFAM%3BAcc:RF00012]
ENSSSAG00000020502	AGKD04125227.1	.	snoRNA		
ENSSSAG00000020525	AGKD04134319.1	.	snoRNA	U3	Small nucleolar RNA U3 [Source:RFAM%3BAcc:RF00012]
ENSSSAG00000020526	AGKD04113828.1	.	snRNA	U6	U6 spliceosomal RNA [Source:RFAM%3BAcc:RF00026]
ENSSSAG00000020536	AGKD04064446.1	.	snoRNA	U3	Small nucleolar RNA U3 [Source:RFAM%3BAcc:RF00012]
ENSSSAG00000020537	AGKD04125227.1	.	snoRNA	U3	Small nucleolar RNA U3 [Source:RFAM%3BAcc:RF00012]
ENSSSAG00000020554	AGKD04027419.1	.	protein_coding	CH076	uncharacterized protein C8orf76-like [Source:NCBI gene%3BAcc:106596385]
ENSSSAG00000020565	AGKD04128331.1	.	snRNA	U1	U1 spliceosomal RNA [Source:RFAM%3BAcc:RF00003]
ENSSSAG00000020566	AGKD04025615.1	.	snoRNA		
ENSSSAG00000020576	AGKD04041529.1	.	protein_coding		
ENSSSAG00000020581	AGKD04090111.1	.	protein_coding		methionine-R-sulfoxide reductase B3-like [Source:NCBI gene%3BAcc:106599514]
ENSSSAG00000020601	AGKD04025615.1	.	snoRNA	U3	Small nucleolar RNA U3 [Source:RFAM%3BAcc:RF00012]
ENSSSAG00000020606	AGKD04150300.1	.	snRNA	U6	U6 spliceosomal RNA [Source:RFAM%3BAcc:RF00026]
ENSSSAG00000020618	AGKD04165567.1	.	snRNA	U1	U1 spliceosomal RNA [Source:RFAM%3BAcc:RF00003]
ENSSSAG00000020633	AGKD04025615.1	.	snoRNA		
ENSSSAG00000020636	AGKD04150300.1	.	snRNA	U6	U6 spliceosomal RNA [Source:RFAM%3BAcc:RF00026]
ENSSSAG00000020669	AGKD04025615.1	.	snoRNA	U3	Small nucleolar RNA U3 [Source:RFAM%3BAcc:RF00012]
ENSSSAG00000020681	AGKD04125269.1	.	misc_RNA	Metazoa_SRP	Metazoan signal recognition particle RNA [Source:RFAM%3BAcc:RF00017]
ENSSSAG00000020683	AGKD04057823.1	.	pseudogene		14-3-3 protein beta/alpha-like [Source:NCBI gene%3BAcc:106598959]
ENSSSAG00000020700	AGKD04039942.1	.	protein_coding	bin1b	myc box-dependent-interacting protein 1-like [Source:NCBI gene%3BAcc:106598073]
ENSSSAG00000020701	AGKD04025615.1	.	snoRNA		
ENSSSAG00000020705	AGKD04165601.1	.	protein_coding		
ENSSSAG00000020708	AGKD04095809.1	.	snRNA	U2	U2 spliceosomal RNA [Source:RFAM%3BAcc:RF00004]
ENSSSAG00000020710	AGKD04105920.1	.	protein_coding		
ENSSSAG00000020711	AGKD04104518.1	.	protein_coding		
ENSSSAG00000020721	AGKD04134337.1	.	snRNA	U5	U5 spliceosomal RNA [Source:RFAM%3BAcc:RF00020]
ENSSSAG00000020732	AGKD04025615.1	.	snoRNA	U3	Small nucleolar RNA U3 [Source:RFAM%3BAcc:RF00012]
ENSSSAG00000020747	AGKD04095809.1	.	snRNA	U5	U5 spliceosomal RNA [Source:RFAM%3BAcc:RF00020]
ENSSSAG00000020771	AGKD04098821.1	.	pseudogene		
ENSSSAG00000020772	AGKD04025615.1	.	snoRNA	U3	Small nucleolar RNA U3 [Source:RFAM%3BAcc:RF00012]
ENSSSAG00000020777	AGKD04112894.1	.	snRNA	U1	U1 spliceosomal RNA [Source:RFAM%3BAcc:RF00003]
ENSSSAG00000020779	AGKD04095809.1	.	snRNA	U2	U2 spliceosomal RNA [Source:RFAM%3BAcc:RF00004]
ENSSSAG00000020781	AGKD04098225.1	.	protein_coding		
ENSSSAG00000020800	AGKD04025615.1	.	snoRNA	U3	Small nucleolar RNA U3 [Source:RFAM%3BAcc:RF00012]
ENSSSAG00000020811	AGKD04150501.1	.	snRNA	U5	U5 spliceosomal RNA [Source:RFAM%3BAcc:RF00020]
ENSSSAG00000020823	AGKD04128407.1	.	snRNA	U1	U1 spliceosomal RNA [Source:RFAM%3BAcc:RF00003]
ENSSSAG00000020832	AGKD04125285.1	.	protein_coding		
ENSSSAG00000020835	AGKD04025615.1	.	snoRNA		
ENSSSAG00000020838	AGKD04150501.1	.	snRNA	U2	U2 spliceosomal RNA [Source:RFAM%3BAcc:RF00004]
ENSSSAG00000020844	AGKD04083910.1	.	snoRNA		
ENSSSAG00000020874	AGKD04034664.1	.	protein_coding		
ENSSSAG00000020880	AGKD04083910.1	.	snoRNA	U3	Small nucleolar RNA U3 [Source:RFAM%3BAcc:RF00012]
ENSSSAG00000020886	AGKD04025615.1	.	snoRNA	U3	Small nucleolar RNA U3 [Source:RFAM%3BAcc:RF00012]
ENSSSAG00000020892	AGKD04107566.1	.	protein_coding		
ENSSSAG00000020923	AGKD04083910.1	.	snoRNA	U3	Small nucleolar RNA U3 [Source:RFAM%3BAcc:RF00012]
ENSSSAG00000020924	AGKD04025616.1	.	snoRNA		
ENSSSAG00000020932	AGKD04096587.1	.	protein_coding		
ENSSSAG00000020941	AGKD04134423.1	.	protein_coding		
ENSSSAG00000020943	AGKD04027439.1	.	protein_coding	fgl2a	fibroleukin-like [Source:NCBI gene%3BAcc:106596391]
ENSSSAG00000020945	AGKD04034689.1	.	protein_coding		
ENSSSAG00000020955	AGKD04025616.1	.	snoRNA	U3	Small nucleolar RNA U3 [Source:RFAM%3BAcc:RF00012]
ENSSSAG00000020970	AGKD04083915.1	.	protein_coding		
ENSSSAG00000020972	AGKD04081704.1	.	protein_coding		
ENSSSAG00000020984	AGKD04025616.1	.	snoRNA	U3	Small nucleolar RNA U3 [Source:RFAM%3BAcc:RF00012]
ENSSSAG00000020985	AGKD04057883.1	.	protein_coding		
ENSSSAG00000020989	AGKD04110142.1	.	protein_coding		
ENSSSAG00000020997	AGKD04093696.1	.	protein_coding		
ENSSSAG00000021009	AGKD04070669.1	.	snRNA	U1	U1 spliceosomal RNA [Source:RFAM%3BAcc:RF00003]
ENSSSAG00000021016	AGKD04025616.1	.	snoRNA		
ENSSSAG00000021033	AGKD04112924.1	.	snRNA	U6	U6 spliceosomal RNA [Source:RFAM%3BAcc:RF00026]
ENSSSAG00000021035	AGKD04136678.1	.	protein_coding		
ENSSSAG00000021038	AGKD04093709.1	.	snRNA	U1	U1 spliceosomal RNA [Source:RFAM%3BAcc:RF00003]
ENSSSAG00000021043	AGKD04113897.1	.	snRNA	U6	U6 spliceosomal RNA [Source:RFAM%3BAcc:RF00026]
ENSSSAG00000021044	AGKD04025616.1	.	snoRNA	U3	Small nucleolar RNA U3 [Source:RFAM%3BAcc:RF00012]
ENSSSAG00000021053	AGKD04131443.1	.	protein_coding		
ENSSSAG00000021063	AGKD04061161.1	.	snRNA	U1	U1 spliceosomal RNA [Source:RFAM%3BAcc:RF00003]
ENSSSAG00000021064	AGKD04121343.1	.	snRNA	U2	U2 spliceosomal RNA [Source:RFAM%3BAcc:RF00004]
ENSSSAG00000021068	AGKD04112924.1	.	snRNA	U6	U6 spliceosomal RNA [Source:RFAM%3BAcc:RF00026]
ENSSSAG00000021075	AGKD04034722.1	.	snRNA	U1	U1 spliceosomal RNA [Source:RFAM%3BAcc:RF00003]
ENSSSAG00000021077	AGKD04041607.1	.	protein_coding		
ENSSSAG00000021079	AGKD04083915.1	.	protein_coding		
ENSSSAG00000021080	AGKD04025616.1	.	snoRNA		
ENSSSAG00000021081	AGKD04125349.1	.	snRNA	U6	U6 spliceosomal RNA [Source:RFAM%3BAcc:RF00026]
ENSSSAG00000021090	AGKD04121343.1	.	snRNA	U5	U5 spliceosomal RNA [Source:RFAM%3BAcc:RF00020]
ENSSSAG00000021098	AGKD04034722.1	.	snRNA	U1	U1 spliceosomal RNA [Source:RFAM%3BAcc:RF00003]
ENSSSAG00000021111	AGKD04125349.1	.	snRNA	U6	U6 spliceosomal RNA [Source:RFAM%3BAcc:RF00026]
ENSSSAG00000021118	AGKD04025616.1	.	snoRNA	U3	Small nucleolar RNA U3 [Source:RFAM%3BAcc:RF00012]
ENSSSAG00000021151	AGKD04025616.1	.	snoRNA		
ENSSSAG00000021185	AGKD04240110.1	.	snRNA	U1	U1 spliceosomal RNA [Source:RFAM%3BAcc:RF00003]
ENSSSAG00000021187	AGKD04148058.1	.	snoRNA		
ENSSSAG00000021189	AGKD04025616.1	.	snoRNA	U3	Small nucleolar RNA U3 [Source:RFAM%3BAcc:RF00012]
ENSSSAG00000021193	AGKD04132940.1	.	protein_coding		
ENSSSAG00000021215	AGKD04136724.1	.	snRNA	U6	U6 spliceosomal RNA [Source:RFAM%3BAcc:RF00026]
ENSSSAG00000021218	AGKD04095965.1	.	protein_coding		
ENSSSAG00000021220	AGKD04025616.1	.	snoRNA		
ENSSSAG00000021224	AGKD04148058.1	.	snoRNA		
ENSSSAG00000021234	AGKD04208711.1	.	pseudogene		
ENSSSAG00000021238	AGKD04112232.1	.	protein_coding		
ENSSSAG00000021246	AGKD04136724.1	.	snRNA	U6	U6 spliceosomal RNA [Source:RFAM%3BAcc:RF00026]
ENSSSAG00000021255	AGKD04025616.1	.	snoRNA	U3	Small nucleolar RNA U3 [Source:RFAM%3BAcc:RF00012]
ENSSSAG00000021270	AGKD04148058.1	.	snoRNA		
ENSSSAG00000021280	AGKD04240144.1	.	snRNA	U1	U1 spliceosomal RNA [Source:RFAM%3BAcc:RF00003]
ENSSSAG00000021292	AGKD04040007.1	.	snRNA	U2	U2 spliceosomal RNA [Source:RFAM%3BAcc:RF00004]
ENSSSAG00000021296	AGKD04025616.1	.	snoRNA		
ENSSSAG00000021299	AGKD04098904.1	.	protein_coding		
ENSSSAG00000021300	AGKD04213597.1	.	protein_coding		
ENSSSAG00000021307	AGKD04148058.1	.	snoRNA		
ENSSSAG00000021318	AGKD04221899.1	.	protein_coding		
ENSSSAG00000021323	AGKD04061173.1	.	snRNA	U5	U5 spliceosomal RNA [Source:RFAM%3BAcc:RF00020]
ENSSSAG00000021329	AGKD04223967.1	.	protein_coding		
ENSSSAG00000021338	AGKD04148058.1	.	snoRNA		
ENSSSAG00000021340	AGKD04240147.1	.	protein_coding		
ENSSSAG00000021344	AGKD04025616.1	.	snoRNA	U3	Small nucleolar RNA U3 [Source:RFAM%3BAcc:RF00012]
ENSSSAG00000021367	AGKD04110316.1	.	protein_coding		
ENSSSAG00000021376	AGKD04025616.1	.	snoRNA	U3	Small nucleolar RNA U3 [Source:RFAM%3BAcc:RF00012]
ENSSSAG00000021382	AGKD04106003.1	.	snRNA	U4	U4 spliceosomal RNA [Source:RFAM%3BAcc:RF00015]
ENSSSAG00000021411	AGKD04104762.1	.	snRNA	U1	U1 spliceosomal RNA [Source:RFAM%3BAcc:RF00003]
ENSSSAG00000021417	AGKD04106003.1	.	snRNA	U4	U4 spliceosomal RNA [Source:RFAM%3BAcc:RF00015]
ENSSSAG00000021423	AGKD04133033.1	.	protein_coding		
ENSSSAG00000021425	AGKD04123979.1	.	snRNA	U1	U1 spliceosomal RNA [Source:RFAM%3BAcc:RF00003]
ENSSSAG00000021433	AGKD04243630.1	.	protein_coding		
ENSSSAG00000021440	AGKD04095982.1	.	protein_coding		
ENSSSAG00000021441	AGKD04195405.1	.	protein_coding		
ENSSSAG00000021455	AGKD04106016.1	.	snRNA	U1	U1 spliceosomal RNA [Source:RFAM%3BAcc:RF00003]
ENSSSAG00000021460	AGKD04104801.1	.	snRNA	U4	U4 spliceosomal RNA [Source:RFAM%3BAcc:RF00015]
ENSSSAG00000021493	AGKD04223980.1	.	snRNA	U1	U1 spliceosomal RNA [Source:RFAM%3BAcc:RF00003]
ENSSSAG00000021497	AGKD04124050.1	.	protein_coding		
ENSSSAG00000021506	AGKD04104801.1	.	snRNA	U4	U4 spliceosomal RNA [Source:RFAM%3BAcc:RF00015]
ENSSSAG00000021534	AGKD04223996.1	.	misc_RNA	Metazoa_SRP	Metazoan signal recognition particle RNA [Source:RFAM%3BAcc:RF00017]
ENSSSAG00000021539	AGKD04098937.1	.	protein_coding		
ENSSSAG00000021543	AGKD04124050.1	.	protein_coding		
ENSSSAG00000021545	AGKD04128594.1	.	protein_coding		
ENSSSAG00000021564	AGKD04099672.1	.	snRNA	U6	U6 spliceosomal RNA [Source:RFAM%3BAcc:RF00026]
ENSSSAG00000021596	AGKD04240253.1	.	protein_coding		
ENSSSAG00000021607	AGKD04219852.1	.	protein_coding		
ENSSSAG00000021612	AGKD04099672.1	.	snRNA	U6	U6 spliceosomal RNA [Source:RFAM%3BAcc:RF00026]
ENSSSAG00000021619	AGKD04243743.1	.	pseudogene		
ENSSSAG00000021621	AGKD04136871.1	.	protein_coding		
ENSSSAG00000021643	AGKD04240284.1	.	protein_coding		
ENSSSAG00000021651	AGKD04203056.1	.	snRNA	U1	U1 spliceosomal RNA [Source:RFAM%3BAcc:RF00003]
ENSSSAG00000021653	AGKD04219854.1	.	snRNA	U1	U1 spliceosomal RNA [Source:RFAM%3BAcc:RF00003]
ENSSSAG00000021675	AGKD04208780.1	.	snRNA	U6	U6 spliceosomal RNA [Source:RFAM%3BAcc:RF00026]
ENSSSAG00000021685	AGKD04341493.1	.	protein_coding		
ENSSSAG00000021692	AGKD04093796.1	.	protein_coding		
ENSSSAG00000021703	AGKD04221974.1	.	snRNA	U1	U1 spliceosomal RNA [Source:RFAM%3BAcc:RF00003]
ENSSSAG00000021708	AGKD04224146.1	.	snRNA	U6	U6 spliceosomal RNA [Source:RFAM%3BAcc:RF00026]
ENSSSAG00000021713	AGKD04113959.1	.	pseudogene		
ENSSSAG00000021714	AGKD04240331.1	.	protein_coding		
ENSSSAG00000021728	AGKD04098994.1	.	protein_coding		
ENSSSAG00000021748	AGKD04041660.1	.	snRNA	U2	U2 spliceosomal RNA [Source:RFAM%3BAcc:RF00004]
ENSSSAG00000021752	AGKD04341515.1	.	pseudogene		
ENSSSAG00000021754	AGKD04224146.1	.	snRNA	U6	U6 spliceosomal RNA [Source:RFAM%3BAcc:RF00026]
ENSSSAG00000021771	AGKD04243778.1	.	protein_coding		
ENSSSAG00000021773	AGKD04327158.1	.	protein_coding		
ENSSSAG00000021784	AGKD04041668.1	.	snRNA	U1	U1 spliceosomal RNA [Source:RFAM%3BAcc:RF00003]
ENSSSAG00000021800	AGKD04220027.1	.	snRNA	U4	U4 spliceosomal RNA [Source:RFAM%3BAcc:RF00015]
ENSSSAG00000021801	AGKD04221995.1	.	protein_coding		
ENSSSAG00000021812	AGKD04099712.1	.	protein_coding		
ENSSSAG00000021815	AGKD04034783.1	.	protein_coding		
ENSSSAG00000021816	AGKD04107749.1	.	snRNA	U4	U4 spliceosomal RNA [Source:RFAM%3BAcc:RF00015]
ENSSSAG00000021823	AGKD04220027.1	.	snRNA	U4	U4 spliceosomal RNA [Source:RFAM%3BAcc:RF00015]
ENSSSAG00000021842	AGKD04240392.1	.	protein_coding		
ENSSSAG00000021843	AGKD04341554.1	.	protein_coding		
ENSSSAG00000021844	AGKD04214001.1	.	protein_coding		
ENSSSAG00000021845	AGKD04112348.1	.	protein_coding		
ENSSSAG00000021848	AGKD04243836.1	.	protein_coding		
ENSSSAG00000021852	AGKD04107749.1	.	snRNA	U4	U4 spliceosomal RNA [Source:RFAM%3BAcc:RF00015]
ENSSSAG00000021859	AGKD04098343.1	.	pseudogene		
ENSSSAG00000021863	AGKD04196138.1	.	pseudogene		
ENSSSAG00000021870	AGKD04150903.1	.	snoRNA		
ENSSSAG00000021876	AGKD04124284.1	.	protein_coding		
ENSSSAG00000021888	AGKD04131559.1	.	pseudogene		
ENSSSAG00000021889	AGKD04043182.1	.	snRNA	U1	U1 spliceosomal RNA [Source:RFAM%3BAcc:RF00003]
ENSSSAG00000021894	AGKD04220037.1	.	protein_coding		
ENSSSAG00000021896	AGKD04034783.1	.	protein_coding		
ENSSSAG00000021908	AGKD04150903.1	.	snoRNA	U3	Small nucleolar RNA U3 [Source:RFAM%3BAcc:RF00012]
ENSSSAG00000021910	AGKD04323848.1	.	miRNA	ssa-mir-138-4	ssa-mir-138-4 [Source:miRBase%3BAcc:MI0026496]
ENSSSAG00000021914	AGKD04134645.1	.	snRNA	U5	U5 spliceosomal RNA [Source:RFAM%3BAcc:RF00020]
ENSSSAG00000021918	AGKD04043182.1	.	snRNA	U1	U1 spliceosomal RNA [Source:RFAM%3BAcc:RF00003]
ENSSSAG00000021920	AGKD04240469.1	.	snRNA	U1	U1 spliceosomal RNA [Source:RFAM%3BAcc:RF00003]
ENSSSAG00000021929	AGKD04243886.1	.	protein_coding		
ENSSSAG00000021941	AGKD04222019.1	.	snRNA	U1	U1 spliceosomal RNA [Source:RFAM%3BAcc:RF00003]
ENSSSAG00000021970	AGKD04262015.1	.	protein_coding		
ENSSSAG00000021973	AGKD04240504.1	.	misc_RNA	Metazoa_SRP	Metazoan signal recognition particle RNA [Source:RFAM%3BAcc:RF00017]
ENSSSAG00000021976	AGKD04275937.1	.	protein_coding		
ENSSSAG00000021980	AGKD04264342.1	.	protein_coding		
ENSSSAG00000021995	AGKD04291311.1	.	snRNA	U5	U5 spliceosomal RNA [Source:RFAM%3BAcc:RF00020]
ENSSSAG00000022002	AGKD04224220.1	.	protein_coding		
ENSSSAG00000022029	AGKD04305567.1	.	snRNA	U1	U1 spliceosomal RNA [Source:RFAM%3BAcc:RF00003]
ENSSSAG00000022038	AGKD04291452.1	.	snRNA	U1	U1 spliceosomal RNA [Source:RFAM%3BAcc:RF00003]
ENSSSAG00000022045	AGKD04222042.1	.	protein_coding		
ENSSSAG00000022046	AGKD04253718.1	.	protein_coding		
ENSSSAG00000022049	AGKD04133177.1	.	protein_coding		
ENSSSAG00000022059	AGKD04247850.1	.	protein_coding		
ENSSSAG00000022062	AGKD04323909.1	.	snRNA	U6	U6 spliceosomal RNA [Source:RFAM%3BAcc:RF00026]
ENSSSAG00000022068	AGKD04099050.1	.	protein_coding		
ENSSSAG00000022069	AGKD04291546.1	.	snoRNA		
ENSSSAG00000022070	AGKD04262090.1	.	snoRNA	U3	Small nucleolar RNA U3 [Source:RFAM%3BAcc:RF00012]
ENSSSAG00000022073	AGKD04305671.1	.	snRNA	U2	U2 spliceosomal RNA [Source:RFAM%3BAcc:RF00004]
ENSSSAG00000022075	AGKD04166031.1	.	snoRNA		
ENSSSAG00000022079	AGKD04275966.1	.	snRNA	U1	U1 spliceosomal RNA [Source:RFAM%3BAcc:RF00003]
ENSSSAG00000022081	AGKD04253731.1	.	protein_coding		
ENSSSAG00000022082	AGKD04121636.1	.	snRNA	U1	U1 spliceosomal RNA [Source:RFAM%3BAcc:RF00003]
ENSSSAG00000022094	AGKD04224224.1	.	protein_coding		
ENSSSAG00000022102	AGKD04341607.1	.	protein_coding		
ENSSSAG00000022114	AGKD04104905.1	.	snRNA	U1	U1 spliceosomal RNA [Source:RFAM%3BAcc:RF00003]
ENSSSAG00000022116	AGKD04291546.1	.	snoRNA	U3	Small nucleolar RNA U3 [Source:RFAM%3BAcc:RF00012]
ENSSSAG00000022119	AGKD04305671.1	.	snRNA	U5	U5 spliceosomal RNA [Source:RFAM%3BAcc:RF00020]
ENSSSAG00000022125	AGKD04268007.1	.	protein_coding		
ENSSSAG00000022127	AGKD04222075.1	.	protein_coding		
ENSSSAG00000022128	AGKD04262164.1	.	protein_coding		
ENSSSAG00000022133	AGKD04166031.1	.	snoRNA	U3	Small nucleolar RNA U3 [Source:RFAM%3BAcc:RF00012]
ENSSSAG00000022138	AGKD04275988.1	.	protein_coding		
ENSSSAG00000022158	AGKD04098418.1	.	snRNA	U1	U1 spliceosomal RNA [Source:RFAM%3BAcc:RF00003]
ENSSSAG00000022180	AGKD04341696.1	.	protein_coding		
ENSSSAG00000022188	AGKD04043213.1	.	snRNA	U1	U1 spliceosomal RNA [Source:RFAM%3BAcc:RF00003]
ENSSSAG00000022196	AGKD04291590.1	.	protein_coding		
ENSSSAG00000022198	AGKD04217979.1	.	snRNA	U6	U6 spliceosomal RNA [Source:RFAM%3BAcc:RF00026]
ENSSSAG00000022218	AGKD04240671.1	.	protein_coding		
ENSSSAG00000022228	AGKD04146651.1	.	protein_coding		
ENSSSAG00000022232	AGKD04043213.1	.	snRNA	U1	U1 spliceosomal RNA [Source:RFAM%3BAcc:RF00003]
ENSSSAG00000022234	AGKD04268150.1	.	protein_coding		
ENSSSAG00000022238	AGKD04243947.1	.	snRNA	U5	U5 spliceosomal RNA [Source:RFAM%3BAcc:RF00020]
ENSSSAG00000022242	AGKD04214267.1	.	snRNA	U1	U1 spliceosomal RNA [Source:RFAM%3BAcc:RF00003]
ENSSSAG00000022251	AGKD04323977.1	.	protein_coding		
ENSSSAG00000022271	AGKD04341759.1	.	protein_coding		
ENSSSAG00000022277	AGKD04224248.1	.	snRNA	U4	U4 spliceosomal RNA [Source:RFAM%3BAcc:RF00015]
ENSSSAG00000022284	AGKD04243947.1	.	snRNA	U2	U2 spliceosomal RNA [Source:RFAM%3BAcc:RF00004]
ENSSSAG00000022289	AGKD04220156.1	.	protein_coding		
ENSSSAG00000022294	AGKD04137206.1	.	snRNA	U7	U7 small nuclear RNA [Source:RFAM%3BAcc:RF00066]
ENSSSAG00000022309	AGKD04248009.1	.	protein_coding		
ENSSSAG00000022313	AGKD04214344.1	.	protein_coding		
ENSSSAG00000022315	AGKD04264416.1	.	protein_coding		
ENSSSAG00000022317	AGKD04276008.1	.	snRNA	U2	U2 spliceosomal RNA [Source:RFAM%3BAcc:RF00004]
ENSSSAG00000022319	AGKD04278861.1	.	protein_coding		
ENSSSAG00000022323	AGKD04125574.1	.	protein_coding		
ENSSSAG00000022324	AGKD04224248.1	.	snRNA	U4	U4 spliceosomal RNA [Source:RFAM%3BAcc:RF00015]
ENSSSAG00000022329	AGKD04268215.1	.	protein_coding		
ENSSSAG00000022333	AGKD04034891.1	.	protein_coding		RAD50-interacting protein 1-like [Source:NCBI gene%3BAcc:106597633]
ENSSSAG00000022344	AGKD04179408.1	.	snRNA	U6	U6 spliceosomal RNA [Source:RFAM%3BAcc:RF00026]
ENSSSAG00000022345	AGKD04341760.1	.	protein_coding		H3 clustered histone 15 [Source:HGNC Symbol%3BAcc:HGNC:20505]
ENSSSAG00000022353	AGKD04218026.1	.	protein_coding		
ENSSSAG00000022356	AGKD04288942.1	.	protein_coding		
ENSSSAG00000022358	AGKD04276008.1	.	snRNA	U5	U5 spliceosomal RNA [Source:RFAM%3BAcc:RF00020]
ENSSSAG00000022361	AGKD04291622.1	.	protein_coding		
ENSSSAG00000022379	ssa04	.	snoRNA		
ENSSSAG00000022380	AGKD04224258.1	.	protein_coding		
ENSSSAG00000022386	AGKD04146748.1	.	protein_coding		
ENSSSAG00000022396	AGKD04257993.1	.	snRNA	U1	U1 spliceosomal RNA [Source:RFAM%3BAcc:RF00003]
ENSSSAG00000022398	AGKD04125592.1	.	misc_RNA	Metazoa_SRP	Metazoan signal recognition particle RNA [Source:RFAM%3BAcc:RF00017]
ENSSSAG00000022399	AGKD04323999.1	.	snRNA	U1	U1 spliceosomal RNA [Source:RFAM%3BAcc:RF00003]
ENSSSAG00000022403	AGKD04240756.1	.	protein_coding		
ENSSSAG00000022407	AGKD04041749.1	.	ribozyme	RNaseP_nuc	Nuclear RNase P [Source:RFAM%3BAcc:RF00009]
ENSSSAG00000022408	AGKD04248030.1	.	snRNA	U1	U1 spliceosomal RNA [Source:RFAM%3BAcc:RF00003]
ENSSSAG00000022423	AGKD04148523.1	.	snRNA	U5	U5 spliceosomal RNA [Source:RFAM%3BAcc:RF00020]
ENSSSAG00000022428	AGKD04220222.1	.	protein_coding		
ENSSSAG00000022442	AGKD04041749.1	.	ribozyme	RNaseP_nuc	Nuclear RNase P [Source:RFAM%3BAcc:RF00009]
ENSSSAG00000022443	AGKD04257998.1	.	snRNA	U1	U1 spliceosomal RNA [Source:RFAM%3BAcc:RF00003]
ENSSSAG00000022447	AGKD04128814.1	.	protein_coding		
ENSSSAG00000022449	AGKD04146870.1	.	snoRNA		
ENSSSAG00000022459	AGKD04148523.1	.	snRNA	U2	U2 spliceosomal RNA [Source:RFAM%3BAcc:RF00004]
ENSSSAG00000022472	AGKD04320947.1	.	protein_coding		
ENSSSAG00000022473	AGKD04341775.1	.	protein_coding		
ENSSSAG00000022476	AGKD04209775.1	.	snoRNA		
ENSSSAG00000022481	AGKD04146870.1	.	snoRNA	U3	Small nucleolar RNA U3 [Source:RFAM%3BAcc:RF00012]
ENSSSAG00000022488	AGKD04041765.1	.	snoRNA		
ENSSSAG00000022489	AGKD04222134.1	.	protein_coding		
ENSSSAG00000022490	AGKD04234146.1	.	protein_coding		
ENSSSAG00000022498	AGKD04278878.1	.	protein_coding		
ENSSSAG00000022503	AGKD04276035.1	.	protein_coding		
ENSSSAG00000022505	AGKD04243996.1	.	protein_coding		
ENSSSAG00000022506	AGKD04262339.1	.	protein_coding		
ENSSSAG00000022507	AGKD04203813.1	.	protein_coding		
ENSSSAG00000022509	AGKD04148573.1	.	protein_coding		
ENSSSAG00000022524	AGKD04034892.1	.	snoRNA		
ENSSSAG00000022525	AGKD04305729.1	.	protein_coding		
ENSSSAG00000022526	AGKD04209775.1	.	snoRNA		
ENSSSAG00000022527	AGKD04041765.1	.	snoRNA	U3	Small nucleolar RNA U3 [Source:RFAM%3BAcc:RF00012]
ENSSSAG00000022532	AGKD04327551.1	.	snRNA	U1	U1 spliceosomal RNA [Source:RFAM%3BAcc:RF00003]
ENSSSAG00000022535	AGKD04133386.1	.	protein_coding		
ENSSSAG00000022552	AGKD04291666.1	.	pseudogene		
ENSSSAG00000022553	AGKD04264426.1	.	protein_coding		
ENSSSAG00000022562	AGKD04034892.1	.	snoRNA	U3	Small nucleolar RNA U3 [Source:RFAM%3BAcc:RF00012]
ENSSSAG00000022564	AGKD04041765.1	.	snoRNA		
ENSSSAG00000022566	AGKD04209775.1	.	snoRNA		
ENSSSAG00000022567	AGKD04222281.1	.	snRNA	U5	U5 spliceosomal RNA [Source:RFAM%3BAcc:RF00020]
ENSSSAG00000022576	AGKD04266452.1	.	protein_coding		
ENSSSAG00000022586	AGKD04248105.1	.	protein_coding		
ENSSSAG00000022600	AGKD04034892.1	.	snoRNA		
ENSSSAG00000022603	AGKD04258118.1	.	protein_coding		
ENSSSAG00000022604	AGKD04041765.1	.	snoRNA	U3	Small nucleolar RNA U3 [Source:RFAM%3BAcc:RF00012]
ENSSSAG00000022606	AGKD04132101.1	.	snRNA	U2	U2 spliceosomal RNA [Source:RFAM%3BAcc:RF00004]
ENSSSAG00000022611	AGKD04218110.1	.	protein_coding		
ENSSSAG00000022613	AGKD04307660.1	.	snRNA	U1	U1 spliceosomal RNA [Source:RFAM%3BAcc:RF00003]
ENSSSAG00000022620	AGKD04305751.1	.	protein_coding		
ENSSSAG00000022621	AGKD04222281.1	.	snRNA	U2	U2 spliceosomal RNA [Source:RFAM%3BAcc:RF00004]
ENSSSAG00000022623	AGKD04098514.1	.	protein_coding		
ENSSSAG00000022624	AGKD04209775.1	.	snoRNA		
ENSSSAG00000022625	AGKD04278912.1	.	pseudogene		
ENSSSAG00000022628	AGKD04294375.1	.	protein_coding		
ENSSSAG00000022638	AGKD04262433.1	.	snRNA	U1	U1 spliceosomal RNA [Source:RFAM%3BAcc:RF00003]
ENSSSAG00000022645	AGKD04034892.1	.	snoRNA	U3	Small nucleolar RNA U3 [Source:RFAM%3BAcc:RF00012]
ENSSSAG00000022646	AGKD04132101.1	.	snRNA	U5	U5 spliceosomal RNA [Source:RFAM%3BAcc:RF00020]
ENSSSAG00000022649	AGKD04268251.1	.	protein_coding		
ENSSSAG00000022651	AGKD04041765.1	.	snoRNA		
ENSSSAG00000022656	AGKD04112417.1	.	snoRNA		
ENSSSAG00000022681	AGKD04132101.1	.	snRNA	U2	U2 spliceosomal RNA [Source:RFAM%3BAcc:RF00004]
ENSSSAG00000022684	AGKD04266486.1	.	protein_coding		
ENSSSAG00000022689	AGKD04034892.1	.	snoRNA	U3	Small nucleolar RNA U3 [Source:RFAM%3BAcc:RF00012]
ENSSSAG00000022690	AGKD04137270.1	.	snRNA	U1	U1 spliceosomal RNA [Source:RFAM%3BAcc:RF00003]
ENSSSAG00000022691	AGKD04041765.1	.	snoRNA	U3	Small nucleolar RNA U3 [Source:RFAM%3BAcc:RF00012]
ENSSSAG00000022693	AGKD04341876.1	.	protein_coding		
ENSSSAG00000022695	AGKD04043242.1	.	snRNA	U1	U1 spliceosomal RNA [Source:RFAM%3BAcc:RF00003]
ENSSSAG00000022707	AGKD04276070.1	.	pseudogene		
ENSSSAG00000022719	AGKD04121846.1	.	snRNA	U1	U1 spliceosomal RNA [Source:RFAM%3BAcc:RF00003]
ENSSSAG00000022722	AGKD04307689.1	.	protein_coding		
ENSSSAG00000022732	AGKD04090224.1	.	snRNA	U1	U1 spliceosomal RNA [Source:RFAM%3BAcc:RF00003]
ENSSSAG00000022735	AGKD04041765.1	.	snoRNA		
ENSSSAG00000022747	AGKD04234292.1	.	protein_coding		
ENSSSAG00000022753	AGKD04324346.1	.	protein_coding		
ENSSSAG00000022767	AGKD04043242.1	.	snRNA	U1	U1 spliceosomal RNA [Source:RFAM%3BAcc:RF00003]
ENSSSAG00000022791	AGKD04041765.1	.	snoRNA	U3	Small nucleolar RNA U3 [Source:RFAM%3BAcc:RF00012]
ENSSSAG00000022794	AGKD04341890.1	.	protein_coding		
ENSSSAG00000022799	AGKD04090253.1	.	protein_coding		
ENSSSAG00000022801	AGKD04321055.1	.	snRNA	U1	U1 spliceosomal RNA [Source:RFAM%3BAcc:RF00003]
ENSSSAG00000022809	AGKD04148616.1	.	pseudogene		
ENSSSAG00000022811	AGKD04240813.1	.	protein_coding		
ENSSSAG00000022814	AGKD04307702.1	.	protein_coding		
ENSSSAG00000022815	AGKD04291728.1	.	protein_coding		H3 clustered histone 15 [Source:HGNC Symbol%3BAcc:HGNC:20505]
ENSSSAG00000022817	AGKD04025642.1	.	protein_coding	NHLRC1	E3 ubiquitin-protein ligase NHLRC1-like [Source:NCBI gene%3BAcc:106596027]
ENSSSAG00000022823	AGKD04264434.1	.	protein_coding		
ENSSSAG00000022826	AGKD04258152.1	.	protein_coding		
ENSSSAG00000022840	AGKD04043255.1	.	protein_coding		
ENSSSAG00000022843	AGKD04220283.1	.	pseudogene		
ENSSSAG00000022849	AGKD04124546.1	.	snRNA	U1	U1 spliceosomal RNA [Source:RFAM%3BAcc:RF00003]
ENSSSAG00000022857	AGKD04279011.1	.	protein_coding		
ENSSSAG00000022859	AGKD04254047.1	.	protein_coding		
ENSSSAG00000022862	AGKD04234296.1	.	protein_coding		
ENSSSAG00000022864	AGKD04244039.1	.	protein_coding		
ENSSSAG00000022881	AGKD04307721.1	.	snRNA	U1	U1 spliceosomal RNA [Source:RFAM%3BAcc:RF00003]
ENSSSAG00000022883	AGKD04248147.1	.	snRNA	U1	U1 spliceosomal RNA [Source:RFAM%3BAcc:RF00003]
ENSSSAG00000022904	AGKD04264508.1	.	protein_coding		
ENSSSAG00000022905	AGKD04268459.1	.	snRNA	U1	U1 spliceosomal RNA [Source:RFAM%3BAcc:RF00003]
ENSSSAG00000022915	AGKD04222349.1	.	protein_coding		
ENSSSAG00000022920	AGKD04034901.1	.	snRNA	U1	U1 spliceosomal RNA [Source:RFAM%3BAcc:RF00003]
ENSSSAG00000022922	AGKD04099133.1	.	protein_coding		
ENSSSAG00000022926	AGKD04291748.1	.	protein_coding		
ENSSSAG00000022946	AGKD04218141.1	.	snoRNA		
ENSSSAG00000022952	AGKD04034901.1	.	snRNA	U1	U1 spliceosomal RNA [Source:RFAM%3BAcc:RF00003]
ENSSSAG00000022962	AGKD04268484.1	.	snRNA	U1	U1 spliceosomal RNA [Source:RFAM%3BAcc:RF00003]
ENSSSAG00000022974	AGKD04025659.1	.	protein_coding		mitogen-activated protein kinase kinase 6 [Source:NCBI gene%3BAcc:65239]
ENSSSAG00000022979	AGKD04279062.1	.	snRNA	U2	U2 spliceosomal RNA [Source:RFAM%3BAcc:RF00004]
ENSSSAG00000022980	AGKD04220285.1	.	protein_coding		
ENSSSAG00000022983	AGKD04327768.1	.	protein_coding		
ENSSSAG00000022987	AGKD04218141.1	.	snoRNA	U3	Small nucleolar RNA U3 [Source:RFAM%3BAcc:RF00012]
ENSSSAG00000022992	AGKD04341942.1	.	pseudogene		
ENSSSAG00000022995	AGKD04222362.1	.	protein_coding		
ENSSSAG00000023002	AGKD04276156.1	.	protein_coding		
ENSSSAG00000023005	AGKD04321195.1	.	protein_coding		
ENSSSAG00000023009	AGKD04224356.1	.	protein_coding		glyceraldehyde-3-phosphate dehydrogenase [Source:NCBI gene%3BAcc:106600163]
ENSSSAG00000023031	AGKD04279062.1	.	snRNA	U5	U5 spliceosomal RNA [Source:RFAM%3BAcc:RF00020]
ENSSSAG00000023035	AGKD04133678.1	.	snRNA	U1	U1 spliceosomal RNA [Source:RFAM%3BAcc:RF00003]
ENSSSAG00000023036	AGKD04291750.1	.	snRNA	U1	U1 spliceosomal RNA [Source:RFAM%3BAcc:RF00003]
ENSSSAG00000023044	AGKD04240863.1	.	snRNA	U1	U1 spliceosomal RNA [Source:RFAM%3BAcc:RF00003]
ENSSSAG00000023048	AGKD04210238.1	.	snRNA	U6	U6 spliceosomal RNA [Source:RFAM%3BAcc:RF00026]
ENSSSAG00000023058	AGKD04244072.1	.	snRNA	U5	U5 spliceosomal RNA [Source:RFAM%3BAcc:RF00020]
ENSSSAG00000023073	AGKD04220332.1	.	snRNA	U1	U1 spliceosomal RNA [Source:RFAM%3BAcc:RF00003]
ENSSSAG00000023077	AGKD04264525.1	.	snRNA	U4	U4 spliceosomal RNA [Source:RFAM%3BAcc:RF00015]
ENSSSAG00000023088	AGKD04276168.1	.	protein_coding		
ENSSSAG00000023098	AGKD04210238.1	.	snRNA	U6	U6 spliceosomal RNA [Source:RFAM%3BAcc:RF00026]
ENSSSAG00000023099	AGKD04117092.1	.	protein_coding		
ENSSSAG00000023119	AGKD04244072.1	.	snRNA	U2	U2 spliceosomal RNA [Source:RFAM%3BAcc:RF00004]
ENSSSAG00000023121	AGKD04090144.1	.	protein_coding		
ENSSSAG00000023124	AGKD04264529.1	.	protein_coding		
ENSSSAG00000023127	AGKD04327891.1	.	snRNA	U2	U2 spliceosomal RNA [Source:RFAM%3BAcc:RF00004]
ENSSSAG00000023131	AGKD04309865.1	.	protein_coding		
ENSSSAG00000023135	AGKD04342008.1	.	protein_coding		
ENSSSAG00000023142	AGKD04294468.1	.	protein_coding		
ENSSSAG00000023152	AGKD04210374.1	.	protein_coding		
ENSSSAG00000023158	AGKD04268534.1	.	snRNA	U1	U1 spliceosomal RNA [Source:RFAM%3BAcc:RF00003]
ENSSSAG00000023161	AGKD04289224.1	.	protein_coding		
ENSSSAG00000023178	AGKD04244160.1	.	protein_coding		
ENSSSAG00000023188	AGKD04324753.1	.	protein_coding		
ENSSSAG00000023190	AGKD04090390.1	.	snRNA	U2	U2 spliceosomal RNA [Source:RFAM%3BAcc:RF00004]
ENSSSAG00000023196	AGKD04264543.1	.	pseudogene		
ENSSSAG00000023211	AGKD04268541.1	.	protein_coding		
ENSSSAG00000023212	AGKD04294491.1	.	snRNA	U1	U1 spliceosomal RNA [Source:RFAM%3BAcc:RF00003]
ENSSSAG00000023213	AGKD04218203.1	.	snRNA	U1	U1 spliceosomal RNA [Source:RFAM%3BAcc:RF00003]
ENSSSAG00000023216	AGKD04090390.1	.	snRNA	U5	U5 spliceosomal RNA [Source:RFAM%3BAcc:RF00020]
ENSSSAG00000023222	AGKD04034941.1	.	snRNA	U5	U5 spliceosomal RNA [Source:RFAM%3BAcc:RF00020]
ENSSSAG00000023228	AGKD04218230.1	.	snRNA	U1	U1 spliceosomal RNA [Source:RFAM%3BAcc:RF00003]
ENSSSAG00000023229	AGKD04268543.1	.	snRNA	U6	U6 spliceosomal RNA [Source:RFAM%3BAcc:RF00026]
ENSSSAG00000023240	AGKD04043351.1	.	snRNA	U1	U1 spliceosomal RNA [Source:RFAM%3BAcc:RF00003]
ENSSSAG00000023241	AGKD04276283.1	.	protein_coding		
ENSSSAG00000023243	AGKD04220365.1	.	protein_coding		
ENSSSAG00000023245	AGKD04224359.1	.	snRNA	U2	U2 spliceosomal RNA [Source:RFAM%3BAcc:RF00004]
ENSSSAG00000023247	AGKD04043351.1	.	snRNA	U1	U1 spliceosomal RNA [Source:RFAM%3BAcc:RF00003]
ENSSSAG00000023249	AGKD04347206.1	.	snRNA	U2	U2 spliceosomal RNA [Source:RFAM%3BAcc:RF00004]
ENSSSAG00000023250	AGKD04324808.1	.	snRNA	U6	U6 spliceosomal RNA [Source:RFAM%3BAcc:RF00026]
ENSSSAG00000023258	AGKD04220402.1	.	protein_coding		
ENSSSAG00000023261	AGKD04218248.1	.	snRNA	U1	U1 spliceosomal RNA [Source:RFAM%3BAcc:RF00003]
ENSSSAG00000023262	AGKD04034941.1	.	snRNA	U2	U2 spliceosomal RNA [Source:RFAM%3BAcc:RF00004]
ENSSSAG00000023264	AGKD04276318.1	.	protein_coding		
ENSSSAG00000023276	AGKD04347206.1	.	snRNA	U5	U5 spliceosomal RNA [Source:RFAM%3BAcc:RF00020]
ENSSSAG00000023277	AGKD04224376.1	.	snRNA	U1	U1 spliceosomal RNA [Source:RFAM%3BAcc:RF00003]
ENSSSAG00000023282	AGKD04090390.1	.	snRNA	U2	U2 spliceosomal RNA [Source:RFAM%3BAcc:RF00004]
ENSSSAG00000023285	AGKD04310158.1	.	snoRNA		
ENSSSAG00000023286	AGKD04137615.1	.	protein_coding		
ENSSSAG00000023289	AGKD04289227.1	.	protein_coding		
ENSSSAG00000023299	AGKD04034953.1	.	misc_RNA	Metazoa_SRP	Metazoan signal recognition particle RNA [Source:RFAM%3BAcc:RF00017]
ENSSSAG00000023302	AGKD04218265.1	.	snRNA	U6	U6 spliceosomal RNA [Source:RFAM%3BAcc:RF00026]
ENSSSAG00000023310	AGKD04135045.1	.	snRNA	U1	U1 spliceosomal RNA [Source:RFAM%3BAcc:RF00003]
ENSSSAG00000023313	AGKD04224384.1	.	snRNA	U1	U1 spliceosomal RNA [Source:RFAM%3BAcc:RF00003]
ENSSSAG00000023314	AGKD04324826.1	.	protein_coding		
ENSSSAG00000023320	AGKD04222386.1	.	pseudogene		
ENSSSAG00000023325	AGKD04310158.1	.	snoRNA		
ENSSSAG00000023328	AGKD04342163.1	.	protein_coding		
ENSSSAG00000023332	AGKD04305897.1	.	protein_coding		
ENSSSAG00000023333	AGKD04244212.1	.	snoRNA	U3	Small nucleolar RNA U3 [Source:RFAM%3BAcc:RF00012]
ENSSSAG00000023334	AGKD04307756.1	.	protein_coding		
ENSSSAG00000023339	AGKD04151815.1	.	snRNA	U5	U5 spliceosomal RNA [Source:RFAM%3BAcc:RF00020]
ENSSSAG00000023341	AGKD04034953.1	.	misc_RNA	Metazoa_SRP	Metazoan signal recognition particle RNA [Source:RFAM%3BAcc:RF00017]
ENSSSAG00000023346	AGKD04224437.1	.	snRNA	U5	U5 spliceosomal RNA [Source:RFAM%3BAcc:RF00020]
ENSSSAG00000023351	AGKD04218309.1	.	protein_coding		
ENSSSAG00000023354	AGKD04090153.1	.	snoRNA		
ENSSSAG00000023362	AGKD04262618.1	.	protein_coding		
ENSSSAG00000023363	AGKD04234395.1	.	protein_coding		
ENSSSAG00000023365	AGKD04268562.1	.	protein_coding		
ENSSSAG00000023366	AGKD04266556.1	.	snoRNA	U3	Small nucleolar RNA U3 [Source:RFAM%3BAcc:RF00012]
ENSSSAG00000023368	AGKD04310158.1	.	snoRNA		
ENSSSAG00000023371	AGKD04276401.1	.	protein_coding		
ENSSSAG00000023375	AGKD04137722.1	.	snoRNA		
ENSSSAG00000023376	AGKD04321367.1	.	snRNA	U1	U1 spliceosomal RNA [Source:RFAM%3BAcc:RF00003]
ENSSSAG00000023380	AGKD04244224.1	.	protein_coding		
ENSSSAG00000023384	AGKD04224472.1	.	protein_coding		
ENSSSAG00000023385	AGKD04264660.1	.	protein_coding		
ENSSSAG00000023391	AGKD04090153.1	.	snoRNA		
ENSSSAG00000023395	AGKD04151888.1	.	protein_coding		
ENSSSAG00000023396	AGKD04180489.1	.	snoRNA		
ENSSSAG00000023397	AGKD04342174.1	.	protein_coding		
ENSSSAG00000023399	AGKD04043379.1	.	protein_coding		
ENSSSAG00000023408	AGKD04137722.1	.	snoRNA	U3	Small nucleolar RNA U3 [Source:RFAM%3BAcc:RF00012]
ENSSSAG00000023413	AGKD04214826.1	.	snoRNA	U3	Small nucleolar RNA U3 [Source:RFAM%3BAcc:RF00012]
ENSSSAG00000023416	AGKD04025697.1	.	protein_coding		
ENSSSAG00000023420	AGKD04090153.1	.	snoRNA		
ENSSSAG00000023424	AGKD04220419.1	.	protein_coding		
ENSSSAG00000023425	AGKD04289329.1	.	protein_coding		
ENSSSAG00000023427	AGKD04262666.1	.	protein_coding		
ENSSSAG00000023429	AGKD04234406.1	.	protein_coding		
ENSSSAG00000023432	AGKD04244229.1	.	snRNA	U1	U1 spliceosomal RNA [Source:RFAM%3BAcc:RF00003]
ENSSSAG00000023435	AGKD04180489.1	.	snoRNA		
ENSSSAG00000023443	AGKD04321378.1	.	protein_coding		
ENSSSAG00000023444	AGKD04204758.1	.	snRNA	U5	U5 spliceosomal RNA [Source:RFAM%3BAcc:RF00020]
ENSSSAG00000023447	AGKD04240930.1	.	protein_coding		
ENSSSAG00000023452	AGKD04258503.1	.	snRNA	U1	U1 spliceosomal RNA [Source:RFAM%3BAcc:RF00003]
ENSSSAG00000023453	AGKD04090153.1	.	snoRNA		
ENSSSAG00000023454	AGKD04307759.1	.	protein_coding		
ENSSSAG00000023455	AGKD04210625.1	.	snRNA	U6	U6 spliceosomal RNA [Source:RFAM%3BAcc:RF00026]
ENSSSAG00000023459	AGKD04310223.1	.	protein_coding		
ENSSSAG00000023460	AGKD04324967.1	.	protein_coding		
ENSSSAG00000023463	AGKD04276429.1	.	snRNA	U1	U1 spliceosomal RNA [Source:RFAM%3BAcc:RF00003]
ENSSSAG00000023466	AGKD04305979.1	.	snRNA	U2	U2 spliceosomal RNA [Source:RFAM%3BAcc:RF00004]
ENSSSAG00000023471	AGKD04180489.1	.	snoRNA		
ENSSSAG00000023472	AGKD04220442.1	.	snRNA	U4	U4 spliceosomal RNA [Source:RFAM%3BAcc:RF00015]
ENSSSAG00000023473	AGKD04279174.1	.	protein_coding		
ENSSSAG00000023475	AGKD04214893.1	.	protein_coding		
ENSSSAG00000023477	AGKD04244231.1	.	protein_coding		
ENSSSAG00000023478	AGKD04347295.1	.	snRNA	U1	U1 spliceosomal RNA [Source:RFAM%3BAcc:RF00003]
ENSSSAG00000023482	AGKD04294577.1	.	pseudogene		
ENSSSAG00000023488	AGKD04210625.1	.	snRNA	U6	U6 spliceosomal RNA [Source:RFAM%3BAcc:RF00026]
ENSSSAG00000023491	AGKD04204758.1	.	snRNA	U2	U2 spliceosomal RNA [Source:RFAM%3BAcc:RF00004]
ENSSSAG00000023493	AGKD04090153.1	.	snoRNA		
ENSSSAG00000023497	AGKD04292223.1	.	snRNA	U1	U1 spliceosomal RNA [Source:RFAM%3BAcc:RF00003]
ENSSSAG00000023499	AGKD04305979.1	.	snRNA	U5	U5 spliceosomal RNA [Source:RFAM%3BAcc:RF00020]
ENSSSAG00000023502	AGKD04220442.1	.	snRNA	U4	U4 spliceosomal RNA [Source:RFAM%3BAcc:RF00015]
ENSSSAG00000023504	AGKD04180489.1	.	snoRNA		
ENSSSAG00000023514	AGKD04240930.1	.	pseudogene		
ENSSSAG00000023518	AGKD04148833.1	.	snRNA	U1	U1 spliceosomal RNA [Source:RFAM%3BAcc:RF00003]
ENSSSAG00000023531	AGKD04279201.1	.	pseudogene		
ENSSSAG00000023535	AGKD04268691.1	.	protein_coding		
ENSSSAG00000023537	AGKD04292272.1	.	protein_coding		
ENSSSAG00000023538	AGKD04204758.1	.	snRNA	U2	U2 spliceosomal RNA [Source:RFAM%3BAcc:RF00004]
ENSSSAG00000023542	AGKD04244250.1	.	protein_coding		
ENSSSAG00000023543	AGKD04090153.1	.	snoRNA		
ENSSSAG00000023546	AGKD04310255.1	.	snRNA	U5	U5 spliceosomal RNA [Source:RFAM%3BAcc:RF00020]
ENSSSAG00000023553	AGKD04117143.1	.	snoRNA	U3	Small nucleolar RNA U3 [Source:RFAM%3BAcc:RF00012]
ENSSSAG00000023554	AGKD04214912.1	.	snRNA	U1	U1 spliceosomal RNA [Source:RFAM%3BAcc:RF00003]
ENSSSAG00000023555	AGKD04210648.1	.	protein_coding		
ENSSSAG00000023560	AGKD04218322.1	.	protein_coding		
ENSSSAG00000023569	AGKD04224563.1	.	protein_coding		
ENSSSAG00000023570	AGKD04151938.1	.	protein_coding		
ENSSSAG00000023579	AGKD04310278.1	.	snRNA	U2	U2 spliceosomal RNA [Source:RFAM%3BAcc:RF00004]
ENSSSAG00000023589	AGKD04090155.1	.	protein_coding		
ENSSSAG00000023598	AGKD04248660.1	.	protein_coding		H3 clustered histone 15 [Source:HGNC Symbol%3BAcc:HGNC:20505]
ENSSSAG00000023599	AGKD04321418.1	.	protein_coding		
ENSSSAG00000023600	AGKD04279276.1	.	snRNA	U1	U1 spliceosomal RNA [Source:RFAM%3BAcc:RF00003]
ENSSSAG00000023604	AGKD04220479.1	.	snRNA	U5	U5 spliceosomal RNA [Source:RFAM%3BAcc:RF00020]
ENSSSAG00000023606	AGKD04289356.1	.	protein_coding		
ENSSSAG00000023613	AGKD04328165.1	.	snRNA	U2	U2 spliceosomal RNA [Source:RFAM%3BAcc:RF00004]
ENSSSAG00000023623	AGKD04310278.1	.	snRNA	U5	U5 spliceosomal RNA [Source:RFAM%3BAcc:RF00020]
ENSSSAG00000023624	AGKD04198434.1	.	protein_coding		
ENSSSAG00000023627	AGKD04266590.1	.	snRNA	U1	U1 spliceosomal RNA [Source:RFAM%3BAcc:RF00003]
ENSSSAG00000023636	AGKD04347520.1	.	snRNA	U2	U2 spliceosomal RNA [Source:RFAM%3BAcc:RF00004]
ENSSSAG00000023637	AGKD04306001.1	.	protein_coding		
ENSSSAG00000023653	AGKD04328165.1	.	snRNA	U5	U5 spliceosomal RNA [Source:RFAM%3BAcc:RF00020]
ENSSSAG00000023662	AGKD04254237.1	.	snRNA	U6	U6 spliceosomal RNA [Source:RFAM%3BAcc:RF00026]
ENSSSAG00000023670	AGKD04224628.1	.	protein_coding		
ENSSSAG00000023672	AGKD04347520.1	.	snRNA	U5	U5 spliceosomal RNA [Source:RFAM%3BAcc:RF00020]
ENSSSAG00000023674	AGKD04234515.1	.	protein_coding		
ENSSSAG00000023679	AGKD04289357.1	.	snRNA	U6	U6 spliceosomal RNA [Source:RFAM%3BAcc:RF00026]
ENSSSAG00000023680	AGKD04103250.1	.	pseudogene		
ENSSSAG00000023691	AGKD04218328.1	.	protein_coding		
ENSSSAG00000023692	AGKD04325047.1	.	protein_coding		
ENSSSAG00000023696	AGKD04310334.1	.	snRNA	U1	U1 spliceosomal RNA [Source:RFAM%3BAcc:RF00003]
ENSSSAG00000023701	AGKD04268842.1	.	snRNA	U6	U6 spliceosomal RNA [Source:RFAM%3BAcc:RF00026]
ENSSSAG00000023708	AGKD04167202.1	.	protein_coding		
ENSSSAG00000023710	AGKD04258593.1	.	snRNA	U1	U1 spliceosomal RNA [Source:RFAM%3BAcc:RF00003]
ENSSSAG00000023711	AGKD04276628.1	.	snRNA	U5	U5 spliceosomal RNA [Source:RFAM%3BAcc:RF00020]
ENSSSAG00000023712	AGKD04029382.1	.	protein_coding	ANKRD34A	ankyrin repeat domain-containing protein 34A-like [Source:NCBI gene%3BAcc:106596755]
ENSSSAG00000023724	AGKD04254262.1	.	protein_coding		
ENSSSAG00000023737	AGKD04211218.1	.	pseudogene		
ENSSSAG00000023738	AGKD04248711.1	.	protein_coding		
ENSSSAG00000023740	AGKD04347583.1	.	protein_coding		
ENSSSAG00000023745	AGKD04276628.1	.	snRNA	U2	U2 spliceosomal RNA [Source:RFAM%3BAcc:RF00004]
ENSSSAG00000023751	AGKD04268842.1	.	snRNA	U6	U6 spliceosomal RNA [Source:RFAM%3BAcc:RF00026]
ENSSSAG00000023761	AGKD04310368.1	.	protein_coding		
ENSSSAG00000023762	AGKD04342249.1	.	protein_coding		
ENSSSAG00000023765	AGKD04218330.1	.	protein_coding		
ENSSSAG00000023766	AGKD04029385.1	.	snRNA	U1	U1 spliceosomal RNA [Source:RFAM%3BAcc:RF00003]
ENSSSAG00000023770	AGKD04266608.1	.	protein_coding		
ENSSSAG00000023772	AGKD04262890.1	.	protein_coding		
ENSSSAG00000023773	AGKD04258630.1	.	protein_coding		
ENSSSAG00000023774	AGKD04306018.1	.	snRNA	U1	U1 spliceosomal RNA [Source:RFAM%3BAcc:RF00003]
ENSSSAG00000023786	AGKD04090537.1	.	protein_coding		
ENSSSAG00000023789	AGKD04276701.1	.	snoRNA	U3	Small nucleolar RNA U3 [Source:RFAM%3BAcc:RF00012]
ENSSSAG00000023793	AGKD04148970.1	.	protein_coding		
ENSSSAG00000023794	AGKD04254319.1	.	protein_coding		
ENSSSAG00000023813	AGKD04204997.1	.	protein_coding		
ENSSSAG00000023814	AGKD04222509.1	.	protein_coding	crybb1	beta-crystallin B1-like [Source:NCBI gene%3BAcc:106600130]
ENSSSAG00000023822	AGKD04307874.1	.	protein_coding		
ENSSSAG00000023823	AGKD04306021.1	.	pseudogene		
ENSSSAG00000023824	AGKD04342290.1	.	protein_coding		
ENSSSAG00000023826	AGKD04220684.1	.	protein_coding		
ENSSSAG00000023827	AGKD04279536.1	.	snRNA	U4	U4 spliceosomal RNA [Source:RFAM%3BAcc:RF00015]
ENSSSAG00000023833	AGKD04262936.1	.	protein_coding		
ENSSSAG00000023839	AGKD04224646.1	.	protein_coding		
ENSSSAG00000023842	AGKD04328305.1	.	protein_coding		
ENSSSAG00000023858	AGKD04254323.1	.	snoRNA	U3	Small nucleolar RNA U3 [Source:RFAM%3BAcc:RF00012]
ENSSSAG00000023860	AGKD04234547.1	.	snRNA	U6	U6 spliceosomal RNA [Source:RFAM%3BAcc:RF00026]
ENSSSAG00000023865	AGKD04244435.1	.	protein_coding	H4-16	H4 histone 16 [Source:HGNC Symbol%3BAcc:HGNC:20510]
ENSSSAG00000023867	AGKD04347716.1	.	snRNA	U2	U2 spliceosomal RNA [Source:RFAM%3BAcc:RF00004]
ENSSSAG00000023868	AGKD04292557.1	.	snoRNA	SNORD30	Small nucleolar RNA SNORD30 [Source:RFAM%3BAcc:RF00088]
ENSSSAG00000023869	AGKD04279536.1	.	snRNA	U4	U4 spliceosomal RNA [Source:RFAM%3BAcc:RF00015]
ENSSSAG00000023872	AGKD04276832.1	.	protein_coding		
ENSSSAG00000023891	AGKD04262936.1	.	pseudogene		
ENSSSAG00000023894	AGKD04258665.1	.	snoRNA		
ENSSSAG00000023897	AGKD04220702.1	.	protein_coding		
ENSSSAG00000023899	AGKD04234583.1	.	snRNA	U1	U1 spliceosomal RNA [Source:RFAM%3BAcc:RF00003]
ENSSSAG00000023903	AGKD04347755.1	.	snRNA	U1	U1 spliceosomal RNA [Source:RFAM%3BAcc:RF00003]
ENSSSAG00000023908	AGKD04264838.1	.	protein_coding		
ENSSSAG00000023922	AGKD04310386.1	.	snRNA	U1	U1 spliceosomal RNA [Source:RFAM%3BAcc:RF00003]
ENSSSAG00000023923	AGKD04244489.1	.	snRNA	U6	U6 spliceosomal RNA [Source:RFAM%3BAcc:RF00026]
ENSSSAG00000023928	AGKD04241070.1	.	pseudogene		
ENSSSAG00000023930	AGKD04258665.1	.	snoRNA	U3	Small nucleolar RNA U3 [Source:RFAM%3BAcc:RF00012]
ENSSSAG00000023943	AGKD04234652.1	.	snRNA	U1	U1 spliceosomal RNA [Source:RFAM%3BAcc:RF00003]
ENSSSAG00000023953	AGKD04181649.1	.	snRNA	U5	U5 spliceosomal RNA [Source:RFAM%3BAcc:RF00020]
ENSSSAG00000023956	AGKD04222515.1	.	protein_coding		
ENSSSAG00000023958	ssa13	.	pseudogene		
ENSSSAG00000023963	AGKD04268903.1	.	protein_coding		
ENSSSAG00000023966	AGKD04220723.1	.	protein_coding		
ENSSSAG00000023967	AGKD04310462.1	.	snRNA	U6	U6 spliceosomal RNA [Source:RFAM%3BAcc:RF00026]
ENSSSAG00000023972	AGKD04244514.1	.	protein_coding		
ENSSSAG00000023976	AGKD04248926.1	.	snRNA	U1	U1 spliceosomal RNA [Source:RFAM%3BAcc:RF00003]
ENSSSAG00000023981	AGKD04254346.1	.	protein_coding		
ENSSSAG00000023982	AGKD04307896.1	.	protein_coding		
ENSSSAG00000023983	AGKD04258683.1	.	protein_coding		
ENSSSAG00000023985	AGKD04294887.1	.	snRNA	U1	U1 spliceosomal RNA [Source:RFAM%3BAcc:RF00003]
ENSSSAG00000023986	AGKD04149126.1	.	snRNA	U1	U1 spliceosomal RNA [Source:RFAM%3BAcc:RF00003]
ENSSSAG00000023987	AGKD04342323.1	.	protein_coding		
ENSSSAG00000023989	AGKD04043482.1	.	protein_coding		
ENSSSAG00000023990	AGKD04234682.1	.	snRNA	U1	U1 spliceosomal RNA [Source:RFAM%3BAcc:RF00003]
ENSSSAG00000023991	AGKD04328318.1	.	snRNA	U2	U2 spliceosomal RNA [Source:RFAM%3BAcc:RF00004]
ENSSSAG00000024001	AGKD04181649.1	.	snRNA	U2	U2 spliceosomal RNA [Source:RFAM%3BAcc:RF00004]
ENSSSAG00000024002	AGKD04262945.1	.	snRNA	U5	U5 spliceosomal RNA [Source:RFAM%3BAcc:RF00020]
ENSSSAG00000024005	AGKD04086260.1	.	protein_coding		
ENSSSAG00000024009	AGKD04310472.1	.	snRNA	U1	U1 spliceosomal RNA [Source:RFAM%3BAcc:RF00003]
ENSSSAG00000024014	AGKD04289467.1	.	misc_RNA	Metazoa_SRP	Metazoan signal recognition particle RNA [Source:RFAM%3BAcc:RF00017]
ENSSSAG00000024021	AGKD04276895.1	.	protein_coding		
ENSSSAG00000024025	AGKD04328318.1	.	snRNA	U5	U5 spliceosomal RNA [Source:RFAM%3BAcc:RF00020]
ENSSSAG00000024031	AGKD04224709.1	.	protein_coding		
ENSSSAG00000024033	AGKD04262945.1	.	snRNA	U2	U2 spliceosomal RNA [Source:RFAM%3BAcc:RF00004]
ENSSSAG00000024036	AGKD04234705.1	.	snRNA	U4	U4 spliceosomal RNA [Source:RFAM%3BAcc:RF00015]
ENSSSAG00000024037	AGKD04199305.1	.	snRNA	U5	U5 spliceosomal RNA [Source:RFAM%3BAcc:RF00020]
ENSSSAG00000024042	AGKD04249042.1	.	protein_coding		
ENSSSAG00000024050	AGKD04258715.1	.	protein_coding		
ENSSSAG00000024053	AGKD04254349.1	.	protein_coding		
ENSSSAG00000024063	AGKD04328378.1	.	snRNA	U1	U1 spliceosomal RNA [Source:RFAM%3BAcc:RF00003]
ENSSSAG00000024069	AGKD04342372.1	.	protein_coding		
ENSSSAG00000024072	AGKD04241116.1	.	snRNA	U1	U1 spliceosomal RNA [Source:RFAM%3BAcc:RF00003]
ENSSSAG00000024077	AGKD04035005.1	.	protein_coding	elovl4a	elongation of very long chain fatty acids protein 4-like [Source:NCBI gene%3BAcc:106597646]
ENSSSAG00000024081	AGKD04234750.1	.	snRNA	U1	U1 spliceosomal RNA [Source:RFAM%3BAcc:RF00003]
ENSSSAG00000024086	AGKD04167637.1	.	snRNA	U6	U6 spliceosomal RNA [Source:RFAM%3BAcc:RF00026]
ENSSSAG00000024103	AGKD04224709.1	.	pseudogene		
ENSSSAG00000024107	AGKD04328388.1	.	snRNA	U2	U2 spliceosomal RNA [Source:RFAM%3BAcc:RF00004]
ENSSSAG00000024114	AGKD04241152.1	.	protein_coding		
ENSSSAG00000024124	AGKD04167637.1	.	snRNA	U6	U6 spliceosomal RNA [Source:RFAM%3BAcc:RF00026]
ENSSSAG00000024129	AGKD04258724.1	.	protein_coding		
ENSSSAG00000024140	AGKD04234755.1	.	protein_coding		
ENSSSAG00000024144	AGKD04220823.1	.	protein_coding		
ENSSSAG00000024146	AGKD04268928.1	.	snRNA	U1	U1 spliceosomal RNA [Source:RFAM%3BAcc:RF00003]
ENSSSAG00000024148	AGKD04294906.1	.	protein_coding		
ENSSSAG00000024152	AGKD04328388.1	.	snRNA	U5	U5 spliceosomal RNA [Source:RFAM%3BAcc:RF00020]
ENSSSAG00000024160	AGKD04138202.1	.	snRNA	U1	U1 spliceosomal RNA [Source:RFAM%3BAcc:RF00003]
ENSSSAG00000024169	AGKD04244558.1	.	protein_coding		
ENSSSAG00000024172	AGKD04043538.1	.	protein_coding		extracellular serine/threonine protein kinase FAM20C-like [Source:NCBI gene%3BAcc:106598296]
ENSSSAG00000024179	AGKD04321692.1	.	snRNA	U1	U1 spliceosomal RNA [Source:RFAM%3BAcc:RF00003]
ENSSSAG00000024180	AGKD04289546.1	.	pseudogene		
ENSSSAG00000024184	AGKD04254352.1	.	snRNA	U1	U1 spliceosomal RNA [Source:RFAM%3BAcc:RF00003]
ENSSSAG00000024188	AGKD04292713.1	.	snRNA	U1	U1 spliceosomal RNA [Source:RFAM%3BAcc:RF00003]
ENSSSAG00000024189	ssa10	.	lncRNA		
ENSSSAG00000024194	AGKD04241175.1	.	protein_coding		
ENSSSAG00000024199	AGKD04328398.1	.	protein_coding		H4 clustered histone 12 [Source:HGNC Symbol%3BAcc:HGNC:4784]
ENSSSAG00000024200	AGKD04269035.1	.	protein_coding		
ENSSSAG00000024209	AGKD04234975.1	.	snRNA	U1	U1 spliceosomal RNA [Source:RFAM%3BAcc:RF00003]
ENSSSAG00000024217	AGKD04103279.1	.	protein_coding	plpp6	presqualene diphosphate phosphatase-like [Source:NCBI gene%3BAcc:106599659]
ENSSSAG00000024224	AGKD04220842.1	.	snRNA	U4	U4 spliceosomal RNA [Source:RFAM%3BAcc:RF00015]
ENSSSAG00000024230	AGKD04262987.1	.	protein_coding		
ENSSSAG00000024232	AGKD04306139.1	.	snRNA	U2	U2 spliceosomal RNA [Source:RFAM%3BAcc:RF00004]
ENSSSAG00000024236	AGKD04307980.1	.	protein_coding		
ENSSSAG00000024240	AGKD04279614.1	.	protein_coding	rasd4	rasd family member 4 [Source:ZFIN%3BAcc:ZDB-GENE-050506-133]
ENSSSAG00000024241	AGKD04085868.1	.	protein_coding		
ENSSSAG00000024254	AGKD04342452.1	.	snoRNA		
ENSSSAG00000024259	AGKD04224710.1	.	protein_coding		
ENSSSAG00000024260	AGKD04347819.1	.	snRNA	U4	U4 spliceosomal RNA [Source:RFAM%3BAcc:RF00015]
ENSSSAG00000024265	AGKD04328418.1	.	snRNA	U2	U2 spliceosomal RNA [Source:RFAM%3BAcc:RF00004]
ENSSSAG00000024268	AGKD04264885.1	.	snRNA	U5	U5 spliceosomal RNA [Source:RFAM%3BAcc:RF00020]
ENSSSAG00000024279	AGKD04306139.1	.	snRNA	U5	U5 spliceosomal RNA [Source:RFAM%3BAcc:RF00020]
ENSSSAG00000024281	AGKD04220842.1	.	snRNA	U4	U4 spliceosomal RNA [Source:RFAM%3BAcc:RF00015]
ENSSSAG00000024282	AGKD04321770.1	.	snRNA	U6	U6 spliceosomal RNA [Source:RFAM%3BAcc:RF00026]
ENSSSAG00000024288	AGKD04269037.1	.	protein_coding		
ENSSSAG00000024289	ssa06	.	lncRNA		
ENSSSAG00000024296	AGKD04342452.1	.	snoRNA	U3	Small nucleolar RNA U3 [Source:RFAM%3BAcc:RF00012]
ENSSSAG00000024304	AGKD04308069.1	.	snoRNA	U3	Small nucleolar RNA U3 [Source:RFAM%3BAcc:RF00012]
ENSSSAG00000024313	AGKD04292788.1	.	snoRNA	U3	Small nucleolar RNA U3 [Source:RFAM%3BAcc:RF00012]
ENSSSAG00000024315	AGKD04328443.1	.	protein_coding		
ENSSSAG00000024333	AGKD04279623.1	.	protein_coding	rpl11	ribosomal protein L11 [Source:HGNC Symbol%3BAcc:HGNC:10301]
ENSSSAG00000024334	AGKD04085885.1	.	snRNA	U5	U5 spliceosomal RNA [Source:RFAM%3BAcc:RF00020]
ENSSSAG00000024335	AGKD04181920.1	.	snRNA	U6	U6 spliceosomal RNA [Source:RFAM%3BAcc:RF00026]
ENSSSAG00000024339	AGKD04235040.1	.	snRNA	U1	U1 spliceosomal RNA [Source:RFAM%3BAcc:RF00003]
ENSSSAG00000024343	AGKD04264902.1	.	protein_coding		
ENSSSAG00000024347	AGKD04244646.1	.	protein_coding		
ENSSSAG00000024348	AGKD04310683.1	.	protein_coding		
ENSSSAG00000024355	AGKD04292859.1	.	misc_RNA	Metazoa_SRP	Metazoan signal recognition particle RNA [Source:RFAM%3BAcc:RF00017]
ENSSSAG00000024372	AGKD04328474.1	.	protein_coding	NKX3-2	NK3 homeobox 2 [Source:ZFIN%3BAcc:ZDB-GENE-030127-1]
ENSSSAG00000024376	AGKD04181920.1	.	snRNA	U6	U6 spliceosomal RNA [Source:RFAM%3BAcc:RF00026]
ENSSSAG00000024377	AGKD04347829.1	.	protein_coding		
ENSSSAG00000024381	AGKD04258760.1	.	protein_coding		
ENSSSAG00000024393	AGKD04266950.1	.	protein_coding		
ENSSSAG00000024410	AGKD04342526.1	.	protein_coding		
ENSSSAG00000024417	AGKD04241244.1	.	protein_coding		
ENSSSAG00000024426	ssa13	.	lncRNA		uncharacterized LOC106566581 [Source:NCBI gene%3BAcc:106566581]
ENSSSAG00000024429	AGKD04218614.1	.	snoRNA	U3	Small nucleolar RNA U3 [Source:RFAM%3BAcc:RF00012]
ENSSSAG00000024430	AGKD04264907.1	.	pseudogene		
ENSSSAG00000024432	AGKD04310784.1	.	snRNA	U4	U4 spliceosomal RNA [Source:RFAM%3BAcc:RF00015]
ENSSSAG00000024435	AGKD04222566.1	.	protein_coding		
ENSSSAG00000024448	AGKD04100946.1	.	snRNA	U6	U6 spliceosomal RNA [Source:RFAM%3BAcc:RF00026]
ENSSSAG00000024455	AGKD04289598.1	.	snRNA	U1	U1 spliceosomal RNA [Source:RFAM%3BAcc:RF00003]
ENSSSAG00000024461	AGKD04325529.1	.	snRNA	U2	U2 spliceosomal RNA [Source:RFAM%3BAcc:RF00004]
ENSSSAG00000024462	AGKD04235080.1	.	protein_coding		
ENSSSAG00000024464	AGKD04266971.1	.	snRNA	U1	U1 spliceosomal RNA [Source:RFAM%3BAcc:RF00003]
ENSSSAG00000024470	AGKD04295075.1	.	protein_coding		
ENSSSAG00000024473	AGKD04218622.1	.	protein_coding		
ENSSSAG00000024487	AGKD04100946.1	.	snRNA	U6	U6 spliceosomal RNA [Source:RFAM%3BAcc:RF00026]
ENSSSAG00000024494	AGKD04249055.1	.	protein_coding		
ENSSSAG00000024496	AGKD04310815.1	.	protein_coding		
ENSSSAG00000024498	AGKD04347846.1	.	snRNA	U6	U6 spliceosomal RNA [Source:RFAM%3BAcc:RF00026]
ENSSSAG00000024504	AGKD04222583.1	.	snoRNA	SNORD22	Small nucleolar RNA SNORD22 [Source:RFAM%3BAcc:RF00099]
ENSSSAG00000024505	AGKD04325529.1	.	snRNA	U5	U5 spliceosomal RNA [Source:RFAM%3BAcc:RF00020]
ENSSSAG00000024507	AGKD04277033.1	.	protein_coding		
ENSSSAG00000024508	AGKD04029390.1	.	protein_coding	atp5md	up-regulated during skeletal muscle growth protein 5-like [Source:NCBI gene%3BAcc:106596758]
ENSSSAG00000024511	AGKD04279631.1	.	protein_coding		
ENSSSAG00000024512	AGKD04075486.1	.	pseudogene		
ENSSSAG00000024516	AGKD04306387.1	.	snRNA	U2	U2 spliceosomal RNA [Source:RFAM%3BAcc:RF00004]
ENSSSAG00000024518	AGKD04254471.1	.	protein_coding		
ENSSSAG00000024526	AGKD04266975.1	.	protein_coding		
ENSSSAG00000024545	AGKD04222583.1	.	snoRNA	SNORD30	Small nucleolar RNA SNORD30 [Source:RFAM%3BAcc:RF00088]
ENSSSAG00000024560	AGKD04249131.1	.	snoRNA		
ENSSSAG00000024572	AGKD04258813.1	.	snRNA	U1	U1 spliceosomal RNA [Source:RFAM%3BAcc:RF00003]
ENSSSAG00000024575	AGKD04308209.1	.	pseudogene		
ENSSSAG00000024577	AGKD04279685.1	.	snRNA	U6	U6 spliceosomal RNA [Source:RFAM%3BAcc:RF00026]
ENSSSAG00000024581	AGKD04085919.1	.	protein_coding		H3 clustered histone 14 [Source:HGNC Symbol%3BAcc:HGNC:20503]
ENSSSAG00000024586	AGKD04269258.1	.	snRNA	U2	U2 spliceosomal RNA [Source:RFAM%3BAcc:RF00004]
ENSSSAG00000024589	AGKD04264914.1	.	protein_coding		
ENSSSAG00000024592	AGKD04241274.1	.	protein_coding		
ENSSSAG00000024605	AGKD04249131.1	.	snoRNA	U3	Small nucleolar RNA U3 [Source:RFAM%3BAcc:RF00012]
ENSSSAG00000024613	AGKD04258867.1	.	snRNA	U1	U1 spliceosomal RNA [Source:RFAM%3BAcc:RF00003]
ENSSSAG00000024616	AGKD04267016.1	.	protein_coding		G protein-coupled receptor 146 [Source:ZFIN%3BAcc:ZDB-GENE-050823-3]
ENSSSAG00000024617	AGKD04348024.1	.	snRNA	U1	U1 spliceosomal RNA [Source:RFAM%3BAcc:RF00003]
ENSSSAG00000024621	AGKD04328601.1	.	snRNA	U1	U1 spliceosomal RNA [Source:RFAM%3BAcc:RF00003]
ENSSSAG00000024623	AGKD04295164.1	.	protein_coding		
ENSSSAG00000024629	AGKD04269258.1	.	snRNA	U5	U5 spliceosomal RNA [Source:RFAM%3BAcc:RF00020]
ENSSSAG00000024654	AGKD04264920.1	.	snRNA	U1	U1 spliceosomal RNA [Source:RFAM%3BAcc:RF00003]
ENSSSAG00000024663	AGKD04277079.1	.	snRNA	U1	U1 spliceosomal RNA [Source:RFAM%3BAcc:RF00003]
ENSSSAG00000024664	AGKD04342625.1	.	protein_coding		
ENSSSAG00000024667	AGKD04289928.1	.	snRNA	U1	U1 spliceosomal RNA [Source:RFAM%3BAcc:RF00003]
ENSSSAG00000024672	AGKD04306428.1	.	snRNA	U4	U4 spliceosomal RNA [Source:RFAM%3BAcc:RF00015]
ENSSSAG00000024678	AGKD04328689.1	.	snRNA	U1	U1 spliceosomal RNA [Source:RFAM%3BAcc:RF00003]
ENSSSAG00000024686	AGKD04267019.1	.	protein_coding		
ENSSSAG00000024696	AGKD04258980.1	.	protein_coding		
ENSSSAG00000024700	AGKD04215465.1	.	protein_coding		
ENSSSAG00000024705	AGKD04224737.1	.	protein_coding		
ENSSSAG00000024707	AGKD04254545.1	.	protein_coding		
ENSSSAG00000024720	AGKD04306428.1	.	snRNA	U4	U4 spliceosomal RNA [Source:RFAM%3BAcc:RF00015]
ENSSSAG00000024721	AGKD04321955.1	.	snRNA	U1	U1 spliceosomal RNA [Source:RFAM%3BAcc:RF00003]
ENSSSAG00000024724	AGKD04147563.1	.	pseudogene		
ENSSSAG00000024738	AGKD04015951.1	.	protein_coding		
ENSSSAG00000024757	AGKD04176406.1	.	snoRNA		
ENSSSAG00000024760	AGKD04259086.1	.	protein_coding		
ENSSSAG00000024761	AGKD04101033.1	.	protein_coding		H3 clustered histone 15 [Source:HGNC Symbol%3BAcc:HGNC:20505]
ENSSSAG00000024769	AGKD04222703.1	.	protein_coding		
ENSSSAG00000024784	AGKD04244673.1	.	snRNA	U1	U1 spliceosomal RNA [Source:RFAM%3BAcc:RF00003]
ENSSSAG00000024785	AGKD04249214.1	.	snRNA	U1	U1 spliceosomal RNA [Source:RFAM%3BAcc:RF00003]
ENSSSAG00000024792	AGKD04224805.1	.	protein_coding		
ENSSSAG00000024802	AGKD04308231.1	.	protein_coding		
ENSSSAG00000024803	AGKD04176406.1	.	snoRNA	U3	Small nucleolar RNA U3 [Source:RFAM%3BAcc:RF00012]
ENSSSAG00000024820	AGKD04290015.1	.	protein_coding		
ENSSSAG00000024826	AGKD04235217.1	.	protein_coding		
ENSSSAG00000024828	AGKD04244680.1	.	snRNA	U1	U1 spliceosomal RNA [Source:RFAM%3BAcc:RF00003]
ENSSSAG00000024835	AGKD04277199.1	.	protein_coding		
ENSSSAG00000024836	AGKD04212507.1	.	protein_coding		
ENSSSAG00000024838	AGKD04293032.1	.	protein_coding		
ENSSSAG00000024845	AGKD04025814.1	.	protein_coding		connexin 43.4 [Source:NCBI gene%3BAcc:30276]
ENSSSAG00000024856	AGKD04263196.1	.	protein_coding		
ENSSSAG00000024859	AGKD04306496.1	.	snRNA	U1	U1 spliceosomal RNA [Source:RFAM%3BAcc:RF00003]
ENSSSAG00000024873	AGKD04295447.1	.	protein_coding		
ENSSSAG00000024886	AGKD04267120.1	.	protein_coding		
ENSSSAG00000024887	AGKD04290074.1	.	protein_coding		
ENSSSAG00000024891	AGKD04218741.1	.	snRNA	U4	U4 spliceosomal RNA [Source:RFAM%3BAcc:RF00015]
ENSSSAG00000024902	AGKD04259094.1	.	protein_coding		
ENSSSAG00000024907	AGKD04306502.1	.	protein_coding		
ENSSSAG00000024911	AGKD04117361.1	.	snRNA	U5	U5 spliceosomal RNA [Source:RFAM%3BAcc:RF00020]
ENSSSAG00000024918	AGKD04224823.1	.	snRNA	U5	U5 spliceosomal RNA [Source:RFAM%3BAcc:RF00020]
ENSSSAG00000024920	AGKD04221172.1	.	snoRNA		
ENSSSAG00000024924	AGKD04263255.1	.	protein_coding		
ENSSSAG00000024929	AGKD04168244.1	.	protein_coding		
ENSSSAG00000024932	AGKD04277255.1	.	snRNA	U6	U6 spliceosomal RNA [Source:RFAM%3BAcc:RF00026]
ENSSSAG00000024934	AGKD04279805.1	.	protein_coding		
ENSSSAG00000024941	AGKD04254548.1	.	snRNA	U1	U1 spliceosomal RNA [Source:RFAM%3BAcc:RF00003]
ENSSSAG00000024943	AGKD04222732.1	.	protein_coding		
ENSSSAG00000024958	AGKD04244768.1	.	snRNA	U1	U1 spliceosomal RNA [Source:RFAM%3BAcc:RF00003]
ENSSSAG00000024959	AGKD04259156.1	.	protein_coding		
ENSSSAG00000024964	AGKD04308339.1	.	protein_coding		
ENSSSAG00000024967	AGKD04221172.1	.	snoRNA		
ENSSSAG00000024969	AGKD04224823.1	.	snRNA	U2	U2 spliceosomal RNA [Source:RFAM%3BAcc:RF00004]
ENSSSAG00000024970	AGKD04267200.1	.	protein_coding		
ENSSSAG00000024972	AGKD04044395.1	.	protein_coding	si:ch211-257p13.3	si:ch211-257p13.3 [Source:ZFIN%3BAcc:ZDB-GENE-110914-108]
ENSSSAG00000024978	AGKD04066261.1	.	snRNA	U6	U6 spliceosomal RNA [Source:RFAM%3BAcc:RF00026]
ENSSSAG00000024984	AGKD04290096.1	.	snRNA	U1	U1 spliceosomal RNA [Source:RFAM%3BAcc:RF00003]
ENSSSAG00000024989	AGKD04348446.1	.	protein_coding		
ENSSSAG00000024994	AGKD04263331.1	.	protein_coding		
ENSSSAG00000024995	AGKD04293060.1	.	misc_RNA	Metazoa_SRP	Metazoan signal recognition particle RNA [Source:RFAM%3BAcc:RF00017]
ENSSSAG00000025005	AGKD04311253.1	.	snRNA	U1	U1 spliceosomal RNA [Source:RFAM%3BAcc:RF00003]
ENSSSAG00000025009	AGKD04222733.1	.	protein_coding		
ENSSSAG00000025012	AGKD04221172.1	.	snoRNA		
ENSSSAG00000025014	ssa22	.	lncRNA		
ENSSSAG00000025016	AGKD04066261.1	.	snRNA	U6	U6 spliceosomal RNA [Source:RFAM%3BAcc:RF00026]
ENSSSAG00000025025	AGKD04259163.1	.	protein_coding		
ENSSSAG00000025029	AGKD04244770.1	.	protein_coding		
ENSSSAG00000025033	AGKD04077039.1	.	snRNA	U1	U1 spliceosomal RNA [Source:RFAM%3BAcc:RF00003]
ENSSSAG00000025042	AGKD04293063.1	.	snRNA	U1	U1 spliceosomal RNA [Source:RFAM%3BAcc:RF00003]
ENSSSAG00000025045	AGKD04241339.1	.	snRNA	U1	U1 spliceosomal RNA [Source:RFAM%3BAcc:RF00003]
ENSSSAG00000025048	AGKD04221172.1	.	snoRNA		
ENSSSAG00000025054	AGKD04066261.1	.	snRNA	U6	U6 spliceosomal RNA [Source:RFAM%3BAcc:RF00026]
ENSSSAG00000025069	AGKD04265140.1	.	snRNA	U1	U1 spliceosomal RNA [Source:RFAM%3BAcc:RF00003]
ENSSSAG00000025071	AGKD04218824.1	.	protein_coding		
ENSSSAG00000025073	AGKD04078386.1	.	protein_coding		
ENSSSAG00000025074	AGKD04311308.1	.	protein_coding		
ENSSSAG00000025090	AGKD04221172.1	.	snoRNA		
ENSSSAG00000025108	AGKD04025814.1	.	protein_coding	inha	inhibin subunit alpha [Source:ZFIN%3BAcc:ZDB-GENE-060503-554]
ENSSSAG00000025109	AGKD04244780.1	.	protein_coding		
ENSSSAG00000025111	AGKD04235270.1	.	protein_coding		
ENSSSAG00000025116	AGKD04293136.1	.	protein_coding		
ENSSSAG00000025117	AGKD04342976.1	.	snRNA	U1	U1 spliceosomal RNA [Source:RFAM%3BAcc:RF00003]
ENSSSAG00000025118	AGKD04269442.1	.	protein_coding		
ENSSSAG00000025129	AGKD04279843.1	.	protein_coding		
ENSSSAG00000025131	AGKD04218847.1	.	snRNA	U1	U1 spliceosomal RNA [Source:RFAM%3BAcc:RF00003]
ENSSSAG00000025135	AGKD04249350.1	.	protein_coding		
ENSSSAG00000025136	AGKD04215659.1	.	pseudogene		
ENSSSAG00000025138	AGKD04224865.1	.	snRNA	U6	U6 spliceosomal RNA [Source:RFAM%3BAcc:RF00026]
ENSSSAG00000025157	AGKD04326227.1	.	protein_coding		
ENSSSAG00000025160	AGKD04241387.1	.	misc_RNA	Metazoa_SRP	Metazoan signal recognition particle RNA [Source:RFAM%3BAcc:RF00017]
ENSSSAG00000025168	AGKD04103417.1	.	snRNA	U1	U1 spliceosomal RNA [Source:RFAM%3BAcc:RF00003]
ENSSSAG00000025172	AGKD04218993.1	.	snRNA	U2	U2 spliceosomal RNA [Source:RFAM%3BAcc:RF00004]
ENSSSAG00000025180	AGKD04097173.1	.	protein_coding		
ENSSSAG00000025183	AGKD04099752.1	.	protein_coding		
ENSSSAG00000025187	AGKD04293197.1	.	snRNA	U5	U5 spliceosomal RNA [Source:RFAM%3BAcc:RF00020]
ENSSSAG00000025188	AGKD04244799.1	.	protein_coding		
ENSSSAG00000025189	AGKD04235270.1	.	pseudogene		
ENSSSAG00000025192	AGKD04222751.1	.	snRNA	U2	U2 spliceosomal RNA [Source:RFAM%3BAcc:RF00004]
ENSSSAG00000025205	AGKD04267342.1	.	protein_coding		
ENSSSAG00000025208	AGKD04311430.1	.	protein_coding		
ENSSSAG00000025214	AGKD04241402.1	.	protein_coding		
ENSSSAG00000025215	AGKD04295654.1	.	protein_coding		
ENSSSAG00000025217	AGKD04212764.1	.	protein_coding		
ENSSSAG00000025218	AGKD04219042.1	.	protein_coding		histone H4 [Source:NCBI gene%3BAcc:106600082]
ENSSSAG00000025219	AGKD04306616.1	.	protein_coding	gsx1	GS homeobox 1 [Source:ZFIN%3BAcc:ZDB-GENE-041008-135]
ENSSSAG00000025237	AGKD04293205.1	.	snRNA	U1	U1 spliceosomal RNA [Source:RFAM%3BAcc:RF00003]
ENSSSAG00000025243	AGKD04077112.1	.	misc_RNA	Metazoa_SRP	Metazoan signal recognition particle RNA [Source:RFAM%3BAcc:RF00017]
ENSSSAG00000025246	AGKD04222751.1	.	snRNA	U2	U2 spliceosomal RNA [Source:RFAM%3BAcc:RF00004]
ENSSSAG00000025257	AGKD04249415.1	.	protein_coding		
ENSSSAG00000025261	AGKD04295704.1	.	snRNA	U6	U6 spliceosomal RNA [Source:RFAM%3BAcc:RF00026]
ENSSSAG00000025262	AGKD04241501.1	.	snRNA	U1	U1 spliceosomal RNA [Source:RFAM%3BAcc:RF00003]
ENSSSAG00000025270	AGKD04311469.1	.	snRNA	U1	U1 spliceosomal RNA [Source:RFAM%3BAcc:RF00003]
ENSSSAG00000025288	AGKD04212859.1	.	protein_coding		
ENSSSAG00000025295	AGKD04044435.1	.	snRNA	U1	U1 spliceosomal RNA [Source:RFAM%3BAcc:RF00003]
ENSSSAG00000025304	AGKD04222775.1	.	protein_coding		
ENSSSAG00000025307	AGKD04235272.1	.	protein_coding		
ENSSSAG00000025309	AGKD04295766.1	.	snRNA	U6	U6 spliceosomal RNA [Source:RFAM%3BAcc:RF00026]
ENSSSAG00000025311	AGKD04265282.1	.	snRNA	U1	U1 spliceosomal RNA [Source:RFAM%3BAcc:RF00003]
ENSSSAG00000025320	AGKD04241537.1	.	protein_coding		
ENSSSAG00000025326	AGKD04279890.1	.	protein_coding		
ENSSSAG00000025331	AGKD04224872.1	.	snRNA	U1	U1 spliceosomal RNA [Source:RFAM%3BAcc:RF00003]
ENSSSAG00000025334	AGKD04044472.1	.	snRNA	U1	U1 spliceosomal RNA [Source:RFAM%3BAcc:RF00003]
ENSSSAG00000025339	AGKD04306773.1	.	snRNA	U1	U1 spliceosomal RNA [Source:RFAM%3BAcc:RF00003]
ENSSSAG00000025349	AGKD04322351.1	.	snRNA	U1	U1 spliceosomal RNA [Source:RFAM%3BAcc:RF00003]
ENSSSAG00000025351	AGKD04308376.1	.	snRNA	U2	U2 spliceosomal RNA [Source:RFAM%3BAcc:RF00004]
ENSSSAG00000025360	AGKD04101207.1	.	protein_coding		
ENSSSAG00000025361	AGKD04348567.1	.	snRNA	U4	U4 spliceosomal RNA [Source:RFAM%3BAcc:RF00015]
ENSSSAG00000025362	AGKD04222805.1	.	snoRNA	U3	Small nucleolar RNA U3 [Source:RFAM%3BAcc:RF00012]
ENSSSAG00000025364	AGKD04269466.1	.	protein_coding		
ENSSSAG00000025370	AGKD04044472.1	.	snRNA	U1	U1 spliceosomal RNA [Source:RFAM%3BAcc:RF00003]
ENSSSAG00000025372	AGKD04265287.1	.	snRNA	U1	U1 spliceosomal RNA [Source:RFAM%3BAcc:RF00003]
ENSSSAG00000025374	AGKD04295773.1	.	protein_coding		
ENSSSAG00000025378	AGKD04094432.1	.	protein_coding		
ENSSSAG00000025386	AGKD04343256.1	.	snRNA	U5	U5 spliceosomal RNA [Source:RFAM%3BAcc:RF00020]
ENSSSAG00000025389	AGKD04102491.1	.	snoRNA		
ENSSSAG00000025391	AGKD04235289.1	.	protein_coding		
ENSSSAG00000025392	AGKD04329227.1	.	protein_coding		
ENSSSAG00000025393	AGKD04259285.1	.	snRNA	U1	U1 spliceosomal RNA [Source:RFAM%3BAcc:RF00003]
ENSSSAG00000025401	AGKD04308376.1	.	snRNA	U5	U5 spliceosomal RNA [Source:RFAM%3BAcc:RF00020]
ENSSSAG00000025406	AGKD04222805.1	.	snoRNA	U3	Small nucleolar RNA U3 [Source:RFAM%3BAcc:RF00012]
ENSSSAG00000025407	AGKD04066295.1	.	protein_coding		
ENSSSAG00000025424	AGKD04117419.1	.	snRNA	U1	U1 spliceosomal RNA [Source:RFAM%3BAcc:RF00003]
ENSSSAG00000025430	AGKD04102491.1	.	snoRNA	U3	Small nucleolar RNA U3 [Source:RFAM%3BAcc:RF00012]
ENSSSAG00000025438	AGKD04249447.1	.	snRNA	U6	U6 spliceosomal RNA [Source:RFAM%3BAcc:RF00026]
ENSSSAG00000025439	AGKD04343256.1	.	snRNA	U2	U2 spliceosomal RNA [Source:RFAM%3BAcc:RF00004]
ENSSSAG00000025444	AGKD04025831.1	.	protein_coding	jazf1b	juxtaposed with another zinc finger protein 1-like [Source:NCBI gene%3BAcc:106596072]
ENSSSAG00000025446	AGKD04044555.1	.	snRNA	U2	U2 spliceosomal RNA [Source:RFAM%3BAcc:RF00004]
ENSSSAG00000025450	AGKD04103483.1	.	snoRNA		
ENSSSAG00000025456	AGKD04308422.1	.	snRNA	U1	U1 spliceosomal RNA [Source:RFAM%3BAcc:RF00003]
ENSSSAG00000025461	AGKD04259291.1	.	protein_coding		
ENSSSAG00000025463	AGKD04329307.1	.	snoRNA	U3	Small nucleolar RNA U3 [Source:RFAM%3BAcc:RF00012]
ENSSSAG00000025465	AGKD04279924.1	.	pseudogene		
ENSSSAG00000025466	AGKD04241587.1	.	snRNA	U1	U1 spliceosomal RNA [Source:RFAM%3BAcc:RF00003]
ENSSSAG00000025470	AGKD04235302.1	.	protein_coding		
ENSSSAG00000025471	AGKD04293250.1	.	snRNA	U6	U6 spliceosomal RNA [Source:RFAM%3BAcc:RF00026]
ENSSSAG00000025474	AGKD04099764.1	.	snRNA	U1	U1 spliceosomal RNA [Source:RFAM%3BAcc:RF00003]
ENSSSAG00000025485	AGKD04102491.1	.	snoRNA		
ENSSSAG00000025487	AGKD04044555.1	.	snRNA	U5	U5 spliceosomal RNA [Source:RFAM%3BAcc:RF00020]
ENSSSAG00000025490	AGKD04249447.1	.	snRNA	U6	U6 spliceosomal RNA [Source:RFAM%3BAcc:RF00026]
ENSSSAG00000025493	AGKD04221656.1	.	snRNA	U1	U1 spliceosomal RNA [Source:RFAM%3BAcc:RF00003]
ENSSSAG00000025494	AGKD04265337.1	.	snoRNA		
ENSSSAG00000025495	AGKD04029416.1	.	protein_coding	si:dkeyp-81f3.4	A-kinase anchor protein 14-like [Source:NCBI gene%3BAcc:106596765]
ENSSSAG00000025511	AGKD04343290.1	.	snRNA	U2	U2 spliceosomal RNA [Source:RFAM%3BAcc:RF00004]
ENSSSAG00000025513	AGKD04103483.1	.	snoRNA	U3	Small nucleolar RNA U3 [Source:RFAM%3BAcc:RF00012]
ENSSSAG00000025522	AGKD04326325.1	.	pseudogene		
ENSSSAG00000025528	AGKD04102491.1	.	snoRNA	U3	Small nucleolar RNA U3 [Source:RFAM%3BAcc:RF00012]
ENSSSAG00000025529	AGKD04263396.1	.	miRNA	ssa-mir-27a-2	ssa-mir-27a-2 [Source:miRBase%3BAcc:MI0026658]
ENSSSAG00000025534	AGKD04293257.1	.	protein_coding		
ENSSSAG00000025538	AGKD04348593.1	.	snRNA	U1	U1 spliceosomal RNA [Source:RFAM%3BAcc:RF00003]
ENSSSAG00000025542	AGKD04295930.1	.	snRNA	U1	U1 spliceosomal RNA [Source:RFAM%3BAcc:RF00003]
ENSSSAG00000025547	AGKD04221672.1	.	protein_coding		
ENSSSAG00000025548	AGKD04219141.1	.	protein_coding		
ENSSSAG00000025561	AGKD04265337.1	.	snoRNA	U3	Small nucleolar RNA U3 [Source:RFAM%3BAcc:RF00012]
ENSSSAG00000025562	AGKD04103483.1	.	snoRNA		
ENSSSAG00000025571	AGKD04254647.1	.	snRNA	U1	U1 spliceosomal RNA [Source:RFAM%3BAcc:RF00003]
ENSSSAG00000025575	AGKD04097242.1	.	protein_coding		
ENSSSAG00000025581	AGKD04102501.1	.	protein_coding		
ENSSSAG00000025585	AGKD04029416.1	.	protein_coding	pnpla8	calcium-independent phospholipase A2-gamma-like [Source:NCBI gene%3BAcc:106596764]
ENSSSAG00000025590	AGKD04263469.1	.	protein_coding		
ENSSSAG00000025592	AGKD04348651.1	.	protein_coding		
ENSSSAG00000025598	AGKD04295976.1	.	protein_coding		
ENSSSAG00000025600	AGKD04259330.1	.	protein_coding		
ENSSSAG00000025601	AGKD04086411.1	.	protein_coding		
ENSSSAG00000025603	AGKD04103483.1	.	snoRNA	U3	Small nucleolar RNA U3 [Source:RFAM%3BAcc:RF00012]
ENSSSAG00000025608	AGKD04280064.1	.	protein_coding		
ENSSSAG00000025610	AGKD04245124.1	.	protein_coding		
ENSSSAG00000025625	AGKD04219286.1	.	protein_coding		
ENSSSAG00000025626	AGKD04277640.1	.	snRNA	U1	U1 spliceosomal RNA [Source:RFAM%3BAcc:RF00003]
ENSSSAG00000025634	AGKD04269597.1	.	protein_coding		
ENSSSAG00000025641	AGKD04207690.1	.	snoRNA	U3	Small nucleolar RNA U3 [Source:RFAM%3BAcc:RF00012]
ENSSSAG00000025642	AGKD04066296.1	.	protein_coding		
ENSSSAG00000025652	AGKD04306882.1	.	snRNA	U1	U1 spliceosomal RNA [Source:RFAM%3BAcc:RF00003]
ENSSSAG00000025653	AGKD04235340.1	.	snoRNA		
ENSSSAG00000025656	AGKD04224982.1	.	snRNA	U2	U2 spliceosomal RNA [Source:RFAM%3BAcc:RF00004]
ENSSSAG00000025660	AGKD04249539.1	.	snRNA	U1	U1 spliceosomal RNA [Source:RFAM%3BAcc:RF00003]
ENSSSAG00000025670	ssa16	.	lncRNA		
ENSSSAG00000025675	AGKD04277665.1	.	snRNA	U5	U5 spliceosomal RNA [Source:RFAM%3BAcc:RF00020]
ENSSSAG00000025680	AGKD04280092.1	.	snRNA	U1	U1 spliceosomal RNA [Source:RFAM%3BAcc:RF00003]
ENSSSAG00000025684	AGKD04254737.1	.	snRNA	U1	U1 spliceosomal RNA [Source:RFAM%3BAcc:RF00003]
ENSSSAG00000025685	AGKD04101909.1	.	snoRNA		
ENSSSAG00000025692	AGKD04224982.1	.	snRNA	U5	U5 spliceosomal RNA [Source:RFAM%3BAcc:RF00020]
ENSSSAG00000025695	AGKD04235340.1	.	snoRNA	U3	Small nucleolar RNA U3 [Source:RFAM%3BAcc:RF00012]
ENSSSAG00000025702	AGKD04078411.1	.	snRNA	U1	U1 spliceosomal RNA [Source:RFAM%3BAcc:RF00003]
ENSSSAG00000025713	AGKD04249616.1	.	snRNA	U1	U1 spliceosomal RNA [Source:RFAM%3BAcc:RF00003]
ENSSSAG00000025719	AGKD04101909.1	.	snoRNA		
ENSSSAG00000025723	AGKD04245160.1	.	snRNA	U1	U1 spliceosomal RNA [Source:RFAM%3BAcc:RF00003]
ENSSSAG00000025724	AGKD04280150.1	.	snRNA	U1	U1 spliceosomal RNA [Source:RFAM%3BAcc:RF00003]
ENSSSAG00000025730	AGKD04254794.1	.	protein_coding		
ENSSSAG00000025734	AGKD04043821.1	.	protein_coding		
ENSSSAG00000025737	AGKD04066296.1	.	protein_coding		
ENSSSAG00000025739	AGKD04329379.1	.	protein_coding		
ENSSSAG00000025740	ssa03	.	snoRNA		
ENSSSAG00000025744	AGKD04343332.1	.	protein_coding		
ENSSSAG00000025749	AGKD04277741.1	.	protein_coding		
ENSSSAG00000025751	AGKD04235407.1	.	protein_coding		
ENSSSAG00000025752	AGKD04077153.1	.	protein_coding		
ENSSSAG00000025753	AGKD04348653.1	.	snRNA	U1	U1 spliceosomal RNA [Source:RFAM%3BAcc:RF00003]
ENSSSAG00000025754	AGKD04029445.1	.	protein_coding	ier2a	immediate early response gene 2 protein-like [Source:NCBI gene%3BAcc:106596769]
ENSSSAG00000025757	AGKD04044633.1	.	protein_coding	mrps33	mitochondrial ribosomal protein S33 [Source:ZFIN%3BAcc:ZDB-GENE-040715-6]
ENSSSAG00000025760	AGKD04101909.1	.	snoRNA		
ENSSSAG00000025761	AGKD04308512.1	.	protein_coding		
ENSSSAG00000025772	AGKD04265460.1	.	protein_coding		
ENSSSAG00000025775	ssa03	.	snoRNA		
ENSSSAG00000025782	AGKD04245178.1	.	protein_coding		
ENSSSAG00000025786	AGKD04249721.1	.	protein_coding		
ENSSSAG00000025791	AGKD04101909.1	.	snoRNA		
ENSSSAG00000025801	AGKD04254797.1	.	snoRNA		
ENSSSAG00000025804	AGKD04102518.1	.	snoRNA		
ENSSSAG00000025805	AGKD04329418.1	.	snRNA	U1	U1 spliceosomal RNA [Source:RFAM%3BAcc:RF00003]
ENSSSAG00000025808	AGKD04290380.1	.	snRNA	U1	U1 spliceosomal RNA [Source:RFAM%3BAcc:RF00003]
ENSSSAG00000025811	AGKD04101296.1	.	pseudogene		
ENSSSAG00000025816	ssa03	.	snoRNA		
ENSSSAG00000025823	AGKD04277752.1	.	snRNA	U1	U1 spliceosomal RNA [Source:RFAM%3BAcc:RF00003]
ENSSSAG00000025824	AGKD04259368.1	.	snRNA	U2	U2 spliceosomal RNA [Source:RFAM%3BAcc:RF00004]
ENSSSAG00000025826	AGKD04101909.1	.	snoRNA		
ENSSSAG00000025827	AGKD04219286.1	.	protein_coding		
ENSSSAG00000025828	AGKD04208262.1	.	protein_coding		
ENSSSAG00000025829	AGKD04025882.1	.	miRNA	ssa-mir-30b	ssa-mir-30b [Source:miRBase%3BAcc:MI0026678]
ENSSSAG00000025834	AGKD04029448.1	.	protein_coding		
ENSSSAG00000025835	AGKD04307064.1	.	protein_coding		
ENSSSAG00000025837	AGKD04254797.1	.	snoRNA	U3	Small nucleolar RNA U3 [Source:RFAM%3BAcc:RF00012]
ENSSSAG00000025842	AGKD04102518.1	.	snoRNA		
ENSSSAG00000025853	ssa03	.	snoRNA		
ENSSSAG00000025854	AGKD04290392.1	.	snoRNA	U3	Small nucleolar RNA U3 [Source:RFAM%3BAcc:RF00012]
ENSSSAG00000025859	AGKD04259368.1	.	snRNA	U5	U5 spliceosomal RNA [Source:RFAM%3BAcc:RF00020]
ENSSSAG00000025865	AGKD04094477.1	.	protein_coding		
ENSSSAG00000025867	AGKD04311714.1	.	protein_coding		
ENSSSAG00000025879	AGKD04296117.1	.	snRNA	U6	U6 spliceosomal RNA [Source:RFAM%3BAcc:RF00026]
ENSSSAG00000025880	AGKD04326397.1	.	protein_coding		
ENSSSAG00000025881	AGKD04025882.1	.	miRNA	ssa-mir-30e-3	ssa-mir-30e-3 [Source:miRBase%3BAcc:MI0026685]
ENSSSAG00000025887	AGKD04102518.1	.	snoRNA		
ENSSSAG00000025890	AGKD04235451.1	.	snRNA	U1	U1 spliceosomal RNA [Source:RFAM%3BAcc:RF00003]
ENSSSAG00000025892	AGKD04221831.1	.	snRNA	U6	U6 spliceosomal RNA [Source:RFAM%3BAcc:RF00026]
ENSSSAG00000025912	ssa07	.	lncRNA		uncharacterized LOC106608897 [Source:NCBI gene%3BAcc:106608897]
ENSSSAG00000025921	AGKD04290400.1	.	snRNA	U6	U6 spliceosomal RNA [Source:RFAM%3BAcc:RF00026]
ENSSSAG00000025928	AGKD04102518.1	.	snoRNA		
ENSSSAG00000025931	AGKD04329578.1	.	protein_coding		
ENSSSAG00000025939	AGKD04265502.1	.	protein_coding		
ENSSSAG00000025942	AGKD04044637.1	.	protein_coding	ccdc12	coiled-coil domain-containing protein 12-like [Source:NCBI gene%3BAcc:106598362]
ENSSSAG00000025950	AGKD04241732.1	.	snoRNA	U3	Small nucleolar RNA U3 [Source:RFAM%3BAcc:RF00012]
ENSSSAG00000025960	AGKD04208371.1	.	protein_coding		
ENSSSAG00000025967	AGKD04277894.1	.	snRNA	U6	U6 spliceosomal RNA [Source:RFAM%3BAcc:RF00026]
ENSSSAG00000025977	AGKD04245320.1	.	protein_coding		
ENSSSAG00000025978	AGKD04102518.1	.	snoRNA		
ENSSSAG00000025979	AGKD04213183.1	.	protein_coding		
ENSSSAG00000025987	AGKD04029487.1	.	misc_RNA	Metazoa_SRP	Metazoan signal recognition particle RNA [Source:RFAM%3BAcc:RF00017]
ENSSSAG00000025988	AGKD04280266.1	.	protein_coding		
ENSSSAG00000026007	AGKD04329611.1	.	snoRNA	U3	Small nucleolar RNA U3 [Source:RFAM%3BAcc:RF00012]
ENSSSAG00000026011	AGKD04066297.1	.	protein_coding		
ENSSSAG00000026020	AGKD04307238.1	.	snRNA	U5	U5 spliceosomal RNA [Source:RFAM%3BAcc:RF00020]
ENSSSAG00000026027	AGKD04029487.1	.	misc_RNA	Metazoa_SRP	Metazoan signal recognition particle RNA [Source:RFAM%3BAcc:RF00017]
ENSSSAG00000026031	AGKD04296195.1	.	snRNA	U1	U1 spliceosomal RNA [Source:RFAM%3BAcc:RF00003]
ENSSSAG00000026043	AGKD04249863.1	.	protein_coding		
ENSSSAG00000026044	AGKD04219329.1	.	protein_coding		
ENSSSAG00000026051	AGKD04102518.1	.	snoRNA		
ENSSSAG00000026057	AGKD04329625.1	.	snRNA	U1	U1 spliceosomal RNA [Source:RFAM%3BAcc:RF00003]
ENSSSAG00000026064	AGKD04103530.1	.	snRNA	U6	U6 spliceosomal RNA [Source:RFAM%3BAcc:RF00026]
ENSSSAG00000026065	AGKD04259450.1	.	snoRNA		
ENSSSAG00000026069	AGKD04029487.1	.	misc_RNA	Metazoa_SRP	Metazoan signal recognition particle RNA [Source:RFAM%3BAcc:RF00017]
ENSSSAG00000026074	AGKD04222979.1	.	snRNA	U4	U4 spliceosomal RNA [Source:RFAM%3BAcc:RF00015]
ENSSSAG00000026086	AGKD04225080.1	.	protein_coding		
ENSSSAG00000026099	AGKD04102520.1	.	snRNA	U1	U1 spliceosomal RNA [Source:RFAM%3BAcc:RF00003]
ENSSSAG00000026104	AGKD04208371.1	.	protein_coding		
ENSSSAG00000026113	AGKD04259450.1	.	snoRNA	U3	Small nucleolar RNA U3 [Source:RFAM%3BAcc:RF00012]
ENSSSAG00000026114	AGKD04219380.1	.	protein_coding		
ENSSSAG00000026124	AGKD04221878.1	.	protein_coding		
ENSSSAG00000026125	AGKD04290436.1	.	misc_RNA	Metazoa_SRP	Metazoan signal recognition particle RNA [Source:RFAM%3BAcc:RF00017]
ENSSSAG00000026128	AGKD04094550.1	.	protein_coding		
ENSSSAG00000026133	AGKD04213243.1	.	snoRNA	U3	Small nucleolar RNA U3 [Source:RFAM%3BAcc:RF00012]
ENSSSAG00000026139	AGKD04114060.1	.	snRNA	U1	U1 spliceosomal RNA [Source:RFAM%3BAcc:RF00003]
ENSSSAG00000026151	AGKD04103556.1	.	protein_coding		
ENSSSAG00000026152	AGKD04102559.1	.	snRNA	U1	U1 spliceosomal RNA [Source:RFAM%3BAcc:RF00003]
ENSSSAG00000026178	AGKD04269723.1	.	protein_coding		
ENSSSAG00000026194	AGKD04254959.1	.	snoRNA		
ENSSSAG00000026196	AGKD04221881.1	.	protein_coding		
ENSSSAG00000026200	AGKD04343475.1	.	protein_coding		
ENSSSAG00000026211	AGKD04278020.1	.	snRNA	U5	U5 spliceosomal RNA [Source:RFAM%3BAcc:RF00020]
ENSSSAG00000026217	AGKD04326405.1	.	protein_coding		
ENSSSAG00000026219	AGKD04329649.1	.	protein_coding		
ENSSSAG00000026223	AGKD04245424.1	.	protein_coding		
ENSSSAG00000026232	AGKD04293595.1	.	protein_coding		
ENSSSAG00000026236	AGKD04265590.1	.	protein_coding		
ENSSSAG00000026253	AGKD04296211.1	.	snoRNA		
ENSSSAG00000026254	ssa14	.	protein_coding	zp3f.2	uncharacterized LOC106569434 [Source:NCBI gene%3BAcc:106569434]
ENSSSAG00000026258	AGKD04241792.1	.	protein_coding		
ENSSSAG00000026264	AGKD04278020.1	.	snRNA	U2	U2 spliceosomal RNA [Source:RFAM%3BAcc:RF00004]
ENSSSAG00000026265	AGKD04223100.1	.	snRNA	U5	U5 spliceosomal RNA [Source:RFAM%3BAcc:RF00020]
ENSSSAG00000026266	AGKD04009473.1	.	lncRNA		
ENSSSAG00000026280	AGKD04322983.1	.	protein_coding		
ENSSSAG00000026284	AGKD04235550.1	.	protein_coding		
ENSSSAG00000026286	AGKD04280411.1	.	snRNA	U1	U1 spliceosomal RNA [Source:RFAM%3BAcc:RF00003]
ENSSSAG00000026289	AGKD04122332.1	.	protein_coding		
ENSSSAG00000026290	ssa08	.	snRNA	U7	U7 small nuclear RNA [Source:RFAM%3BAcc:RF00066]
ENSSSAG00000026306	AGKD04223100.1	.	snRNA	U2	U2 spliceosomal RNA [Source:RFAM%3BAcc:RF00004]
ENSSSAG00000026308	AGKD04296211.1	.	snoRNA	U3	Small nucleolar RNA U3 [Source:RFAM%3BAcc:RF00012]
ENSSSAG00000026309	AGKD04329655.1	.	protein_coding		
ENSSSAG00000026316	AGKD04249897.1	.	protein_coding		
ENSSSAG00000026317	AGKD04219450.1	.	protein_coding		
ENSSSAG00000026320	AGKD04259470.1	.	protein_coding		
ENSSSAG00000026321	AGKD04269848.1	.	snRNA	U6	U6 spliceosomal RNA [Source:RFAM%3BAcc:RF00026]
ENSSSAG00000026327	AGKD04086067.1	.	protein_coding		
ENSSSAG00000026330	AGKD04225231.1	.	snRNA	U2	U2 spliceosomal RNA [Source:RFAM%3BAcc:RF00004]
ENSSSAG00000026344	AGKD04241807.1	.	protein_coding		
ENSSSAG00000026353	AGKD04245507.1	.	protein_coding		
ENSSSAG00000026359	AGKD04267477.1	.	protein_coding		
ENSSSAG00000026367	AGKD04278065.1	.	snRNA	U4	U4 spliceosomal RNA [Source:RFAM%3BAcc:RF00015]
ENSSSAG00000026373	AGKD04269865.1	.	protein_coding		
ENSSSAG00000026380	AGKD04225231.1	.	snRNA	U5	U5 spliceosomal RNA [Source:RFAM%3BAcc:RF00020]
ENSSSAG00000026381	AGKD04322993.1	.	pseudogene		
ENSSSAG00000026391	AGKD04219461.1	.	protein_coding		
ENSSSAG00000026405	AGKD04015991.1	.	lncRNA		
ENSSSAG00000026414	AGKD04311873.1	.	protein_coding		
ENSSSAG00000026422	AGKD04343483.1	.	protein_coding		
ENSSSAG00000026423	AGKD04245513.1	.	protein_coding		
ENSSSAG00000026439	AGKD04280467.1	.	protein_coding		
ENSSSAG00000026456	AGKD04219496.1	.	snoRNA	U3	Small nucleolar RNA U3 [Source:RFAM%3BAcc:RF00012]
ENSSSAG00000026465	AGKD04208580.1	.	snRNA	U1	U1 spliceosomal RNA [Source:RFAM%3BAcc:RF00003]
ENSSSAG00000026468	AGKD04241810.1	.	protein_coding		
ENSSSAG00000026484	AGKD04259548.1	.	snRNA	U1	U1 spliceosomal RNA [Source:RFAM%3BAcc:RF00003]
ENSSSAG00000026485	AGKD04307414.1	.	protein_coding		
ENSSSAG00000026487	AGKD04329791.1	.	pseudogene		
ENSSSAG00000026489	AGKD04225331.1	.	pseudogene		
ENSSSAG00000026490	AGKD04255040.1	.	snRNA	U5	U5 spliceosomal RNA [Source:RFAM%3BAcc:RF00020]
ENSSSAG00000026495	AGKD04343563.1	.	pseudogene		
ENSSSAG00000026502	AGKD04245521.1	.	protein_coding		
ENSSSAG00000026503	AGKD04079390.1	.	snoRNA	U3	Small nucleolar RNA U3 [Source:RFAM%3BAcc:RF00012]
ENSSSAG00000026504	AGKD04349158.1	.	protein_coding		
ENSSSAG00000026510	AGKD04103705.1	.	protein_coding		
ENSSSAG00000026520	AGKD04235573.1	.	snRNA	U1	U1 spliceosomal RNA [Source:RFAM%3BAcc:RF00003]
ENSSSAG00000026528	AGKD04267576.1	.	protein_coding		
ENSSSAG00000026541	AGKD04219536.1	.	snRNA	U6	U6 spliceosomal RNA [Source:RFAM%3BAcc:RF00026]
ENSSSAG00000026542	AGKD04079390.1	.	snoRNA	U3	Small nucleolar RNA U3 [Source:RFAM%3BAcc:RF00012]
ENSSSAG00000026555	AGKD04293726.1	.	snRNA	U2	U2 spliceosomal RNA [Source:RFAM%3BAcc:RF00004]
ENSSSAG00000026562	AGKD04245540.1	.	snRNA	U1	U1 spliceosomal RNA [Source:RFAM%3BAcc:RF00003]
ENSSSAG00000026569	AGKD04086106.1	.	snoRNA	U3	Small nucleolar RNA U3 [Source:RFAM%3BAcc:RF00012]
ENSSSAG00000026570	AGKD04079396.1	.	snRNA	U1	U1 spliceosomal RNA [Source:RFAM%3BAcc:RF00003]
ENSSSAG00000026586	AGKD04241855.1	.	protein_coding		
ENSSSAG00000026592	AGKD04219579.1	.	protein_coding		
ENSSSAG00000026604	AGKD04245548.1	.	protein_coding		
ENSSSAG00000026606	AGKD04223442.1	.	protein_coding		
ENSSSAG00000026618	AGKD04259599.1	.	protein_coding		
ENSSSAG00000026622	AGKD04086106.1	.	snoRNA	U3	Small nucleolar RNA U3 [Source:RFAM%3BAcc:RF00012]
ENSSSAG00000026625	AGKD04290707.1	.	protein_coding		
ENSSSAG00000026627	AGKD04280500.1	.	snoRNA	U3	Small nucleolar RNA U3 [Source:RFAM%3BAcc:RF00012]
ENSSSAG00000026636	AGKD04349173.1	.	protein_coding		
ENSSSAG00000026644	AGKD04235619.1	.	protein_coding		
ENSSSAG00000026652	AGKD04311974.1	.	protein_coding		
ENSSSAG00000026665	AGKD04122386.1	.	snRNA	U6	U6 spliceosomal RNA [Source:RFAM%3BAcc:RF00026]
ENSSSAG00000026668	AGKD04245567.1	.	protein_coding		
ENSSSAG00000026674	AGKD04102603.1	.	protein_coding		
ENSSSAG00000026677	AGKD04265717.1	.	protein_coding		
ENSSSAG00000026682	AGKD04270063.1	.	protein_coding		
ENSSSAG00000026684	AGKD04241861.1	.	snRNA	U1	U1 spliceosomal RNA [Source:RFAM%3BAcc:RF00003]
ENSSSAG00000026685	AGKD04307440.1	.	pseudogene		
ENSSSAG00000026693	AGKD04267596.1	.	protein_coding		
ENSSSAG00000026694	AGKD04349182.1	.	snRNA	U5	U5 spliceosomal RNA [Source:RFAM%3BAcc:RF00020]
ENSSSAG00000026698	AGKD04293778.1	.	protein_coding		
ENSSSAG00000026700	AGKD04122386.1	.	snRNA	U6	U6 spliceosomal RNA [Source:RFAM%3BAcc:RF00026]
ENSSSAG00000026703	AGKD04063169.1	.	snRNA	U2	U2 spliceosomal RNA [Source:RFAM%3BAcc:RF00004]
ENSSSAG00000026711	AGKD04327062.1	.	snRNA	U5	U5 spliceosomal RNA [Source:RFAM%3BAcc:RF00020]
ENSSSAG00000026712	AGKD04223670.1	.	snoRNA	SNORA73	Small nucleolar RNA SNORA73 family [Source:RFAM%3BAcc:RF00045]
ENSSSAG00000026713	AGKD04086478.1	.	protein_coding		
ENSSSAG00000026720	AGKD04263721.1	.	protein_coding		
ENSSSAG00000026736	AGKD04250131.1	.	snRNA	U1	U1 spliceosomal RNA [Source:RFAM%3BAcc:RF00003]
ENSSSAG00000026744	AGKD04122435.1	.	snRNA	U2	U2 spliceosomal RNA [Source:RFAM%3BAcc:RF00004]
ENSSSAG00000026748	AGKD04063169.1	.	snRNA	U2	U2 spliceosomal RNA [Source:RFAM%3BAcc:RF00004]
ENSSSAG00000026756	AGKD04223670.1	.	snoRNA	SNORA73	Small nucleolar RNA SNORA73 family [Source:RFAM%3BAcc:RF00045]
ENSSSAG00000026761	AGKD04270150.1	.	snRNA	U1	U1 spliceosomal RNA [Source:RFAM%3BAcc:RF00003]
ENSSSAG00000026763	AGKD04029089.1	.	protein_coding		zona pellucida sperm-binding protein 3-like [Source:NCBI gene%3BAcc:106596694]
ENSSSAG00000026778	AGKD04329845.1	.	protein_coding		
ENSSSAG00000026795	AGKD04235632.1	.	protein_coding		
ENSSSAG00000026800	AGKD04225460.1	.	snRNA	U1	U1 spliceosomal RNA [Source:RFAM%3BAcc:RF00003]
ENSSSAG00000026803	AGKD04308997.1	.	snoRNA	U3	Small nucleolar RNA U3 [Source:RFAM%3BAcc:RF00012]
ENSSSAG00000026809	AGKD04255255.1	.	protein_coding		
ENSSSAG00000026811	AGKD04259677.1	.	snRNA	U5	U5 spliceosomal RNA [Source:RFAM%3BAcc:RF00020]
ENSSSAG00000026813	AGKD04267654.1	.	protein_coding		
ENSSSAG00000026821	AGKD04312002.1	.	protein_coding		
ENSSSAG00000026822	AGKD04278274.1	.	snRNA	U1	U1 spliceosomal RNA [Source:RFAM%3BAcc:RF00003]
ENSSSAG00000026828	AGKD04259677.1	.	snRNA	U2	U2 spliceosomal RNA [Source:RFAM%3BAcc:RF00004]
ENSSSAG00000026837	AGKD04270185.1	.	protein_coding		
ENSSSAG00000026838	AGKD04223702.1	.	protein_coding		
ENSSSAG00000026852	AGKD04267681.1	.	snRNA	U1	U1 spliceosomal RNA [Source:RFAM%3BAcc:RF00003]
ENSSSAG00000026863	AGKD04250207.1	.	snRNA	U1	U1 spliceosomal RNA [Source:RFAM%3BAcc:RF00003]
ENSSSAG00000026867	AGKD04323252.1	.	protein_coding		
ENSSSAG00000026872	AGKD04129274.1	.	snRNA	U6	U6 spliceosomal RNA [Source:RFAM%3BAcc:RF00026]
ENSSSAG00000026873	AGKD04245629.1	.	protein_coding		
ENSSSAG00000026874	AGKD04235663.1	.	protein_coding		
ENSSSAG00000026875	AGKD04343606.1	.	snRNA	U1	U1 spliceosomal RNA [Source:RFAM%3BAcc:RF00003]
ENSSSAG00000026883	AGKD04025937.1	.	protein_coding		
ENSSSAG00000026894	AGKD04097318.1	.	protein_coding		
ENSSSAG00000026898	AGKD04349434.1	.	snRNA	U1	U1 spliceosomal RNA [Source:RFAM%3BAcc:RF00003]
ENSSSAG00000026910	ssa16	.	lncRNA		
ENSSSAG00000026923	AGKD04343619.1	.	snRNA	U1	U1 spliceosomal RNA [Source:RFAM%3BAcc:RF00003]
ENSSSAG00000026924	AGKD04129274.1	.	snRNA	U6	U6 spliceosomal RNA [Source:RFAM%3BAcc:RF00026]
ENSSSAG00000026927	AGKD04293889.1	.	protein_coding		
ENSSSAG00000026930	AGKD04250211.1	.	protein_coding		
ENSSSAG00000026939	AGKD04235663.1	.	pseudogene		
ENSSSAG00000026947	AGKD04044642.1	.	snRNA	U2	U2 spliceosomal RNA [Source:RFAM%3BAcc:RF00004]
ENSSSAG00000026956	AGKD04323282.1	.	protein_coding		
ENSSSAG00000026980	AGKD04296532.1	.	protein_coding		
ENSSSAG00000026982	AGKD04263771.1	.	snRNA	U5	U5 spliceosomal RNA [Source:RFAM%3BAcc:RF00020]
ENSSSAG00000026987	AGKD04245741.1	.	protein_coding		
ENSSSAG00000026991	AGKD04044723.1	.	snRNA	U1	U1 spliceosomal RNA [Source:RFAM%3BAcc:RF00003]
ENSSSAG00000026996	AGKD04129298.1	.	protein_coding		
ENSSSAG00000027002	AGKD04312052.1	.	snRNA	U5	U5 spliceosomal RNA [Source:RFAM%3BAcc:RF00020]
ENSSSAG00000027005	AGKD04086507.1	.	snRNA	U6	U6 spliceosomal RNA [Source:RFAM%3BAcc:RF00026]
ENSSSAG00000027009	AGKD04267703.1	.	snRNA	U6	U6 spliceosomal RNA [Source:RFAM%3BAcc:RF00026]
ENSSSAG00000027010	AGKD04090793.1	.	snRNA	U1	U1 spliceosomal RNA [Source:RFAM%3BAcc:RF00003]
ENSSSAG00000027021	AGKD04119814.1	.	pseudogene		
ENSSSAG00000027024	AGKD04265752.1	.	protein_coding		
ENSSSAG00000027026	AGKD04263771.1	.	snRNA	U2	U2 spliceosomal RNA [Source:RFAM%3BAcc:RF00004]
ENSSSAG00000027027	AGKD04225563.1	.	protein_coding		
ENSSSAG00000027045	AGKD04086507.1	.	snRNA	U6	U6 spliceosomal RNA [Source:RFAM%3BAcc:RF00026]
ENSSSAG00000027048	AGKD04323319.1	.	protein_coding		
ENSSSAG00000027057	AGKD04296746.1	.	protein_coding		
ENSSSAG00000027058	AGKD04312052.1	.	snRNA	U2	U2 spliceosomal RNA [Source:RFAM%3BAcc:RF00004]
ENSSSAG00000027060	AGKD04090808.1	.	snRNA	U5	U5 spliceosomal RNA [Source:RFAM%3BAcc:RF00020]
ENSSSAG00000027061	AGKD04223778.1	.	protein_coding		
ENSSSAG00000027062	AGKD04309052.1	.	protein_coding		H3 clustered histone 15 [Source:HGNC Symbol%3BAcc:HGNC:20505]
ENSSSAG00000027068	AGKD04255269.1	.	snRNA	U1	U1 spliceosomal RNA [Source:RFAM%3BAcc:RF00003]
ENSSSAG00000027070	AGKD04250242.1	.	protein_coding		
ENSSSAG00000027076	AGKD04088317.1	.	snRNA	U1	U1 spliceosomal RNA [Source:RFAM%3BAcc:RF00003]
ENSSSAG00000027078	AGKD04329987.1	.	snoRNA	U3	Small nucleolar RNA U3 [Source:RFAM%3BAcc:RF00012]
ENSSSAG00000027079	AGKD04263781.1	.	misc_RNA	Metazoa_SRP	Metazoan signal recognition particle RNA [Source:RFAM%3BAcc:RF00017]
ENSSSAG00000027092	AGKD04044182.1	.	protein_coding		
ENSSSAG00000027102	AGKD04312269.1	.	snRNA	U6	U6 spliceosomal RNA [Source:RFAM%3BAcc:RF00026]
ENSSSAG00000027106	AGKD04090808.1	.	snRNA	U2	U2 spliceosomal RNA [Source:RFAM%3BAcc:RF00004]
ENSSSAG00000027108	AGKD04307527.1	.	protein_coding		
ENSSSAG00000027120	AGKD04025972.1	.	protein_coding	trip13	pachytene checkpoint protein 2 homolog [Source:NCBI gene%3BAcc:106596102]
ENSSSAG00000027122	AGKD04280635.1	.	protein_coding		
ENSSSAG00000027130	AGKD04250368.1	.	ribozyme	RNaseP_nuc	Nuclear RNase P [Source:RFAM%3BAcc:RF00009]
ENSSSAG00000027131	AGKD04278375.1	.	snoRNA	U3	Small nucleolar RNA U3 [Source:RFAM%3BAcc:RF00012]
ENSSSAG00000027137	ssa16	.	lncRNA		
ENSSSAG00000027138	AGKD04250880.1	.	protein_coding		
ENSSSAG00000027142	AGKD04117906.1	.	protein_coding		
ENSSSAG00000027154	AGKD04044185.1	.	protein_coding	mrps33	mitochondrial ribosomal protein S33 [Source:ZFIN%3BAcc:ZDB-GENE-040715-6]
ENSSSAG00000027157	AGKD04309124.1	.	snRNA	U2	U2 spliceosomal RNA [Source:RFAM%3BAcc:RF00004]
ENSSSAG00000027160	AGKD04090808.1	.	snRNA	U5	U5 spliceosomal RNA [Source:RFAM%3BAcc:RF00020]
ENSSSAG00000027165	AGKD04265763.1	.	protein_coding		
ENSSSAG00000027166	AGKD04235688.1	.	snRNA	U1	U1 spliceosomal RNA [Source:RFAM%3BAcc:RF00003]
ENSSSAG00000027178	AGKD04250368.1	.	ribozyme	RNaseP_nuc	Nuclear RNase P [Source:RFAM%3BAcc:RF00009]
ENSSSAG00000027183	AGKD04267727.1	.	protein_coding		
ENSSSAG00000027184	AGKD04343669.1	.	protein_coding		
ENSSSAG00000027187	AGKD04250909.1	.	snRNA	U1	U1 spliceosomal RNA [Source:RFAM%3BAcc:RF00003]
ENSSSAG00000027190	AGKD04263834.1	.	snRNA	U1	U1 spliceosomal RNA [Source:RFAM%3BAcc:RF00003]
ENSSSAG00000027211	AGKD04270347.1	.	protein_coding		
ENSSSAG00000027230	AGKD04223798.1	.	snoRNA	U3	Small nucleolar RNA U3 [Source:RFAM%3BAcc:RF00012]
ENSSSAG00000027232	AGKD04296797.1	.	snRNA	U1	U1 spliceosomal RNA [Source:RFAM%3BAcc:RF00003]
ENSSSAG00000027233	AGKD04250379.1	.	protein_coding		
ENSSSAG00000027240	AGKD04290949.1	.	protein_coding		
ENSSSAG00000027252	AGKD04259737.1	.	protein_coding		
ENSSSAG00000027276	AGKD04223798.1	.	snoRNA	U3	Small nucleolar RNA U3 [Source:RFAM%3BAcc:RF00012]
ENSSSAG00000027288	AGKD04278416.1	.	protein_coding		
ENSSSAG00000027308	AGKD04267850.1	.	protein_coding		
ENSSSAG00000027310	AGKD04250403.1	.	misc_RNA	Metazoa_SRP	Metazoan signal recognition particle RNA [Source:RFAM%3BAcc:RF00017]
ENSSSAG00000027315	AGKD04312415.1	.	pseudogene		
ENSSSAG00000027330	AGKD04323424.1	.	protein_coding		
ENSSSAG00000027336	AGKD04255397.1	.	snoRNA		
ENSSSAG00000027340	AGKD04140336.1	.	snRNA	U6	U6 spliceosomal RNA [Source:RFAM%3BAcc:RF00026]
ENSSSAG00000027341	AGKD04086521.1	.	protein_coding		
ENSSSAG00000027372	AGKD04265904.1	.	snRNA	U1	U1 spliceosomal RNA [Source:RFAM%3BAcc:RF00003]
ENSSSAG00000027378	AGKD04102791.1	.	misc_RNA	Metazoa_SRP	Metazoan signal recognition particle RNA [Source:RFAM%3BAcc:RF00017]
ENSSSAG00000027382	AGKD04235702.1	.	protein_coding		
ENSSSAG00000027383	AGKD04255397.1	.	snoRNA	U3	Small nucleolar RNA U3 [Source:RFAM%3BAcc:RF00012]
ENSSSAG00000027385	AGKD04309194.1	.	snRNA	U2	U2 spliceosomal RNA [Source:RFAM%3BAcc:RF00004]
ENSSSAG00000027391	AGKD04140336.1	.	snRNA	U6	U6 spliceosomal RNA [Source:RFAM%3BAcc:RF00026]
ENSSSAG00000027393	AGKD04090872.1	.	snRNA	U1	U1 spliceosomal RNA [Source:RFAM%3BAcc:RF00003]
ENSSSAG00000027394	AGKD04102157.1	.	snRNA	U1	U1 spliceosomal RNA [Source:RFAM%3BAcc:RF00003]
ENSSSAG00000027400	AGKD04296879.1	.	snRNA	U2	U2 spliceosomal RNA [Source:RFAM%3BAcc:RF00004]
ENSSSAG00000027410	AGKD04135334.1	.	snRNA	U1	U1 spliceosomal RNA [Source:RFAM%3BAcc:RF00003]
ENSSSAG00000027416	AGKD04087747.1	.	snRNA	U1	U1 spliceosomal RNA [Source:RFAM%3BAcc:RF00003]
ENSSSAG00000027423	AGKD04251166.1	.	protein_coding		
ENSSSAG00000027431	AGKD04265926.1	.	protein_coding		
ENSSSAG00000027436	AGKD04309194.1	.	snRNA	U5	U5 spliceosomal RNA [Source:RFAM%3BAcc:RF00020]
ENSSSAG00000027439	AGKD04102857.1	.	protein_coding		
ENSSSAG00000027441	AGKD04278505.1	.	snRNA	U4	U4 spliceosomal RNA [Source:RFAM%3BAcc:RF00015]
ENSSSAG00000027450	AGKD04296922.1	.	snRNA	U1	U1 spliceosomal RNA [Source:RFAM%3BAcc:RF00003]
ENSSSAG00000027466	AGKD04235713.1	.	protein_coding		
ENSSSAG00000027484	AGKD04309214.1	.	snRNA	U2	U2 spliceosomal RNA [Source:RFAM%3BAcc:RF00004]
ENSSSAG00000027485	AGKD04251213.1	.	snRNA	U1	U1 spliceosomal RNA [Source:RFAM%3BAcc:RF00003]
ENSSSAG00000027490	AGKD04029121.1	.	protein_coding		
ENSSSAG00000027491	AGKD04278505.1	.	snRNA	U4	U4 spliceosomal RNA [Source:RFAM%3BAcc:RF00015]
ENSSSAG00000027497	AGKD04122635.1	.	protein_coding		
ENSSSAG00000027498	AGKD04102861.1	.	snRNA	U1	U1 spliceosomal RNA [Source:RFAM%3BAcc:RF00003]
ENSSSAG00000027504	AGKD04265969.1	.	protein_coding		
ENSSSAG00000027513	AGKD04225729.1	.	snRNA	U1	U1 spliceosomal RNA [Source:RFAM%3BAcc:RF00003]
ENSSSAG00000027514	AGKD04343846.1	.	snRNA	U1	U1 spliceosomal RNA [Source:RFAM%3BAcc:RF00003]
ENSSSAG00000027515	AGKD04088546.1	.	snRNA	U5	U5 spliceosomal RNA [Source:RFAM%3BAcc:RF00020]
ENSSSAG00000027529	AGKD04323530.1	.	protein_coding		
ENSSSAG00000027533	AGKD04235726.1	.	snoRNA	U3	Small nucleolar RNA U3 [Source:RFAM%3BAcc:RF00012]
ENSSSAG00000027536	AGKD04309214.1	.	snRNA	U5	U5 spliceosomal RNA [Source:RFAM%3BAcc:RF00020]
ENSSSAG00000027542	AGKD04251291.1	.	protein_coding		
ENSSSAG00000027551	AGKD04029526.1	.	snRNA	U1	U1 spliceosomal RNA [Source:RFAM%3BAcc:RF00003]
ENSSSAG00000027552	AGKD04029121.1	.	pseudogene		
ENSSSAG00000027553	AGKD04280819.1	.	snoRNA		
ENSSSAG00000027562	AGKD04088555.1	.	snoRNA	U3	Small nucleolar RNA U3 [Source:RFAM%3BAcc:RF00012]
ENSSSAG00000027564	AGKD04267911.1	.	protein_coding		
ENSSSAG00000027571	AGKD04102862.1	.	protein_coding		
ENSSSAG00000027573	AGKD04294137.1	.	protein_coding		
ENSSSAG00000027581	AGKD04266045.1	.	protein_coding		
ENSSSAG00000027591	AGKD04280819.1	.	snoRNA	U3	Small nucleolar RNA U3 [Source:RFAM%3BAcc:RF00012]
ENSSSAG00000027593	AGKD04101600.1	.	protein_coding		
ENSSSAG00000027594	AGKD04235760.1	.	protein_coding		
ENSSSAG00000027600	AGKD04103852.1	.	protein_coding		
ENSSSAG00000027610	AGKD04267922.1	.	snoRNA	U3	Small nucleolar RNA U3 [Source:RFAM%3BAcc:RF00012]
ENSSSAG00000027617	AGKD04323573.1	.	snRNA	U1	U1 spliceosomal RNA [Source:RFAM%3BAcc:RF00003]
ENSSSAG00000027626	ssa07	.	lncRNA		
ENSSSAG00000027631	AGKD04140408.1	.	snRNA	U1	U1 spliceosomal RNA [Source:RFAM%3BAcc:RF00003]
ENSSSAG00000027637	AGKD04264061.1	.	protein_coding		
ENSSSAG00000027651	AGKD04266049.1	.	protein_coding		
ENSSSAG00000027656	AGKD04086228.1	.	protein_coding		
ENSSSAG00000027661	AGKD04101607.1	.	snRNA	U1	U1 spliceosomal RNA [Source:RFAM%3BAcc:RF00003]
ENSSSAG00000027665	AGKD04267944.1	.	protein_coding		
ENSSSAG00000027668	AGKD04270753.1	.	protein_coding		
ENSSSAG00000027686	AGKD04297012.1	.	snRNA	U1	U1 spliceosomal RNA [Source:RFAM%3BAcc:RF00003]
ENSSSAG00000027687	AGKD04119864.1	.	snRNA	U6	U6 spliceosomal RNA [Source:RFAM%3BAcc:RF00026]
ENSSSAG00000027696	AGKD04101620.1	.	protein_coding		
ENSSSAG00000027698	AGKD04235780.1	.	protein_coding		
ENSSSAG00000027701	AGKD04044213.1	.	protein_coding		dispanin subfamily A member 2b-like [Source:NCBI gene%3BAcc:106598334]
ENSSSAG00000027708	AGKD04266070.1	.	protein_coding		
ENSSSAG00000027719	AGKD04119864.1	.	snRNA	U6	U6 spliceosomal RNA [Source:RFAM%3BAcc:RF00026]
ENSSSAG00000027725	AGKD04094981.1	.	protein_coding		
ENSSSAG00000027729	AGKD04280910.1	.	snRNA	U5	U5 spliceosomal RNA [Source:RFAM%3BAcc:RF00020]
ENSSSAG00000027738	AGKD04250648.1	.	snRNA	U1	U1 spliceosomal RNA [Source:RFAM%3BAcc:RF00003]
ENSSSAG00000027748	AGKD04044942.1	.	snRNA	U1	U1 spliceosomal RNA [Source:RFAM%3BAcc:RF00003]
ENSSSAG00000027758	AGKD04280910.1	.	snRNA	U2	U2 spliceosomal RNA [Source:RFAM%3BAcc:RF00004]
ENSSSAG00000027763	AGKD04297153.1	.	miRNA		
ENSSSAG00000027774	AGKD04094990.1	.	snRNA	U1	U1 spliceosomal RNA [Source:RFAM%3BAcc:RF00003]
ENSSSAG00000027775	AGKD04251351.1	.	protein_coding		
ENSSSAG00000027783	AGKD04044942.1	.	snRNA	U1	U1 spliceosomal RNA [Source:RFAM%3BAcc:RF00003]
ENSSSAG00000027791	AGKD04183474.1	.	protein_coding		
ENSSSAG00000027792	AGKD04235801.1	.	protein_coding		
ENSSSAG00000027800	AGKD04281071.1	.	snRNA	U1	U1 spliceosomal RNA [Source:RFAM%3BAcc:RF00003]
ENSSSAG00000027804	AGKD04114248.1	.	snRNA	U4	U4 spliceosomal RNA [Source:RFAM%3BAcc:RF00015]
ENSSSAG00000027813	AGKD04235883.1	.	protein_coding		
ENSSSAG00000027817	AGKD04095072.1	.	protein_coding		
ENSSSAG00000027819	AGKD04294331.1	.	snRNA	U1	U1 spliceosomal RNA [Source:RFAM%3BAcc:RF00003]
ENSSSAG00000027829	AGKD04230606.1	.	snRNA	U2	U2 spliceosomal RNA [Source:RFAM%3BAcc:RF00004]
ENSSSAG00000027844	AGKD04114248.1	.	snRNA	U4	U4 spliceosomal RNA [Source:RFAM%3BAcc:RF00015]
ENSSSAG00000027846	AGKD04044223.1	.	protein_coding	b2ml	beta-2-microglobulin-like [Source:NCBI gene%3BAcc:106598335]
ENSSSAG00000027847	AGKD04135607.1	.	snRNA	U1	U1 spliceosomal RNA [Source:RFAM%3BAcc:RF00003]
ENSSSAG00000027864	AGKD04088604.1	.	protein_coding		
ENSSSAG00000027865	AGKD04250777.1	.	protein_coding		
ENSSSAG00000027866	AGKD04230606.1	.	snRNA	U5	U5 spliceosomal RNA [Source:RFAM%3BAcc:RF00020]
ENSSSAG00000027872	AGKD04075671.1	.	protein_coding		
ENSSSAG00000027915	AGKD04344065.1	.	protein_coding		
ENSSSAG00000027919	AGKD04095148.1	.	snoRNA	U3	Small nucleolar RNA U3 [Source:RFAM%3BAcc:RF00012]
ENSSSAG00000027920	AGKD04135628.1	.	protein_coding		
ENSSSAG00000027929	AGKD04267951.1	.	protein_coding		
ENSSSAG00000027931	AGKD04230619.1	.	protein_coding		
ENSSSAG00000027947	AGKD04297192.1	.	protein_coding		
ENSSSAG00000027961	AGKD04095148.1	.	snoRNA	U3	Small nucleolar RNA U3 [Source:RFAM%3BAcc:RF00012]
ENSSSAG00000027969	AGKD04251475.1	.	protein_coding		
ENSSSAG00000027978	AGKD04266141.1	.	protein_coding		
ENSSSAG00000027988	AGKD04230662.1	.	snRNA	U1	U1 spliceosomal RNA [Source:RFAM%3BAcc:RF00003]
ENSSSAG00000027991	AGKD04129653.1	.	protein_coding		
ENSSSAG00000028013	AGKD04122824.1	.	protein_coding		
ENSSSAG00000028023	AGKD04066518.1	.	snRNA	U6	U6 spliceosomal RNA [Source:RFAM%3BAcc:RF00026]
ENSSSAG00000028026	AGKD04079633.1	.	snRNA	U4	U4 spliceosomal RNA [Source:RFAM%3BAcc:RF00015]
ENSSSAG00000028030	AGKD04029542.1	.	protein_coding	rpn1	dolichyl-diphosphooligosaccharide--protein glycosyltransferase subunit 1-like [Source:NCBI gene%3BAcc:106596779]
ENSSSAG00000028050	AGKD04281237.1	.	snRNA	U1	U1 spliceosomal RNA [Source:RFAM%3BAcc:RF00003]
ENSSSAG00000028056	AGKD04095196.1	.	snoRNA		
ENSSSAG00000028064	AGKD04079633.1	.	snRNA	U4	U4 spliceosomal RNA [Source:RFAM%3BAcc:RF00015]
ENSSSAG00000028065	AGKD04066518.1	.	snRNA	U6	U6 spliceosomal RNA [Source:RFAM%3BAcc:RF00026]
ENSSSAG00000028071	AGKD04267963.1	.	snRNA	U6	U6 spliceosomal RNA [Source:RFAM%3BAcc:RF00026]
ENSSSAG00000028080	ssa09	.	pseudogene		
ENSSSAG00000028086	AGKD04251682.1	.	snRNA	U1	U1 spliceosomal RNA [Source:RFAM%3BAcc:RF00003]
ENSSSAG00000028090	AGKD04309574.1	.	protein_coding		
ENSSSAG00000028097	AGKD04066518.1	.	snRNA	U6	U6 spliceosomal RNA [Source:RFAM%3BAcc:RF00026]
ENSSSAG00000028102	AGKD04095196.1	.	snoRNA	U3	Small nucleolar RNA U3 [Source:RFAM%3BAcc:RF00012]
ENSSSAG00000028107	AGKD04266228.1	.	snRNA	U1	U1 spliceosomal RNA [Source:RFAM%3BAcc:RF00003]
ENSSSAG00000028110	AGKD04079634.1	.	protein_coding		
ENSSSAG00000028120	AGKD04251684.1	.	protein_coding		
ENSSSAG00000028123	ssa16	.	lncRNA		
ENSSSAG00000028136	AGKD04095196.1	.	snoRNA		
ENSSSAG00000028140	AGKD04183899.1	.	snRNA	U5	U5 spliceosomal RNA [Source:RFAM%3BAcc:RF00020]
ENSSSAG00000028142	AGKD04230688.1	.	protein_coding		
ENSSSAG00000028153	AGKD04312756.1	.	snRNA	U1	U1 spliceosomal RNA [Source:RFAM%3BAcc:RF00003]
ENSSSAG00000028163	AGKD04135729.1	.	protein_coding		
ENSSSAG00000028165	AGKD04236016.1	.	protein_coding		
ENSSSAG00000028166	AGKD04122834.1	.	protein_coding		
ENSSSAG00000028169	AGKD04119992.1	.	snRNA	U6	U6 spliceosomal RNA [Source:RFAM%3BAcc:RF00026]
ENSSSAG00000028173	AGKD04183899.1	.	snRNA	U2	U2 spliceosomal RNA [Source:RFAM%3BAcc:RF00004]
ENSSSAG00000028174	AGKD04095196.1	.	snoRNA	U3	Small nucleolar RNA U3 [Source:RFAM%3BAcc:RF00012]
ENSSSAG00000028183	AGKD04077384.1	.	snRNA	U1	U1 spliceosomal RNA [Source:RFAM%3BAcc:RF00003]
ENSSSAG00000028189	AGKD04309592.1	.	protein_coding		
ENSSSAG00000028204	ssa10	.	miRNA		
ENSSSAG00000028209	AGKD04119992.1	.	snRNA	U6	U6 spliceosomal RNA [Source:RFAM%3BAcc:RF00026]
ENSSSAG00000028226	AGKD04114349.1	.	protein_coding		
ENSSSAG00000028228	AGKD04087885.1	.	protein_coding		
ENSSSAG00000028230	AGKD04297387.1	.	snRNA	U5	U5 spliceosomal RNA [Source:RFAM%3BAcc:RF00020]
ENSSSAG00000028232	AGKD04035014.1	.	scaRNA		
ENSSSAG00000028236	AGKD04230722.1	.	snoRNA		
ENSSSAG00000028259	AGKD04309697.1	.	protein_coding		
ENSSSAG00000028269	AGKD04230722.1	.	snoRNA	U3	Small nucleolar RNA U3 [Source:RFAM%3BAcc:RF00012]
ENSSSAG00000028270	AGKD04297423.1	.	protein_coding		
ENSSSAG00000028275	AGKD04029135.1	.	protein_coding	nars1	asparaginyl-tRNA synthetase 1 [Source:ZFIN%3BAcc:ZDB-GENE-030131-1016]
ENSSSAG00000028304	ssa11	.	snRNA	U1	U1 spliceosomal RNA [Source:RFAM%3BAcc:RF00003]
ENSSSAG00000028309	AGKD04107902.1	.	protein_coding		
ENSSSAG00000028314	AGKD04094124.1	.	snoRNA		
ENSSSAG00000028334	AGKD04230729.1	.	protein_coding		
ENSSSAG00000028337	AGKD04251763.1	.	protein_coding		
ENSSSAG00000028345	AGKD04094124.1	.	snoRNA		
ENSSSAG00000028347	AGKD04101717.1	.	snoRNA	U3	Small nucleolar RNA U3 [Source:RFAM%3BAcc:RF00012]
ENSSSAG00000028350	AGKD04146944.1	.	snRNA	U2	U2 spliceosomal RNA [Source:RFAM%3BAcc:RF00004]
ENSSSAG00000028372	AGKD04078672.1	.	protein_coding		
ENSSSAG00000028381	AGKD04101717.1	.	snoRNA	U3	Small nucleolar RNA U3 [Source:RFAM%3BAcc:RF00012]
ENSSSAG00000028385	AGKD04094124.1	.	snoRNA		
ENSSSAG00000028386	AGKD04211765.1	.	snRNA	U5	U5 spliceosomal RNA [Source:RFAM%3BAcc:RF00020]
ENSSSAG00000028399	AGKD04129750.1	.	protein_coding		
ENSSSAG00000028400	AGKD04266238.1	.	protein_coding		
ENSSSAG00000028401	AGKD04142496.1	.	snRNA	U4	U4 spliceosomal RNA [Source:RFAM%3BAcc:RF00015]
ENSSSAG00000028414	AGKD04251938.1	.	snRNA	U1	U1 spliceosomal RNA [Source:RFAM%3BAcc:RF00003]
ENSSSAG00000028424	AGKD04211765.1	.	snRNA	U2	U2 spliceosomal RNA [Source:RFAM%3BAcc:RF00004]
ENSSSAG00000028425	AGKD04078672.1	.	protein_coding		
ENSSSAG00000028430	AGKD04094124.1	.	snoRNA		
ENSSSAG00000028436	AGKD04142496.1	.	snRNA	U4	U4 spliceosomal RNA [Source:RFAM%3BAcc:RF00015]
ENSSSAG00000028443	AGKD04026017.1	.	protein_coding	macc1	metastasis-associated in colon cancer protein 1-like [Source:NCBI gene%3BAcc:106596108]
ENSSSAG00000028466	AGKD04094124.1	.	snoRNA		
ENSSSAG00000028471	AGKD04079687.1	.	protein_coding		
ENSSSAG00000028474	AGKD04309781.1	.	snoRNA	U3	Small nucleolar RNA U3 [Source:RFAM%3BAcc:RF00012]
ENSSSAG00000028482	AGKD04135926.1	.	protein_coding		
ENSSSAG00000028483	AGKD04184568.1	.	protein_coding		
ENSSSAG00000028490	AGKD04241982.1	.	protein_coding		
ENSSSAG00000028493	AGKD04095248.1	.	snRNA	U1	U1 spliceosomal RNA [Source:RFAM%3BAcc:RF00003]
ENSSSAG00000028495	AGKD04142522.1	.	protein_coding		
ENSSSAG00000028497	AGKD04094124.1	.	snoRNA		
ENSSSAG00000028525	AGKD04184675.1	.	snRNA	U2	U2 spliceosomal RNA [Source:RFAM%3BAcc:RF00004]
ENSSSAG00000028527	AGKD04281378.1	.	protein_coding		
ENSSSAG00000028533	AGKD04079697.1	.	protein_coding		
ENSSSAG00000028540	AGKD04078685.1	.	snRNA	U5	U5 spliceosomal RNA [Source:RFAM%3BAcc:RF00020]
ENSSSAG00000028545	AGKD04076157.1	.	protein_coding		
ENSSSAG00000028546	AGKD04087908.1	.	snoRNA		
ENSSSAG00000028549	AGKD04142587.1	.	misc_RNA	Metazoa_SRP	Metazoan signal recognition particle RNA [Source:RFAM%3BAcc:RF00017]
ENSSSAG00000028555	AGKD04184675.1	.	snRNA	U5	U5 spliceosomal RNA [Source:RFAM%3BAcc:RF00020]
ENSSSAG00000028571	AGKD04087908.1	.	snoRNA	U3	Small nucleolar RNA U3 [Source:RFAM%3BAcc:RF00012]
ENSSSAG00000028585	AGKD04142598.1	.	snRNA	U5	U5 spliceosomal RNA [Source:RFAM%3BAcc:RF00020]
ENSSSAG00000028588	AGKD04230741.1	.	pseudogene		
ENSSSAG00000028599	AGKD04236167.1	.	protein_coding		
ENSSSAG00000028614	AGKD04266370.1	.	snRNA	U1	U1 spliceosomal RNA [Source:RFAM%3BAcc:RF00003]
ENSSSAG00000028620	AGKD04122947.1	.	pseudogene		
ENSSSAG00000028621	AGKD04114429.1	.	snRNA	U2	U2 spliceosomal RNA [Source:RFAM%3BAcc:RF00004]
ENSSSAG00000028627	AGKD04142598.1	.	snRNA	U2	U2 spliceosomal RNA [Source:RFAM%3BAcc:RF00004]
ENSSSAG00000028638	AGKD04087920.1	.	protein_coding		
ENSSSAG00000028646	AGKD04281502.1	.	snRNA	U1	U1 spliceosomal RNA [Source:RFAM%3BAcc:RF00003]
ENSSSAG00000028651	AGKD04114429.1	.	snRNA	U5	U5 spliceosomal RNA [Source:RFAM%3BAcc:RF00020]
ENSSSAG00000028654	AGKD04103029.1	.	protein_coding		
ENSSSAG00000028669	AGKD04230746.1	.	protein_coding		
ENSSSAG00000028677	AGKD04107966.1	.	snoRNA	U3	Small nucleolar RNA U3 [Source:RFAM%3BAcc:RF00012]
ENSSSAG00000028681	AGKD04242027.1	.	protein_coding		
ENSSSAG00000028687	AGKD04035129.1	.	pseudogene		
ENSSSAG00000028703	AGKD04129804.1	.	protein_coding		
ENSSSAG00000028710	AGKD04079753.1	.	snRNA	U1	U1 spliceosomal RNA [Source:RFAM%3BAcc:RF00003]
ENSSSAG00000028711	AGKD04107966.1	.	snoRNA	U3	Small nucleolar RNA U3 [Source:RFAM%3BAcc:RF00012]
ENSSSAG00000028715	AGKD04077416.1	.	snRNA	U1	U1 spliceosomal RNA [Source:RFAM%3BAcc:RF00003]
ENSSSAG00000028767	AGKD04281590.1	.	protein_coding		
ENSSSAG00000028784	AGKD04236212.1	.	snRNA	U5	U5 spliceosomal RNA [Source:RFAM%3BAcc:RF00020]
ENSSSAG00000028790	ssa01	.	miRNA	ssa-mir-202	ssa-mir-202 [Source:miRBase%3BAcc:MI0026586]
ENSSSAG00000028807	AGKD04281730.1	.	pseudogene		
ENSSSAG00000028808	AGKD04114550.1	.	protein_coding		
ENSSSAG00000028816	AGKD04140759.1	.	snRNA	U1	U1 spliceosomal RNA [Source:RFAM%3BAcc:RF00003]
ENSSSAG00000028817	AGKD04236212.1	.	snRNA	U2	U2 spliceosomal RNA [Source:RFAM%3BAcc:RF00004]
ENSSSAG00000028827	AGKD04230776.1	.	snRNA	U2	U2 spliceosomal RNA [Source:RFAM%3BAcc:RF00004]
ENSSSAG00000028831	AGKD04242030.1	.	protein_coding		
ENSSSAG00000028832	AGKD04097534.1	.	snRNA	U6	U6 spliceosomal RNA [Source:RFAM%3BAcc:RF00026]
ENSSSAG00000028833	AGKD04252305.1	.	snRNA	U5	U5 spliceosomal RNA [Source:RFAM%3BAcc:RF00020]
ENSSSAG00000028854	AGKD04102420.1	.	snRNA	U6	U6 spliceosomal RNA [Source:RFAM%3BAcc:RF00026]
ENSSSAG00000028861	AGKD04094179.1	.	protein_coding		
ENSSSAG00000028863	AGKD04092204.1	.	protein_coding		
ENSSSAG00000028868	AGKD04097534.1	.	snRNA	U6	U6 spliceosomal RNA [Source:RFAM%3BAcc:RF00026]
ENSSSAG00000028872	AGKD04252345.1	.	snRNA	U1	U1 spliceosomal RNA [Source:RFAM%3BAcc:RF00003]
ENSSSAG00000028874	AGKD04079771.1	.	protein_coding		
ENSSSAG00000028880	AGKD04230779.1	.	protein_coding		
ENSSSAG00000028884	AGKD04102420.1	.	snRNA	U6	U6 spliceosomal RNA [Source:RFAM%3BAcc:RF00026]
ENSSSAG00000028887	AGKD04242042.1	.	protein_coding		
ENSSSAG00000028889	AGKD04114551.1	.	snRNA	U1	U1 spliceosomal RNA [Source:RFAM%3BAcc:RF00003]
ENSSSAG00000028894	AGKD04281742.1	.	protein_coding		
ENSSSAG00000028902	AGKD04035179.1	.	protein_coding	plek	pleckstrin-like [Source:NCBI gene%3BAcc:106597664]
ENSSSAG00000028911	AGKD04088759.1	.	snRNA	U1	U1 spliceosomal RNA [Source:RFAM%3BAcc:RF00003]
ENSSSAG00000028912	AGKD04252359.1	.	protein_coding		
ENSSSAG00000028917	AGKD04230810.1	.	snRNA	U1	U1 spliceosomal RNA [Source:RFAM%3BAcc:RF00003]
ENSSSAG00000028920	AGKD04114575.1	.	snRNA	U1	U1 spliceosomal RNA [Source:RFAM%3BAcc:RF00003]
ENSSSAG00000028922	AGKD04283844.1	.	snRNA	U2	U2 spliceosomal RNA [Source:RFAM%3BAcc:RF00004]
ENSSSAG00000028937	AGKD04129898.1	.	snRNA	U1	U1 spliceosomal RNA [Source:RFAM%3BAcc:RF00003]
ENSSSAG00000028985	AGKD04236373.1	.	protein_coding		
ENSSSAG00000028987	ssa16	.	protein_coding		gap junction gamma-1 protein-like [Source:NCBI gene%3BAcc:106574594]
ENSSSAG00000029016	AGKD04352471.1	.	snRNA	U1	U1 spliceosomal RNA [Source:RFAM%3BAcc:RF00003]
ENSSSAG00000029020	AGKD04096815.1	.	protein_coding		
ENSSSAG00000029039	AGKD04352523.1	.	snRNA	U5	U5 spliceosomal RNA [Source:RFAM%3BAcc:RF00020]
ENSSSAG00000029041	AGKD04230857.1	.	protein_coding		
ENSSSAG00000029045	AGKD04242081.1	.	protein_coding		
ENSSSAG00000029048	AGKD04078747.1	.	protein_coding		
ENSSSAG00000029051	AGKD04123068.1	.	protein_coding		
ENSSSAG00000029061	AGKD04129901.1	.	snoRNA	U3	Small nucleolar RNA U3 [Source:RFAM%3BAcc:RF00012]
ENSSSAG00000029069	AGKD04252412.1	.	protein_coding	hs6st2	heparan sulfate 6-O-sulfotransferase 2 [Source:NCBI gene%3BAcc:378450]
ENSSSAG00000029087	AGKD04129901.1	.	snoRNA	U3	Small nucleolar RNA U3 [Source:RFAM%3BAcc:RF00012]
ENSSSAG00000029090	AGKD04283928.1	.	protein_coding		
ENSSSAG00000029097	AGKD04242106.1	.	snRNA	U1	U1 spliceosomal RNA [Source:RFAM%3BAcc:RF00003]
ENSSSAG00000029116	AGKD04100216.1	.	misc_RNA	Metazoa_SRP	Metazoan signal recognition particle RNA [Source:RFAM%3BAcc:RF00017]
ENSSSAG00000029118	AGKD04129933.1	.	snRNA	U1	U1 spliceosomal RNA [Source:RFAM%3BAcc:RF00003]
ENSSSAG00000029129	AGKD04045142.1	.	protein_coding		tumor necrosis factor receptor superfamily member 11B-like [Source:NCBI gene%3BAcc:106598387]
ENSSSAG00000029132	AGKD04236422.1	.	snoRNA	U3	Small nucleolar RNA U3 [Source:RFAM%3BAcc:RF00012]
ENSSSAG00000029143	AGKD04087995.1	.	protein_coding		
ENSSSAG00000029145	AGKD04108083.1	.	snoRNA	U3	Small nucleolar RNA U3 [Source:RFAM%3BAcc:RF00012]
ENSSSAG00000029155	AGKD04352747.1	.	snRNA	U6	U6 spliceosomal RNA [Source:RFAM%3BAcc:RF00026]
ENSSSAG00000029160	AGKD04114653.1	.	protein_coding		
ENSSSAG00000029169	AGKD04108083.1	.	snoRNA	U3	Small nucleolar RNA U3 [Source:RFAM%3BAcc:RF00012]
ENSSSAG00000029170	AGKD04236434.1	.	protein_coding		
ENSSSAG00000029186	AGKD04252451.1	.	protein_coding		
ENSSSAG00000029193	AGKD04230859.1	.	protein_coding		
ENSSSAG00000029196	AGKD04120172.1	.	snRNA	U1	U1 spliceosomal RNA [Source:RFAM%3BAcc:RF00003]
ENSSSAG00000029206	AGKD04284006.1	.	protein_coding		
ENSSSAG00000029214	AGKD04242117.1	.	protein_coding		
ENSSSAG00000029222	AGKD04108087.1	.	protein_coding		
ENSSSAG00000029259	AGKD04094214.1	.	snRNA	U1	U1 spliceosomal RNA [Source:RFAM%3BAcc:RF00003]
ENSSSAG00000029268	AGKD04242141.1	.	protein_coding		
ENSSSAG00000029272	AGKD04088894.1	.	snoRNA		
ENSSSAG00000029301	AGKD04088894.1	.	snoRNA		
ENSSSAG00000029303	AGKD04142874.1	.	protein_coding		
ENSSSAG00000029312	AGKD04103209.1	.	protein_coding		
ENSSSAG00000029329	AGKD04088894.1	.	snoRNA		
ENSSSAG00000029333	AGKD04281813.1	.	protein_coding		
ENSSSAG00000029342	AGKD04252548.1	.	protein_coding		
ENSSSAG00000029369	AGKD04088894.1	.	snoRNA		
ENSSSAG00000029373	AGKD04281822.1	.	snRNA	U1	U1 spliceosomal RNA [Source:RFAM%3BAcc:RF00003]
ENSSSAG00000029383	AGKD04361464.1	.	protein_coding		
ENSSSAG00000029395	AGKD04088894.1	.	snoRNA		
ENSSSAG00000029398	ssa14	.	rRNA		
ENSSSAG00000029406	AGKD04242194.1	.	protein_coding		
ENSSSAG00000029416	AGKD04142939.1	.	snRNA	U6	U6 spliceosomal RNA [Source:RFAM%3BAcc:RF00026]
ENSSSAG00000029418	ssa14	.	rRNA	5_8S_rRNA	5.8S ribosomal RNA [Source:RFAM%3BAcc:RF00002]
ENSSSAG00000029427	AGKD04361467.1	.	snRNA	U6	U6 spliceosomal RNA [Source:RFAM%3BAcc:RF00026]
ENSSSAG00000029432	AGKD04088894.1	.	snoRNA		
ENSSSAG00000029434	AGKD04096942.1	.	snRNA	U6	U6 spliceosomal RNA [Source:RFAM%3BAcc:RF00026]
ENSSSAG00000029441	ssa14	.	rRNA		
ENSSSAG00000029455	AGKD04079941.1	.	snRNA	U1	U1 spliceosomal RNA [Source:RFAM%3BAcc:RF00003]
ENSSSAG00000029481	AGKD04096942.1	.	snRNA	U6	U6 spliceosomal RNA [Source:RFAM%3BAcc:RF00026]
ENSSSAG00000029489	AGKD04281932.1	.	protein_coding		
ENSSSAG00000029494	AGKD04108115.1	.	protein_coding		
ENSSSAG00000029507	AGKD04230885.1	.	snoRNA	U3	Small nucleolar RNA U3 [Source:RFAM%3BAcc:RF00012]
ENSSSAG00000029508	ssa14	.	pseudogene		
ENSSSAG00000029533	AGKD04330150.1	.	snRNA	U1	U1 spliceosomal RNA [Source:RFAM%3BAcc:RF00003]
ENSSSAG00000029534	AGKD04230948.1	.	snRNA	U6	U6 spliceosomal RNA [Source:RFAM%3BAcc:RF00026]
ENSSSAG00000029557	AGKD04252716.1	.	snRNA	U1	U1 spliceosomal RNA [Source:RFAM%3BAcc:RF00003]
ENSSSAG00000029560	AGKD04230971.1	.	snRNA	U6	U6 spliceosomal RNA [Source:RFAM%3BAcc:RF00026]
ENSSSAG00000029561	AGKD04330156.1	.	snRNA	U2	U2 spliceosomal RNA [Source:RFAM%3BAcc:RF00004]
ENSSSAG00000029571	AGKD04092353.1	.	snoRNA		
ENSSSAG00000029584	AGKD04281990.1	.	snRNA	U1	U1 spliceosomal RNA [Source:RFAM%3BAcc:RF00003]
ENSSSAG00000029590	AGKD04242266.1	.	snRNA	U1	U1 spliceosomal RNA [Source:RFAM%3BAcc:RF00003]
ENSSSAG00000029592	AGKD04252767.1	.	protein_coding		
ENSSSAG00000029600	AGKD04092353.1	.	snoRNA		
ENSSSAG00000029604	AGKD04142967.1	.	snRNA	U1	U1 spliceosomal RNA [Source:RFAM%3BAcc:RF00003]
ENSSSAG00000029615	AGKD04361746.1	.	protein_coding		
ENSSSAG00000029616	AGKD04236648.1	.	protein_coding		
ENSSSAG00000029630	AGKD04242308.1	.	protein_coding		
ENSSSAG00000029633	AGKD04092353.1	.	snoRNA		
ENSSSAG00000029635	AGKD04252775.1	.	snoRNA	U3	Small nucleolar RNA U3 [Source:RFAM%3BAcc:RF00012]
ENSSSAG00000029650	ssa07	.	miRNA	ssa-mir-135c-1	ssa-mir-135c-1 [Source:miRBase%3BAcc:MI0026489]
ENSSSAG00000029652	AGKD04086785.1	.	snRNA	U1	U1 spliceosomal RNA [Source:RFAM%3BAcc:RF00003]
ENSSSAG00000029654	AGKD04088021.1	.	snRNA	U1	U1 spliceosomal RNA [Source:RFAM%3BAcc:RF00003]
ENSSSAG00000029655	AGKD04373677.1	.	snRNA	U5	U5 spliceosomal RNA [Source:RFAM%3BAcc:RF00020]
ENSSSAG00000029658	AGKD04092353.1	.	snoRNA		
ENSSSAG00000029663	AGKD04252799.1	.	pseudogene		
ENSSSAG00000029665	AGKD04297527.1	.	protein_coding		
ENSSSAG00000029672	AGKD04353070.1	.	snRNA	U4	U4 spliceosomal RNA [Source:RFAM%3BAcc:RF00015]
ENSSSAG00000029674	AGKD04231055.1	.	protein_coding		
ENSSSAG00000029679	AGKD04284272.1	.	snRNA	U1	U1 spliceosomal RNA [Source:RFAM%3BAcc:RF00003]
ENSSSAG00000029685	AGKD04242321.1	.	protein_coding		
ENSSSAG00000029688	AGKD04092353.1	.	snoRNA		
ENSSSAG00000029698	AGKD04353097.1	.	pseudogene		
ENSSSAG00000029716	AGKD04092353.1	.	snoRNA		
ENSSSAG00000029724	AGKD04252821.1	.	snRNA	U1	U1 spliceosomal RNA [Source:RFAM%3BAcc:RF00003]
ENSSSAG00000029734	AGKD04300214.1	.	protein_coding		
ENSSSAG00000029736	AGKD04114710.1	.	protein_coding		
ENSSSAG00000029738	AGKD04097052.1	.	protein_coding		
ENSSSAG00000029749	AGKD04108146.1	.	snRNA	U1	U1 spliceosomal RNA [Source:RFAM%3BAcc:RF00003]
ENSSSAG00000029755	AGKD04252826.1	.	protein_coding		
ENSSSAG00000029791	AGKD04297665.1	.	snRNA	U1	U1 spliceosomal RNA [Source:RFAM%3BAcc:RF00003]
ENSSSAG00000029805	AGKD04252836.1	.	protein_coding		
ENSSSAG00000029810	AGKD04236761.1	.	protein_coding		
ENSSSAG00000029849	AGKD04284448.1	.	protein_coding		
ENSSSAG00000029850	AGKD04108196.1	.	snoRNA	U3	Small nucleolar RNA U3 [Source:RFAM%3BAcc:RF00012]
ENSSSAG00000029859	AGKD04373842.1	.	protein_coding		
ENSSSAG00000029861	AGKD04399924.1	.	protein_coding		
ENSSSAG00000029866	AGKD04088960.1	.	protein_coding		
ENSSSAG00000029873	AGKD04108196.1	.	snoRNA	U3	Small nucleolar RNA U3 [Source:RFAM%3BAcc:RF00012]
ENSSSAG00000029884	AGKD04236766.1	.	protein_coding		
ENSSSAG00000029890	AGKD04231108.1	.	protein_coding		
ENSSSAG00000029894	AGKD04097109.1	.	misc_RNA	Metazoa_SRP	Metazoan signal recognition particle RNA [Source:RFAM%3BAcc:RF00017]
ENSSSAG00000029903	AGKD04282108.1	.	snRNA	U2	U2 spliceosomal RNA [Source:RFAM%3BAcc:RF00004]
ENSSSAG00000029905	AGKD04353185.1	.	protein_coding		
ENSSSAG00000029924	AGKD04330618.1	.	snoRNA	SNORD31	Small nucleolar RNA SNORD31 [Source:RFAM%3BAcc:RF00089]
ENSSSAG00000029928	AGKD04282132.1	.	snRNA	U1	U1 spliceosomal RNA [Source:RFAM%3BAcc:RF00003]
ENSSSAG00000029932	AGKD04064009.1	.	protein_coding		
ENSSSAG00000029937	AGKD04338725.1	.	snRNA	U5	U5 spliceosomal RNA [Source:RFAM%3BAcc:RF00020]
ENSSSAG00000029942	AGKD04236830.1	.	protein_coding		
ENSSSAG00000029943	AGKD04373959.1	.	snoRNA		
ENSSSAG00000029947	AGKD04297757.1	.	protein_coding		
ENSSSAG00000029949	AGKD04231119.1	.	protein_coding		
ENSSSAG00000029953	AGKD04353236.1	.	pseudogene		
ENSSSAG00000029960	AGKD04373959.1	.	snoRNA		
ENSSSAG00000029962	AGKD04242585.1	.	protein_coding		
ENSSSAG00000029963	AGKD04330672.1	.	protein_coding		
ENSSSAG00000029965	AGKD04252839.1	.	protein_coding		
ENSSSAG00000029969	AGKD04282220.1	.	snRNA	U5	U5 spliceosomal RNA [Source:RFAM%3BAcc:RF00020]
ENSSSAG00000029971	AGKD04338800.1	.	protein_coding		
ENSSSAG00000029980	AGKD04284576.1	.	protein_coding		
ENSSSAG00000029982	AGKD04373959.1	.	snoRNA		
ENSSSAG00000029986	AGKD04094356.1	.	snRNA	U1	U1 spliceosomal RNA [Source:RFAM%3BAcc:RF00003]
ENSSSAG00000029991	AGKD04236831.1	.	protein_coding		
ENSSSAG00000029995	AGKD04282220.1	.	snRNA	U2	U2 spliceosomal RNA [Source:RFAM%3BAcc:RF00004]
ENSSSAG00000029999	AGKD04092405.1	.	snRNA	U1	U1 spliceosomal RNA [Source:RFAM%3BAcc:RF00003]
ENSSSAG00000030003	AGKD04362201.1	.	protein_coding		
ENSSSAG00000030006	AGKD04143041.1	.	processed_pseudogene		
ENSSSAG00000030009	AGKD04064034.1	.	snoRNA	U3	Small nucleolar RNA U3 [Source:RFAM%3BAcc:RF00012]
ENSSSAG00000030015	AGKD04242592.1	.	snRNA	U4	U4 spliceosomal RNA [Source:RFAM%3BAcc:RF00015]
ENSSSAG00000030016	AGKD04338806.1	.	snRNA	U6	U6 spliceosomal RNA [Source:RFAM%3BAcc:RF00026]
ENSSSAG00000030020	AGKD04045240.1	.	snoRNA		
ENSSSAG00000030028	AGKD04237785.1	.	snRNA	U1	U1 spliceosomal RNA [Source:RFAM%3BAcc:RF00003]
ENSSSAG00000030030	AGKD04092415.1	.	snRNA	U1	U1 spliceosomal RNA [Source:RFAM%3BAcc:RF00003]
ENSSSAG00000030035	AGKD04064034.1	.	snoRNA		
ENSSSAG00000030043	AGKD04236871.1	.	protein_coding		
ENSSSAG00000030045	AGKD04045240.1	.	snoRNA	U3	Small nucleolar RNA U3 [Source:RFAM%3BAcc:RF00012]
ENSSSAG00000030049	AGKD04242595.1	.	snRNA	U1	U1 spliceosomal RNA [Source:RFAM%3BAcc:RF00003]
ENSSSAG00000030053	AGKD04367548.1	.	protein_coding		
ENSSSAG00000030056	AGKD04353295.1	.	protein_coding		
ENSSSAG00000030066	AGKD04064034.1	.	snoRNA	U3	Small nucleolar RNA U3 [Source:RFAM%3BAcc:RF00012]
ENSSSAG00000030068	AGKD04298058.1	.	snRNA	U1	U1 spliceosomal RNA [Source:RFAM%3BAcc:RF00003]
ENSSSAG00000030069	AGKD04284597.1	.	protein_coding		
ENSSSAG00000030070	AGKD04045240.1	.	snoRNA		
ENSSSAG00000030081	AGKD04252861.1	.	ribozyme	RNaseP_nuc	Nuclear RNase P [Source:RFAM%3BAcc:RF00009]
ENSSSAG00000030082	AGKD04231195.1	.	protein_coding		
ENSSSAG00000030084	AGKD04236912.1	.	snRNA	U5	U5 spliceosomal RNA [Source:RFAM%3BAcc:RF00020]
ENSSSAG00000030094	AGKD04298060.1	.	snRNA	U1	U1 spliceosomal RNA [Source:RFAM%3BAcc:RF00003]
ENSSSAG00000030096	AGKD04300430.1	.	protein_coding		
ENSSSAG00000030116	AGKD04236912.1	.	snRNA	U2	U2 spliceosomal RNA [Source:RFAM%3BAcc:RF00004]
ENSSSAG00000030122	AGKD04400412.1	.	pseudogene		
ENSSSAG00000030128	AGKD04298129.1	.	protein_coding		
ENSSSAG00000030134	AGKD04362369.1	.	snRNA	U1	U1 spliceosomal RNA [Source:RFAM%3BAcc:RF00003]
ENSSSAG00000030138	AGKD04374054.1	.	protein_coding		
ENSSSAG00000030139	AGKD04231215.1	.	protein_coding		
ENSSSAG00000030142	AGKD04143141.1	.	snoRNA		
ENSSSAG00000030143	AGKD04236968.1	.	snRNA	U1	U1 spliceosomal RNA [Source:RFAM%3BAcc:RF00003]
ENSSSAG00000030146	AGKD04364364.1	.	snRNA	U1	U1 spliceosomal RNA [Source:RFAM%3BAcc:RF00003]
ENSSSAG00000030153	ssa07	.	protein_coding		
ENSSSAG00000030162	AGKD04136516.1	.	snoRNA	U3	Small nucleolar RNA U3 [Source:RFAM%3BAcc:RF00012]
ENSSSAG00000030163	AGKD04143141.1	.	snoRNA	U3	Small nucleolar RNA U3 [Source:RFAM%3BAcc:RF00012]
ENSSSAG00000030164	AGKD04024319.1	.	protein_coding	TIMP2	metalloproteinase inhibitor 2-like [Source:NCBI gene%3BAcc:106595712]
ENSSSAG00000030166	AGKD04284855.1	.	snoRNA		
ENSSSAG00000030168	AGKD04298161.1	.	snRNA	U1	U1 spliceosomal RNA [Source:RFAM%3BAcc:RF00003]
ENSSSAG00000030177	AGKD04237855.1	.	protein_coding		
ENSSSAG00000030182	AGKD04237030.1	.	protein_coding		
ENSSSAG00000030185	AGKD04143141.1	.	snoRNA	U3	Small nucleolar RNA U3 [Source:RFAM%3BAcc:RF00012]
ENSSSAG00000030189	AGKD04330756.1	.	protein_coding		
ENSSSAG00000030192	AGKD04284855.1	.	snoRNA		
ENSSSAG00000030193	AGKD04231221.1	.	misc_RNA	Metazoa_SRP	Metazoan signal recognition particle RNA [Source:RFAM%3BAcc:RF00017]
ENSSSAG00000030195	AGKD04367564.1	.	snRNA	U2	U2 spliceosomal RNA [Source:RFAM%3BAcc:RF00004]
ENSSSAG00000030196	AGKD04298184.1	.	snRNA	U6	U6 spliceosomal RNA [Source:RFAM%3BAcc:RF00026]
ENSSSAG00000030213	AGKD04252957.1	.	protein_coding	AKR1D1	aldo-keto reductase family 1 member D1 [Source:HGNC Symbol%3BAcc:HGNC:388]
ENSSSAG00000030215	AGKD04374083.1	.	snRNA	U6	U6 spliceosomal RNA [Source:RFAM%3BAcc:RF00026]
ENSSSAG00000030219	AGKD04367564.1	.	snRNA	U5	U5 spliceosomal RNA [Source:RFAM%3BAcc:RF00020]
ENSSSAG00000030220	AGKD04284855.1	.	snoRNA		
ENSSSAG00000030221	AGKD04298205.1	.	snRNA	U1	U1 spliceosomal RNA [Source:RFAM%3BAcc:RF00003]
ENSSSAG00000030225	AGKD04231223.1	.	protein_coding	faua	FAU ubiquitin like and ribosomal protein S30 fusion a [Source:ZFIN%3BAcc:ZDB-GENE-040426-1700]
ENSSSAG00000030232	AGKD04339008.1	.	snRNA	U5	U5 spliceosomal RNA [Source:RFAM%3BAcc:RF00020]
ENSSSAG00000030235	AGKD04237034.1	.	protein_coding		
ENSSSAG00000030238	AGKD04362398.1	.	snRNA	U1	U1 spliceosomal RNA [Source:RFAM%3BAcc:RF00003]
ENSSSAG00000030239	AGKD04374088.1	.	snRNA	U4	U4 spliceosomal RNA [Source:RFAM%3BAcc:RF00015]
ENSSSAG00000030242	AGKD04284855.1	.	snoRNA		
ENSSSAG00000030244	AGKD04237880.1	.	protein_coding		
ENSSSAG00000030248	AGKD04364440.1	.	snRNA	U1	U1 spliceosomal RNA [Source:RFAM%3BAcc:RF00003]
ENSSSAG00000030254	AGKD04298266.1	.	protein_coding		
ENSSSAG00000030257	AGKD04242666.1	.	snRNA	U1	U1 spliceosomal RNA [Source:RFAM%3BAcc:RF00003]
ENSSSAG00000030258	AGKD04374137.1	.	snRNA	U5	U5 spliceosomal RNA [Source:RFAM%3BAcc:RF00020]
ENSSSAG00000030259	AGKD04188337.1	.	snoRNA		
ENSSSAG00000030268	AGKD04088185.1	.	snRNA	U1	U1 spliceosomal RNA [Source:RFAM%3BAcc:RF00003]
ENSSSAG00000030269	AGKD04330770.1	.	snRNA	U5	U5 spliceosomal RNA [Source:RFAM%3BAcc:RF00020]
ENSSSAG00000030271	AGKD04284910.1	.	snRNA	U1	U1 spliceosomal RNA [Source:RFAM%3BAcc:RF00003]
ENSSSAG00000030282	AGKD04188337.1	.	snoRNA		
ENSSSAG00000030296	AGKD04427639.1	.	protein_coding		
ENSSSAG00000030298	AGKD04374204.1	.	protein_coding		
ENSSSAG00000030301	ssa17	.	miRNA	ssa-mir-135c-2	ssa-mir-135c-2 [Source:miRBase%3BAcc:MI0026490]
ENSSSAG00000030308	AGKD04188337.1	.	snoRNA		
ENSSSAG00000030310	AGKD04242693.1	.	protein_coding		
ENSSSAG00000030317	ssa07	.	lncRNA		
ENSSSAG00000030325	ssa27	.	lncRNA		
ENSSSAG00000030331	AGKD04188337.1	.	snoRNA		
ENSSSAG00000030337	AGKD04364546.1	.	snRNA	U5	U5 spliceosomal RNA [Source:RFAM%3BAcc:RF00020]
ENSSSAG00000030343	AGKD04253010.1	.	snRNA	U1	U1 spliceosomal RNA [Source:RFAM%3BAcc:RF00003]
ENSSSAG00000030351	AGKD04188337.1	.	snoRNA		
ENSSSAG00000030352	AGKD04237094.1	.	protein_coding		
ENSSSAG00000030356	AGKD04300590.1	.	protein_coding		
ENSSSAG00000030361	AGKD04298269.1	.	protein_coding		
ENSSSAG00000030372	AGKD04108434.1	.	misc_RNA	Metazoa_SRP	Metazoan signal recognition particle RNA [Source:RFAM%3BAcc:RF00017]
ENSSSAG00000030376	AGKD04353533.1	.	misc_RNA	Metazoa_SRP	Metazoan signal recognition particle RNA [Source:RFAM%3BAcc:RF00017]
ENSSSAG00000030381	AGKD04285081.1	.	snRNA	U1	U1 spliceosomal RNA [Source:RFAM%3BAcc:RF00003]
ENSSSAG00000030384	AGKD04339248.1	.	protein_coding		
ENSSSAG00000030387	AGKD04362504.1	.	protein_coding		
ENSSSAG00000030390	AGKD04237096.1	.	snRNA	U1	U1 spliceosomal RNA [Source:RFAM%3BAcc:RF00003]
ENSSSAG00000030409	AGKD04300613.1	.	protein_coding		
ENSSSAG00000030413	AGKD04253123.1	.	protein_coding		
ENSSSAG00000030414	AGKD04237913.1	.	protein_coding		
ENSSSAG00000030416	AGKD04237100.1	.	snRNA	U1	U1 spliceosomal RNA [Source:RFAM%3BAcc:RF00003]
ENSSSAG00000030417	AGKD04024327.1	.	protein_coding	ccdc12	coiled-coil domain containing 12 [Source:ZFIN%3BAcc:ZDB-GENE-040801-108]
ENSSSAG00000030422	AGKD04364667.1	.	snRNA	U5	U5 spliceosomal RNA [Source:RFAM%3BAcc:RF00020]
ENSSSAG00000030424	AGKD04362572.1	.	protein_coding		
ENSSSAG00000030428	AGKD04282709.1	.	snRNA	U6	U6 spliceosomal RNA [Source:RFAM%3BAcc:RF00026]
ENSSSAG00000030441	AGKD04427804.1	.	protein_coding		
ENSSSAG00000030445	AGKD04298309.1	.	protein_coding	FTL	ferritin light chain [Source:HGNC Symbol%3BAcc:HGNC:3999]
ENSSSAG00000030446	AGKD04339256.1	.	protein_coding		
ENSSSAG00000030447	AGKD04400967.1	.	protein_coding		
ENSSSAG00000030449	AGKD04237999.1	.	protein_coding		
ENSSSAG00000030450	AGKD04353697.1	.	pseudogene		
ENSSSAG00000030453	AGKD04364669.1	.	protein_coding		H3 clustered histone 15 [Source:HGNC Symbol%3BAcc:HGNC:20505]
ENSSSAG00000030454	AGKD04374375.1	.	pseudogene		
ENSSSAG00000030455	AGKD04282714.1	.	snRNA	U1	U1 spliceosomal RNA [Source:RFAM%3BAcc:RF00003]
ENSSSAG00000030468	AGKD04242729.1	.	pseudogene		
ENSSSAG00000030470	AGKD04143408.1	.	protein_coding		
ENSSSAG00000030471	AGKD04237141.1	.	protein_coding		
ENSSSAG00000030473	AGKD04231342.1	.	snRNA	U1	U1 spliceosomal RNA [Source:RFAM%3BAcc:RF00003]
ENSSSAG00000030483	AGKD04238027.1	.	snRNA	U1	U1 spliceosomal RNA [Source:RFAM%3BAcc:RF00003]
ENSSSAG00000030485	AGKD04298309.1	.	protein_coding		
ENSSSAG00000030486	AGKD04108441.1	.	snRNA	U4	U4 spliceosomal RNA [Source:RFAM%3BAcc:RF00015]
ENSSSAG00000030487	AGKD04427900.1	.	protein_coding		
ENSSSAG00000030493	AGKD04238056.1	.	snRNA	U1	U1 spliceosomal RNA [Source:RFAM%3BAcc:RF00003]
ENSSSAG00000030500	AGKD04300744.1	.	protein_coding		
ENSSSAG00000030501	AGKD04108441.1	.	snRNA	U4	U4 spliceosomal RNA [Source:RFAM%3BAcc:RF00015]
ENSSSAG00000030503	AGKD04331001.1	.	protein_coding		
ENSSSAG00000030512	AGKD04364673.1	.	protein_coding		
ENSSSAG00000030521	AGKD04427913.1	.	snRNA	U1	U1 spliceosomal RNA [Source:RFAM%3BAcc:RF00003]
ENSSSAG00000030523	AGKD04282861.1	.	snRNA	U1	U1 spliceosomal RNA [Source:RFAM%3BAcc:RF00003]
ENSSSAG00000030529	AGKD04237209.1	.	protein_coding		
ENSSSAG00000030533	AGKD04362742.1	.	protein_coding		
ENSSSAG00000030536	AGKD04401015.1	.	protein_coding		
ENSSSAG00000030538	AGKD04427944.1	.	snRNA	U2	U2 spliceosomal RNA [Source:RFAM%3BAcc:RF00004]
ENSSSAG00000030541	AGKD04285208.1	.	protein_coding		
ENSSSAG00000030545	AGKD04282892.1	.	protein_coding		
ENSSSAG00000030546	AGKD04300777.1	.	protein_coding		
ENSSSAG00000030548	AGKD04238153.1	.	protein_coding		
ENSSSAG00000030556	AGKD04253315.1	.	protein_coding		
ENSSSAG00000030558	AGKD04143475.1	.	snoRNA	U3	Small nucleolar RNA U3 [Source:RFAM%3BAcc:RF00012]
ENSSSAG00000030562	AGKD04298335.1	.	snRNA	U1	U1 spliceosomal RNA [Source:RFAM%3BAcc:RF00003]
ENSSSAG00000030563	AGKD04362829.1	.	snRNA	U1	U1 spliceosomal RNA [Source:RFAM%3BAcc:RF00003]
ENSSSAG00000030566	AGKD04374552.1	.	pseudogene		
ENSSSAG00000030574	AGKD04143475.1	.	snoRNA	U3	Small nucleolar RNA U3 [Source:RFAM%3BAcc:RF00012]
ENSSSAG00000030578	AGKD04339624.1	.	protein_coding		
ENSSSAG00000030580	AGKD04024340.1	.	protein_coding	u2af1	splicing factor U2AF 35 kDa subunit-like [Source:NCBI gene%3BAcc:106595714]
ENSSSAG00000030581	AGKD04427992.1	.	protein_coding		
ENSSSAG00000030585	AGKD04231416.1	.	protein_coding		
ENSSSAG00000030593	AGKD04300817.1	.	snRNA	U6	U6 spliceosomal RNA [Source:RFAM%3BAcc:RF00026]
ENSSSAG00000030594	AGKD04108468.1	.	snRNA	U1	U1 spliceosomal RNA [Source:RFAM%3BAcc:RF00003]
ENSSSAG00000030597	AGKD04298428.1	.	protein_coding		
ENSSSAG00000030607	AGKD04401044.1	.	protein_coding		
ENSSSAG00000030610	AGKD04237240.1	.	protein_coding		
ENSSSAG00000030613	AGKD04253319.1	.	protein_coding		
ENSSSAG00000030629	AGKD04300845.1	.	protein_coding		
ENSSSAG00000030630	AGKD04285276.1	.	protein_coding		
ENSSSAG00000030636	AGKD04238223.1	.	snRNA	U1	U1 spliceosomal RNA [Source:RFAM%3BAcc:RF00003]
ENSSSAG00000030640	AGKD04253422.1	.	protein_coding		
ENSSSAG00000030641	AGKD04374620.1	.	protein_coding		
ENSSSAG00000030643	AGKD04237261.1	.	protein_coding		
ENSSSAG00000030651	AGKD04401091.1	.	protein_coding		
ENSSSAG00000030655	AGKD04367827.1	.	protein_coding		
ENSSSAG00000030659	AGKD04362888.1	.	snRNA	U6	U6 spliceosomal RNA [Source:RFAM%3BAcc:RF00026]
ENSSSAG00000030660	AGKD04298486.1	.	snRNA	U1	U1 spliceosomal RNA [Source:RFAM%3BAcc:RF00003]
ENSSSAG00000030667	AGKD04033259.1	.	pseudogene		
ENSSSAG00000030669	AGKD04231528.1	.	protein_coding		
ENSSSAG00000030677	AGKD04285292.1	.	protein_coding		
ENSSSAG00000030679	AGKD04300849.1	.	protein_coding		
ENSSSAG00000030692	AGKD04353745.1	.	snRNA	U2	U2 spliceosomal RNA [Source:RFAM%3BAcc:RF00004]
ENSSSAG00000030698	AGKD04365036.1	.	snRNA	U5	U5 spliceosomal RNA [Source:RFAM%3BAcc:RF00020]
ENSSSAG00000030702	AGKD04283205.1	.	snRNA	U6	U6 spliceosomal RNA [Source:RFAM%3BAcc:RF00026]
ENSSSAG00000030703	AGKD04231556.1	.	snRNA	U6	U6 spliceosomal RNA [Source:RFAM%3BAcc:RF00026]
ENSSSAG00000030704	AGKD04253526.1	.	protein_coding		
ENSSSAG00000030710	AGKD04391651.1	.	protein_coding		
ENSSSAG00000030716	AGKD04365036.1	.	snRNA	U2	U2 spliceosomal RNA [Source:RFAM%3BAcc:RF00004]
ENSSSAG00000030719	AGKD04231646.1	.	snRNA	U2	U2 spliceosomal RNA [Source:RFAM%3BAcc:RF00004]
ENSSSAG00000030725	AGKD04367994.1	.	snRNA	U2	U2 spliceosomal RNA [Source:RFAM%3BAcc:RF00004]
ENSSSAG00000030735	AGKD04339665.1	.	protein_coding		
ENSSSAG00000030736	AGKD04365070.1	.	protein_coding		
ENSSSAG00000030738	AGKD04391688.1	.	snoRNA		
ENSSSAG00000030739	AGKD04231659.1	.	pseudogene		
ENSSSAG00000030741	AGKD04401329.1	.	snRNA	U1	U1 spliceosomal RNA [Source:RFAM%3BAcc:RF00003]
ENSSSAG00000030743	AGKD04367994.1	.	snRNA	U5	U5 spliceosomal RNA [Source:RFAM%3BAcc:RF00020]
ENSSSAG00000030746	AGKD04300876.1	.	snRNA	U5	U5 spliceosomal RNA [Source:RFAM%3BAcc:RF00020]
ENSSSAG00000030749	AGKD04092669.1	.	protein_coding		
ENSSSAG00000030752	AGKD04238286.1	.	snRNA	U6	U6 spliceosomal RNA [Source:RFAM%3BAcc:RF00026]
ENSSSAG00000030753	AGKD04353839.1	.	protein_coding		
ENSSSAG00000030758	AGKD04237306.1	.	pseudogene		
ENSSSAG00000030759	AGKD04368022.1	.	snRNA	U1	U1 spliceosomal RNA [Source:RFAM%3BAcc:RF00003]
ENSSSAG00000030762	AGKD04401376.1	.	protein_coding		
ENSSSAG00000030774	AGKD04108620.1	.	protein_coding		
ENSSSAG00000030776	AGKD04238311.1	.	snRNA	U2	U2 spliceosomal RNA [Source:RFAM%3BAcc:RF00004]
ENSSSAG00000030777	AGKD04024358.1	.	protein_coding	TSN8	tetraspanin-8-like [Source:NCBI gene%3BAcc:106595720]
ENSSSAG00000030782	AGKD04285306.1	.	protein_coding		
ENSSSAG00000030787	AGKD04283242.1	.	snRNA	U1	U1 spliceosomal RNA [Source:RFAM%3BAcc:RF00003]
ENSSSAG00000030789	AGKD04353907.1	.	protein_coding		
ENSSSAG00000030790	AGKD04238311.1	.	snRNA	U5	U5 spliceosomal RNA [Source:RFAM%3BAcc:RF00020]
ENSSSAG00000030795	AGKD04374799.1	.	snRNA	U2	U2 spliceosomal RNA [Source:RFAM%3BAcc:RF00004]
ENSSSAG00000030796	AGKD04365123.1	.	protein_coding		
ENSSSAG00000030797	AGKD04242852.1	.	snRNA	U1	U1 spliceosomal RNA [Source:RFAM%3BAcc:RF00003]
ENSSSAG00000030799	AGKD04331367.1	.	snRNA	U1	U1 spliceosomal RNA [Source:RFAM%3BAcc:RF00003]
ENSSSAG00000030801	AGKD04253659.1	.	protein_coding		H3 clustered histone 15 [Source:HGNC Symbol%3BAcc:HGNC:20505]
ENSSSAG00000030802	AGKD04428072.1	.	snRNA	U1	U1 spliceosomal RNA [Source:RFAM%3BAcc:RF00003]
ENSSSAG00000030803	AGKD04362990.1	.	protein_coding		
ENSSSAG00000030804	AGKD04283253.1	.	snRNA	U1	U1 spliceosomal RNA [Source:RFAM%3BAcc:RF00003]
ENSSSAG00000030809	AGKD04374816.1	.	snRNA	U5	U5 spliceosomal RNA [Source:RFAM%3BAcc:RF00020]
ENSSSAG00000030813	AGKD04237335.1	.	protein_coding		
ENSSSAG00000030815	AGKD04339692.1	.	protein_coding		
ENSSSAG00000030821	AGKD04391938.1	.	snRNA	U2	U2 spliceosomal RNA [Source:RFAM%3BAcc:RF00004]
ENSSSAG00000030823	AGKD04285343.1	.	protein_coding		
ENSSSAG00000030824	AGKD04283258.1	.	snRNA	U1	U1 spliceosomal RNA [Source:RFAM%3BAcc:RF00003]
ENSSSAG00000030829	AGKD04238313.1	.	protein_coding		
ENSSSAG00000030833	AGKD04300966.1	.	snRNA	U5	U5 spliceosomal RNA [Source:RFAM%3BAcc:RF00020]
ENSSSAG00000030837	AGKD04092696.1	.	snRNA	U1	U1 spliceosomal RNA [Source:RFAM%3BAcc:RF00003]
ENSSSAG00000030847	AGKD04339729.1	.	snRNA	U1	U1 spliceosomal RNA [Source:RFAM%3BAcc:RF00003]
ENSSSAG00000030856	AGKD04283284.1	.	protein_coding		
ENSSSAG00000030857	AGKD04301002.1	.	protein_coding		
ENSSSAG00000030858	AGKD04374954.1	.	protein_coding		
ENSSSAG00000030860	AGKD04401678.1	.	snRNA	U1	U1 spliceosomal RNA [Source:RFAM%3BAcc:RF00003]
ENSSSAG00000030871	AGKD04237442.1	.	protein_coding		
ENSSSAG00000030873	AGKD04242863.1	.	protein_coding		
ENSSSAG00000030874	AGKD04391988.1	.	protein_coding		
ENSSSAG00000030875	AGKD04363013.1	.	snRNA	U1	U1 spliceosomal RNA [Source:RFAM%3BAcc:RF00003]
ENSSSAG00000030878	AGKD04253685.1	.	snRNA	U1	U1 spliceosomal RNA [Source:RFAM%3BAcc:RF00003]
ENSSSAG00000030879	AGKD04428156.1	.	protein_coding		
ENSSSAG00000030886	AGKD04298642.1	.	snRNA	U1	U1 spliceosomal RNA [Source:RFAM%3BAcc:RF00003]
ENSSSAG00000030889	AGKD04331543.1	.	pseudogene		
ENSSSAG00000030891	AGKD04029585.1	.	protein_coding	pnpla8	calcium-independent phospholipase A2-gamma-like [Source:NCBI gene%3BAcc:106596787]
ENSSSAG00000030892	AGKD04339787.1	.	protein_coding		
ENSSSAG00000030894	AGKD04253690.1	.	protein_coding		
ENSSSAG00000030896	AGKD04401751.1	.	snRNA	U1	U1 spliceosomal RNA [Source:RFAM%3BAcc:RF00003]
ENSSSAG00000030899	AGKD04283294.1	.	protein_coding		
ENSSSAG00000030906	AGKD04242887.1	.	snRNA	U1	U1 spliceosomal RNA [Source:RFAM%3BAcc:RF00003]
ENSSSAG00000030908	AGKD04375011.1	.	snRNA	U1	U1 spliceosomal RNA [Source:RFAM%3BAcc:RF00003]
ENSSSAG00000030910	AGKD04298650.1	.	protein_coding		
ENSSSAG00000030913	AGKD04392215.1	.	protein_coding		
ENSSSAG00000030923	AGKD04354269.1	.	protein_coding		
ENSSSAG00000030924	AGKD04029585.1	.	protein_coding	si:dkeyp-81f3.4	A-kinase anchor protein 14-like [Source:NCBI gene%3BAcc:106596788]
ENSSSAG00000030925	AGKD04339832.1	.	protein_coding		
ENSSSAG00000030926	AGKD04419547.1	.	protein_coding		
ENSSSAG00000030927	AGKD04401783.1	.	protein_coding		
ENSSSAG00000030937	AGKD04285441.1	.	snRNA	U6	U6 spliceosomal RNA [Source:RFAM%3BAcc:RF00026]
ENSSSAG00000030938	AGKD04392222.1	.	snRNA	U1	U1 spliceosomal RNA [Source:RFAM%3BAcc:RF00003]
ENSSSAG00000030939	AGKD04238395.1	.	snRNA	U1	U1 spliceosomal RNA [Source:RFAM%3BAcc:RF00003]
ENSSSAG00000030941	AGKD04283302.1	.	snRNA	U2	U2 spliceosomal RNA [Source:RFAM%3BAcc:RF00004]
ENSSSAG00000030942	AGKD04301307.1	.	snRNA	U2	U2 spliceosomal RNA [Source:RFAM%3BAcc:RF00004]
ENSSSAG00000030948	AGKD04237497.1	.	snRNA	U1	U1 spliceosomal RNA [Source:RFAM%3BAcc:RF00003]
ENSSSAG00000030953	AGKD04392425.1	.	snoRNA		
ENSSSAG00000030959	AGKD04283302.1	.	snRNA	U5	U5 spliceosomal RNA [Source:RFAM%3BAcc:RF00020]
ENSSSAG00000030963	AGKD04365136.1	.	protein_coding		
ENSSSAG00000030964	AGKD04285479.1	.	protein_coding		
ENSSSAG00000030969	AGKD04368368.1	.	protein_coding		
ENSSSAG00000030970	AGKD04033267.1	.	protein_coding		
ENSSSAG00000030971	AGKD04238419.1	.	protein_coding		
ENSSSAG00000030974	AGKD04392425.1	.	snoRNA	U3	Small nucleolar RNA U3 [Source:RFAM%3BAcc:RF00012]
ENSSSAG00000030976	AGKD04237527.1	.	protein_coding		
ENSSSAG00000030980	AGKD04419685.1	.	snRNA	U1	U1 spliceosomal RNA [Source:RFAM%3BAcc:RF00003]
ENSSSAG00000030985	AGKD04298886.1	.	snoRNA	U3	Small nucleolar RNA U3 [Source:RFAM%3BAcc:RF00012]
ENSSSAG00000030989	AGKD04428172.1	.	snoRNA	U3	Small nucleolar RNA U3 [Source:RFAM%3BAcc:RF00012]
ENSSSAG00000030990	AGKD04283303.1	.	protein_coding		
ENSSSAG00000030991	AGKD04339907.1	.	snRNA	U2	U2 spliceosomal RNA [Source:RFAM%3BAcc:RF00004]
ENSSSAG00000030992	AGKD04392428.1	.	snRNA	U2	U2 spliceosomal RNA [Source:RFAM%3BAcc:RF00004]
ENSSSAG00000030993	AGKD04242951.1	.	pseudogene		
ENSSSAG00000030998	AGKD04354314.1	.	protein_coding		
ENSSSAG00000031007	AGKD04365176.1	.	snRNA	U1	U1 spliceosomal RNA [Source:RFAM%3BAcc:RF00003]
ENSSSAG00000031009	AGKD04301409.1	.	snRNA	U1	U1 spliceosomal RNA [Source:RFAM%3BAcc:RF00003]
ENSSSAG00000031026	ssa21	.	pseudogene		
ENSSSAG00000031028	AGKD04285552.1	.	snRNA	U6	U6 spliceosomal RNA [Source:RFAM%3BAcc:RF00026]
ENSSSAG00000031051	AGKD04285559.1	.	snRNA	U1	U1 spliceosomal RNA [Source:RFAM%3BAcc:RF00003]
ENSSSAG00000031062	AGKD04238517.1	.	snRNA	U5	U5 spliceosomal RNA [Source:RFAM%3BAcc:RF00020]
ENSSSAG00000031063	AGKD04033302.1	.	protein_coding		
ENSSSAG00000031066	AGKD04237570.1	.	protein_coding		
ENSSSAG00000031068	AGKD04242956.1	.	protein_coding		
ENSSSAG00000031069	AGKD04368404.1	.	snRNA	U5	U5 spliceosomal RNA [Source:RFAM%3BAcc:RF00020]
ENSSSAG00000031077	AGKD04285601.1	.	snoRNA	U3	Small nucleolar RNA U3 [Source:RFAM%3BAcc:RF00012]
ENSSSAG00000031081	AGKD04402176.1	.	protein_coding		
ENSSSAG00000031089	AGKD04365269.1	.	protein_coding		
ENSSSAG00000031092	AGKD04238517.1	.	snRNA	U2	U2 spliceosomal RNA [Source:RFAM%3BAcc:RF00004]
ENSSSAG00000031093	AGKD04301647.1	.	snRNA	U1	U1 spliceosomal RNA [Source:RFAM%3BAcc:RF00003]
ENSSSAG00000031097	AGKD04368424.1	.	protein_coding		
ENSSSAG00000031101	AGKD04363448.1	.	protein_coding		
ENSSSAG00000031102	AGKD04231970.1	.	protein_coding		
ENSSSAG00000031104	AGKD04354411.1	.	snRNA	U1	U1 spliceosomal RNA [Source:RFAM%3BAcc:RF00003]
ENSSSAG00000031106	AGKD04419750.1	.	snoRNA	U3	Small nucleolar RNA U3 [Source:RFAM%3BAcc:RF00012]
ENSSSAG00000031111	AGKD04339941.1	.	protein_coding		
ENSSSAG00000031112	AGKD04242966.1	.	protein_coding		
ENSSSAG00000031117	AGKD04354454.1	.	snRNA	U1	U1 spliceosomal RNA [Source:RFAM%3BAcc:RF00003]
ENSSSAG00000031118	AGKD04428708.1	.	snRNA	U1	U1 spliceosomal RNA [Source:RFAM%3BAcc:RF00003]
ENSSSAG00000031125	AGKD04283421.1	.	protein_coding		
ENSSSAG00000031128	AGKD04231978.1	.	snRNA	U4	U4 spliceosomal RNA [Source:RFAM%3BAcc:RF00015]
ENSSSAG00000031132	AGKD04419790.1	.	protein_coding		
ENSSSAG00000031136	AGKD04285632.1	.	protein_coding		
ENSSSAG00000031146	AGKD04231978.1	.	snRNA	U4	U4 spliceosomal RNA [Source:RFAM%3BAcc:RF00015]
ENSSSAG00000031154	AGKD04301718.1	.	snRNA	U5	U5 spliceosomal RNA [Source:RFAM%3BAcc:RF00020]
ENSSSAG00000031155	AGKD04237597.1	.	protein_coding		
ENSSSAG00000031156	AGKD04238675.1	.	protein_coding		
ENSSSAG00000031158	AGKD04363483.1	.	snRNA	U4	U4 spliceosomal RNA [Source:RFAM%3BAcc:RF00015]
ENSSSAG00000031167	AGKD04340143.1	.	snRNA	U1	U1 spliceosomal RNA [Source:RFAM%3BAcc:RF00003]
ENSSSAG00000031169	AGKD04301721.1	.	snoRNA	SNORD83	Small nucleolar RNA SNORD83 [Source:RFAM%3BAcc:RF00137]
ENSSSAG00000031170	AGKD04392538.1	.	snRNA	U2	U2 spliceosomal RNA [Source:RFAM%3BAcc:RF00004]
ENSSSAG00000031171	AGKD04299015.1	.	protein_coding		
ENSSSAG00000031172	AGKD04232015.1	.	misc_RNA	Metazoa_SRP	Metazoan signal recognition particle RNA [Source:RFAM%3BAcc:RF00017]
ENSSSAG00000031174	AGKD04363676.1	.	snRNA	U2	U2 spliceosomal RNA [Source:RFAM%3BAcc:RF00004]
ENSSSAG00000031179	AGKD04392538.1	.	snRNA	U5	U5 spliceosomal RNA [Source:RFAM%3BAcc:RF00020]
ENSSSAG00000031183	AGKD04283426.1	.	protein_coding	TIMP2	TIMP metallopeptidase inhibitor 2 [Source:HGNC Symbol%3BAcc:HGNC:11821]
ENSSSAG00000031184	AGKD04242969.1	.	protein_coding		
ENSSSAG00000031185	AGKD04238696.1	.	protein_coding		
ENSSSAG00000031188	AGKD04363676.1	.	snRNA	U5	U5 spliceosomal RNA [Source:RFAM%3BAcc:RF00020]
ENSSSAG00000031192	AGKD04301755.1	.	snRNA	U1	U1 spliceosomal RNA [Source:RFAM%3BAcc:RF00003]
ENSSSAG00000031196	AGKD04365347.1	.	protein_coding		
ENSSSAG00000031198	AGKD04232018.1	.	protein_coding		
ENSSSAG00000031201	AGKD04331888.1	.	protein_coding		
ENSSSAG00000031206	AGKD04238708.1	.	snRNA	U1	U1 spliceosomal RNA [Source:RFAM%3BAcc:RF00003]
ENSSSAG00000031208	AGKD04363747.1	.	protein_coding		
ENSSSAG00000031209	AGKD04375329.1	.	protein_coding		
ENSSSAG00000031216	AGKD04428957.1	.	snoRNA	U3	Small nucleolar RNA U3 [Source:RFAM%3BAcc:RF00012]
ENSSSAG00000031220	AGKD04237613.1	.	protein_coding		
ENSSSAG00000031223	AGKD04238799.1	.	snoRNA	U3	Small nucleolar RNA U3 [Source:RFAM%3BAcc:RF00012]
ENSSSAG00000031224	AGKD04232028.1	.	protein_coding		
ENSSSAG00000031235	AGKD04402332.1	.	pseudogene		
ENSSSAG00000031236	AGKD04429100.1	.	protein_coding		
ENSSSAG00000031239	AGKD04354683.1	.	protein_coding		
ENSSSAG00000031240	AGKD04363750.1	.	snRNA	U5	U5 spliceosomal RNA [Source:RFAM%3BAcc:RF00020]
ENSSSAG00000031243	AGKD04238810.1	.	protein_coding		
ENSSSAG00000031252	AGKD04363806.1	.	snRNA	U5	U5 spliceosomal RNA [Source:RFAM%3BAcc:RF00020]
ENSSSAG00000031254	AGKD04237616.1	.	snRNA	U1	U1 spliceosomal RNA [Source:RFAM%3BAcc:RF00003]
ENSSSAG00000031256	AGKD04429133.1	.	pseudogene		
ENSSSAG00000031262	AGKD04363806.1	.	snRNA	U2	U2 spliceosomal RNA [Source:RFAM%3BAcc:RF00004]
ENSSSAG00000031263	AGKD04354771.1	.	snRNA	U1	U1 spliceosomal RNA [Source:RFAM%3BAcc:RF00003]
ENSSSAG00000031268	AGKD04301924.1	.	protein_coding		
ENSSSAG00000031270	AGKD04363875.1	.	snRNA	U2	U2 spliceosomal RNA [Source:RFAM%3BAcc:RF00004]
ENSSSAG00000031274	AGKD04238811.1	.	protein_coding		
ENSSSAG00000031276	AGKD04242980.1	.	protein_coding		
ENSSSAG00000031277	AGKD04375479.1	.	snRNA	U1	U1 spliceosomal RNA [Source:RFAM%3BAcc:RF00003]
ENSSSAG00000031283	AGKD04363927.1	.	snRNA	U1	U1 spliceosomal RNA [Source:RFAM%3BAcc:RF00003]
ENSSSAG00000031288	AGKD04420138.1	.	snRNA	U1	U1 spliceosomal RNA [Source:RFAM%3BAcc:RF00003]
ENSSSAG00000031289	AGKD04232034.1	.	protein_coding		
ENSSSAG00000031295	AGKD04365457.1	.	protein_coding		
ENSSSAG00000031296	AGKD04340255.1	.	protein_coding		
ENSSSAG00000031297	AGKD04238871.1	.	protein_coding		
ENSSSAG00000031298	AGKD04375486.1	.	protein_coding		
ENSSSAG00000031299	AGKD04299081.1	.	misc_RNA	Metazoa_SRP	Metazoan signal recognition particle RNA [Source:RFAM%3BAcc:RF00017]
ENSSSAG00000031307	AGKD04368531.1	.	protein_coding		
ENSSSAG00000031309	AGKD04243018.1	.	protein_coding		
ENSSSAG00000031310	AGKD04392937.1	.	misc_RNA	Metazoa_SRP	Metazoan signal recognition particle RNA [Source:RFAM%3BAcc:RF00017]
ENSSSAG00000031312	AGKD04285644.1	.	snRNA	U5	U5 spliceosomal RNA [Source:RFAM%3BAcc:RF00020]
ENSSSAG00000031316	AGKD04429206.1	.	protein_coding	mrps33	mitochondrial ribosomal protein S33 [Source:ZFIN%3BAcc:ZDB-GENE-040715-6]
ENSSSAG00000031319	AGKD04420369.1	.	protein_coding		
ENSSSAG00000031320	AGKD04299096.1	.	protein_coding		
ENSSSAG00000031326	AGKD04354858.1	.	protein_coding		
ENSSSAG00000031330	AGKD04285656.1	.	snRNA	U1	U1 spliceosomal RNA [Source:RFAM%3BAcc:RF00003]
ENSSSAG00000031335	AGKD04232044.1	.	pseudogene		
ENSSSAG00000031338	AGKD04331982.1	.	snRNA	U1	U1 spliceosomal RNA [Source:RFAM%3BAcc:RF00003]
ENSSSAG00000031343	AGKD04237627.1	.	protein_coding		
ENSSSAG00000031346	AGKD04238876.1	.	snRNA	U2	U2 spliceosomal RNA [Source:RFAM%3BAcc:RF00004]
ENSSSAG00000031348	AGKD04340259.1	.	protein_coding		
ENSSSAG00000031358	AGKD04420382.1	.	protein_coding		
ENSSSAG00000031363	AGKD04238876.1	.	snRNA	U5	U5 spliceosomal RNA [Source:RFAM%3BAcc:RF00020]
ENSSSAG00000031364	AGKD04332057.1	.	protein_coding		
ENSSSAG00000031371	AGKD04375496.1	.	protein_coding		
ENSSSAG00000031380	AGKD04340267.1	.	snRNA	U1	U1 spliceosomal RNA [Source:RFAM%3BAcc:RF00003]
ENSSSAG00000031386	AGKD04354986.1	.	snRNA	U1	U1 spliceosomal RNA [Source:RFAM%3BAcc:RF00003]
ENSSSAG00000031387	AGKD04243035.1	.	protein_coding		
ENSSSAG00000031389	AGKD04285719.1	.	snRNA	U5	U5 spliceosomal RNA [Source:RFAM%3BAcc:RF00020]
ENSSSAG00000031390	AGKD04232049.1	.	snRNA	U1	U1 spliceosomal RNA [Source:RFAM%3BAcc:RF00003]
ENSSSAG00000031394	AGKD04364208.1	.	protein_coding		
ENSSSAG00000031395	AGKD04332067.1	.	snRNA	U2	U2 spliceosomal RNA [Source:RFAM%3BAcc:RF00004]
ENSSSAG00000031396	AGKD04302095.1	.	protein_coding		
ENSSSAG00000031398	AGKD04283437.1	.	snRNA	U1	U1 spliceosomal RNA [Source:RFAM%3BAcc:RF00003]
ENSSSAG00000031403	AGKD04368617.1	.	protein_coding		
ENSSSAG00000031404	AGKD04365583.1	.	protein_coding		
ENSSSAG00000031407	AGKD04232088.1	.	snRNA	U1	U1 spliceosomal RNA [Source:RFAM%3BAcc:RF00003]
ENSSSAG00000031411	AGKD04355035.1	.	snRNA	U2	U2 spliceosomal RNA [Source:RFAM%3BAcc:RF00004]
ENSSSAG00000031414	AGKD04237670.1	.	snRNA	U2	U2 spliceosomal RNA [Source:RFAM%3BAcc:RF00004]
ENSSSAG00000031415	AGKD04332067.1	.	snRNA	U5	U5 spliceosomal RNA [Source:RFAM%3BAcc:RF00020]
ENSSSAG00000031418	AGKD04024395.1	.	protein_coding	ap1s2	adaptor-related protein complex 1%2C sigma 2 subunit [Source:NCBI gene%3BAcc:100194802]
ENSSSAG00000031421	AGKD04408166.1	.	snRNA	U1	U1 spliceosomal RNA [Source:RFAM%3BAcc:RF00003]
ENSSSAG00000031427	AGKD04237670.1	.	snRNA	U5	U5 spliceosomal RNA [Source:RFAM%3BAcc:RF00020]
ENSSSAG00000031428	AGKD04243066.1	.	protein_coding		
ENSSSAG00000031429	AGKD04355035.1	.	snRNA	U5	U5 spliceosomal RNA [Source:RFAM%3BAcc:RF00020]
ENSSSAG00000031433	AGKD04429508.1	.	snRNA	U5	U5 spliceosomal RNA [Source:RFAM%3BAcc:RF00020]
ENSSSAG00000031434	AGKD04283443.1	.	protein_coding		
ENSSSAG00000031438	AGKD04232103.1	.	protein_coding	snap47	synaptosomal-associated protein 47-like [Source:NCBI gene%3BAcc:106600261]
ENSSSAG00000031439	AGKD04460819.1	.	snoRNA		
ENSSSAG00000031442	AGKD04238951.1	.	snRNA	U2	U2 spliceosomal RNA [Source:RFAM%3BAcc:RF00004]
ENSSSAG00000031449	AGKD04429539.1	.	snRNA	U1	U1 spliceosomal RNA [Source:RFAM%3BAcc:RF00003]
ENSSSAG00000031452	AGKD04460819.1	.	snoRNA		
ENSSSAG00000031457	AGKD04243075.1	.	snRNA	U6	U6 spliceosomal RNA [Source:RFAM%3BAcc:RF00026]
ENSSSAG00000031469	AGKD04285774.1	.	snRNA	U1	U1 spliceosomal RNA [Source:RFAM%3BAcc:RF00003]
ENSSSAG00000031471	AGKD04238954.1	.	protein_coding		
ENSSSAG00000031478	AGKD04420488.1	.	protein_coding		
ENSSSAG00000031479	AGKD04237754.1	.	snRNA	U1	U1 spliceosomal RNA [Source:RFAM%3BAcc:RF00003]
ENSSSAG00000031481	AGKD04460852.1	.	protein_coding		
ENSSSAG00000031489	AGKD04375714.1	.	protein_coding		
ENSSSAG00000031490	AGKD04408316.1	.	snRNA	U5	U5 spliceosomal RNA [Source:RFAM%3BAcc:RF00020]
ENSSSAG00000031493	AGKD04285776.1	.	protein_coding		
ENSSSAG00000031503	AGKD04302272.1	.	snRNA	U4	U4 spliceosomal RNA [Source:RFAM%3BAcc:RF00015]
ENSSSAG00000031505	AGKD04033363.1	.	protein_coding		
ENSSSAG00000031508	AGKD04461121.1	.	snRNA	U1	U1 spliceosomal RNA [Source:RFAM%3BAcc:RF00003]
ENSSSAG00000031518	AGKD04415390.1	.	protein_coding		
ENSSSAG00000031519	AGKD04238978.1	.	protein_coding		
ENSSSAG00000031524	AGKD04429719.1	.	protein_coding		
ENSSSAG00000031527	AGKD04285783.1	.	snoRNA	U3	Small nucleolar RNA U3 [Source:RFAM%3BAcc:RF00012]
ENSSSAG00000031535	AGKD04302282.1	.	protein_coding		
ENSSSAG00000031540	AGKD04243294.1	.	protein_coding		
ENSSSAG00000031543	AGKD04368757.1	.	protein_coding		
ENSSSAG00000031547	AGKD04299277.1	.	protein_coding		
ENSSSAG00000031550	AGKD04340668.1	.	snRNA	U1	U1 spliceosomal RNA [Source:RFAM%3BAcc:RF00003]
ENSSSAG00000031553	AGKD04283478.1	.	protein_coding		
ENSSSAG00000031560	AGKD04429817.1	.	protein_coding		
ENSSSAG00000031563	AGKD04408426.1	.	snRNA	U1	U1 spliceosomal RNA [Source:RFAM%3BAcc:RF00003]
ENSSSAG00000031564	AGKD04461221.1	.	pseudogene		
ENSSSAG00000031571	AGKD04074899.1	.	snoRNA		
ENSSSAG00000031578	AGKD04239038.1	.	snRNA	U5	U5 spliceosomal RNA [Source:RFAM%3BAcc:RF00020]
ENSSSAG00000031587	AGKD04408441.1	.	protein_coding		H3 clustered histone 15 [Source:HGNC Symbol%3BAcc:HGNC:20505]
ENSSSAG00000031589	AGKD04074899.1	.	snoRNA	U3	Small nucleolar RNA U3 [Source:RFAM%3BAcc:RF00012]
ENSSSAG00000031590	AGKD04415764.1	.	snRNA	U1	U1 spliceosomal RNA [Source:RFAM%3BAcc:RF00003]
ENSSSAG00000031591	AGKD04285922.1	.	snoRNA		
ENSSSAG00000031595	AGKD04239055.1	.	snRNA	U1	U1 spliceosomal RNA [Source:RFAM%3BAcc:RF00003]
ENSSSAG00000031596	AGKD04393216.1	.	protein_coding		
ENSSSAG00000031598	AGKD04402770.1	.	snRNA	U4	U4 spliceosomal RNA [Source:RFAM%3BAcc:RF00015]
ENSSSAG00000031605	AGKD04074899.1	.	snoRNA	U3	Small nucleolar RNA U3 [Source:RFAM%3BAcc:RF00012]
ENSSSAG00000031610	AGKD04239103.1	.	snRNA	U1	U1 spliceosomal RNA [Source:RFAM%3BAcc:RF00003]
ENSSSAG00000031611	AGKD04402770.1	.	snRNA	U4	U4 spliceosomal RNA [Source:RFAM%3BAcc:RF00015]
ENSSSAG00000031612	AGKD04283485.1	.	protein_coding		
ENSSSAG00000031614	AGKD04302307.1	.	snoRNA		
ENSSSAG00000031615	AGKD04285922.1	.	snoRNA	U3	Small nucleolar RNA U3 [Source:RFAM%3BAcc:RF00012]
ENSSSAG00000031622	AGKD04461241.1	.	miRNA	ssa-mir-449a	ssa-mir-449a [Source:miRBase%3BAcc:MI0026702]
ENSSSAG00000031625	AGKD04299327.1	.	snRNA	U5	U5 spliceosomal RNA [Source:RFAM%3BAcc:RF00020]
ENSSSAG00000031628	AGKD04393264.1	.	snRNA	U2	U2 spliceosomal RNA [Source:RFAM%3BAcc:RF00004]
ENSSSAG00000031630	AGKD04368759.1	.	protein_coding		
ENSSSAG00000031631	AGKD04302307.1	.	snoRNA	U3	Small nucleolar RNA U3 [Source:RFAM%3BAcc:RF00012]
ENSSSAG00000031632	AGKD04415945.1	.	snRNA	U1	U1 spliceosomal RNA [Source:RFAM%3BAcc:RF00003]
ENSSSAG00000031638	AGKD04408461.1	.	pseudogene		
ENSSSAG00000031644	AGKD04365875.1	.	protein_coding		
ENSSSAG00000031647	AGKD04402906.1	.	protein_coding		
ENSSSAG00000031648	AGKD04299327.1	.	snRNA	U2	U2 spliceosomal RNA [Source:RFAM%3BAcc:RF00004]
ENSSSAG00000031660	AGKD04232319.1	.	protein_coding		
ENSSSAG00000031665	AGKD04299354.1	.	snRNA	U2	U2 spliceosomal RNA [Source:RFAM%3BAcc:RF00004]
ENSSSAG00000031677	AGKD04376143.1	.	protein_coding		
ENSSSAG00000031678	AGKD04461439.1	.	pseudogene		
ENSSSAG00000031683	AGKD04243396.1	.	protein_coding		
ENSSSAG00000031685	AGKD04393308.1	.	protein_coding		
ENSSSAG00000031687	AGKD04368807.1	.	snRNA	U1	U1 spliceosomal RNA [Source:RFAM%3BAcc:RF00003]
ENSSSAG00000031700	AGKD04074920.1	.	snRNA	U1	U1 spliceosomal RNA [Source:RFAM%3BAcc:RF00003]
ENSSSAG00000031702	AGKD04376280.1	.	protein_coding		
ENSSSAG00000031705	AGKD04420713.1	.	protein_coding		
ENSSSAG00000031706	AGKD04402926.1	.	protein_coding		
ENSSSAG00000031707	AGKD04243411.1	.	pseudogene		
ENSSSAG00000031708	AGKD04239155.1	.	protein_coding		
ENSSSAG00000031713	AGKD04033415.1	.	protein_coding	ctrb	Chymotrypsin B [Source:NCBI gene%3BAcc:100196064]
ENSSSAG00000031714	AGKD04366187.1	.	protein_coding		
ENSSSAG00000031720	AGKD04393441.1	.	snRNA	U2	U2 spliceosomal RNA [Source:RFAM%3BAcc:RF00004]
ENSSSAG00000031725	ssa20	.	miRNA	ssa-mir-9a-2	ssa-mir-9a-2 [Source:miRBase%3BAcc:MI0026770]
ENSSSAG00000031727	AGKD04340826.1	.	protein_coding		
ENSSSAG00000031729	AGKD04403082.1	.	snoRNA		
ENSSSAG00000031734	AGKD04393441.1	.	snRNA	U5	U5 spliceosomal RNA [Source:RFAM%3BAcc:RF00020]
ENSSSAG00000031743	AGKD04283756.1	.	protein_coding		
ENSSSAG00000031748	AGKD04461440.1	.	snRNA	U6	U6 spliceosomal RNA [Source:RFAM%3BAcc:RF00026]
ENSSSAG00000031751	AGKD04455426.1	.	snRNA	U1	U1 spliceosomal RNA [Source:RFAM%3BAcc:RF00003]
ENSSSAG00000031755	AGKD04299417.1	.	protein_coding		
ENSSSAG00000031756	AGKD04243452.1	.	snRNA	U1	U1 spliceosomal RNA [Source:RFAM%3BAcc:RF00003]
ENSSSAG00000031758	AGKD04239175.1	.	protein_coding		
ENSSSAG00000031765	AGKD04376362.1	.	snRNA	U1	U1 spliceosomal RNA [Source:RFAM%3BAcc:RF00003]
ENSSSAG00000031767	AGKD04420838.1	.	pseudogene		
ENSSSAG00000031768	AGKD04332625.1	.	pseudogene		
ENSSSAG00000031769	AGKD04455433.1	.	snRNA	U1	U1 spliceosomal RNA [Source:RFAM%3BAcc:RF00003]
ENSSSAG00000031779	AGKD04376492.1	.	snRNA	U5	U5 spliceosomal RNA [Source:RFAM%3BAcc:RF00020]
ENSSSAG00000031782	AGKD04283763.1	.	protein_coding		
ENSSSAG00000031783	AGKD04393681.1	.	protein_coding		
ENSSSAG00000031788	AGKD04033457.1	.	protein_coding		
ENSSSAG00000031793	AGKD04416086.1	.	snRNA	U5	U5 spliceosomal RNA [Source:RFAM%3BAcc:RF00020]
ENSSSAG00000031799	AGKD04376492.1	.	snRNA	U2	U2 spliceosomal RNA [Source:RFAM%3BAcc:RF00004]
ENSSSAG00000031803	AGKD04403278.1	.	protein_coding		
ENSSSAG00000031814	AGKD04239187.1	.	protein_coding		
ENSSSAG00000031817	AGKD04455487.1	.	snRNA	U2	U2 spliceosomal RNA [Source:RFAM%3BAcc:RF00004]
ENSSSAG00000031823	AGKD04232358.1	.	snRNA	U1	U1 spliceosomal RNA [Source:RFAM%3BAcc:RF00003]
ENSSSAG00000031828	AGKD04283786.1	.	protein_coding		
ENSSSAG00000031834	AGKD04420891.1	.	pseudogene		
ENSSSAG00000031836	AGKD04455496.1	.	snRNA	U1	U1 spliceosomal RNA [Source:RFAM%3BAcc:RF00003]
ENSSSAG00000031837	AGKD04366319.1	.	snRNA	U2	U2 spliceosomal RNA [Source:RFAM%3BAcc:RF00004]
ENSSSAG00000031841	AGKD04033487.1	.	pseudogene		
ENSSSAG00000031849	AGKD04430300.1	.	protein_coding	LURAP1L	leucine rich adaptor protein 1 like [Source:HGNC Symbol%3BAcc:HGNC:31452]
ENSSSAG00000031852	AGKD04416116.1	.	protein_coding	cldn2	claudin 2 [Source:ZFIN%3BAcc:ZDB-GENE-040912-26]
ENSSSAG00000031857	AGKD04411682.1	.	snRNA	U1	U1 spliceosomal RNA [Source:RFAM%3BAcc:RF00003]
ENSSSAG00000031863	AGKD04239196.1	.	protein_coding		
ENSSSAG00000031866	AGKD04283793.1	.	snRNA	U1	U1 spliceosomal RNA [Source:RFAM%3BAcc:RF00003]
ENSSSAG00000031874	AGKD04469878.1	.	snRNA	U2	U2 spliceosomal RNA [Source:RFAM%3BAcc:RF00004]
ENSSSAG00000031882	AGKD04411735.1	.	protein_coding		
ENSSSAG00000031884	AGKD04430361.1	.	snoRNA		
ENSSSAG00000031887	AGKD04376549.1	.	protein_coding		
ENSSSAG00000031894	AGKD04393875.1	.	protein_coding		
ENSSSAG00000031896	AGKD04455850.1	.	protein_coding		
ENSSSAG00000031899	AGKD04461554.1	.	protein_coding		
ENSSSAG00000031901	AGKD04430361.1	.	snoRNA		
ENSSSAG00000031910	AGKD04232499.1	.	snRNA	U6	U6 spliceosomal RNA [Source:RFAM%3BAcc:RF00026]
ENSSSAG00000031914	AGKD04411735.1	.	pseudogene		
ENSSSAG00000031917	AGKD04484430.1	.	protein_coding	zgc:109913	zgc:109913 [Source:NCBI gene%3BAcc:553549]
ENSSSAG00000031918	AGKD04332775.1	.	protein_coding		
ENSSSAG00000031919	AGKD04366743.1	.	snRNA	U1	U1 spliceosomal RNA [Source:RFAM%3BAcc:RF00003]
ENSSSAG00000031923	AGKD04408813.1	.	protein_coding		
ENSSSAG00000031924	AGKD04430434.1	.	protein_coding		
ENSSSAG00000031926	AGKD04232503.1	.	snoRNA		
ENSSSAG00000031927	AGKD04403641.1	.	snRNA	U1	U1 spliceosomal RNA [Source:RFAM%3BAcc:RF00003]
ENSSSAG00000031929	AGKD04075035.1	.	snoRNA	U3	Small nucleolar RNA U3 [Source:RFAM%3BAcc:RF00012]
ENSSSAG00000031932	AGKD04033494.1	.	protein_coding		
ENSSSAG00000031935	AGKD04302470.1	.	snRNA	U4	U4 spliceosomal RNA [Source:RFAM%3BAcc:RF00015]
ENSSSAG00000031937	AGKD04394098.1	.	snRNA	U5	U5 spliceosomal RNA [Source:RFAM%3BAcc:RF00020]
ENSSSAG00000031939	AGKD04461721.1	.	snRNA	U1	U1 spliceosomal RNA [Source:RFAM%3BAcc:RF00003]
ENSSSAG00000031941	AGKD04420931.1	.	snRNA	U2	U2 spliceosomal RNA [Source:RFAM%3BAcc:RF00004]
ENSSSAG00000031943	AGKD04403647.1	.	protein_coding		
ENSSSAG00000031946	AGKD04075035.1	.	snoRNA	U3	Small nucleolar RNA U3 [Source:RFAM%3BAcc:RF00012]
ENSSSAG00000031950	AGKD04035187.1	.	protein_coding	fam8a1b	protein FAM8A1-like [Source:NCBI gene%3BAcc:106597666]
ENSSSAG00000031953	AGKD04299489.1	.	snRNA	U1	U1 spliceosomal RNA [Source:RFAM%3BAcc:RF00003]
ENSSSAG00000031955	AGKD04369123.1	.	protein_coding		
ENSSSAG00000031962	AGKD04366847.1	.	protein_coding		
ENSSSAG00000031972	AGKD04349576.1	.	snRNA	U1	U1 spliceosomal RNA [Source:RFAM%3BAcc:RF00003]
ENSSSAG00000031975	AGKD04484448.1	.	snRNA	U1	U1 spliceosomal RNA [Source:RFAM%3BAcc:RF00003]
ENSSSAG00000031977	AGKD04411791.1	.	protein_coding		
ENSSSAG00000031983	AGKD04409059.1	.	snRNA	U1	U1 spliceosomal RNA [Source:RFAM%3BAcc:RF00003]
ENSSSAG00000031992	AGKD04376604.1	.	protein_coding		
ENSSSAG00000031996	AGKD04484449.1	.	ribozyme	RNaseP_nuc	Nuclear RNase P [Source:RFAM%3BAcc:RF00009]
ENSSSAG00000031997	AGKD04302507.1	.	snRNA	U6	U6 spliceosomal RNA [Source:RFAM%3BAcc:RF00026]
ENSSSAG00000031999	AGKD04462164.1	.	protein_coding		
ENSSSAG00000032007	AGKD04430643.1	.	protein_coding		
ENSSSAG00000032011	AGKD04484493.1	.	snRNA	U1	U1 spliceosomal RNA [Source:RFAM%3BAcc:RF00003]
ENSSSAG00000032019	AGKD04349617.1	.	snRNA	U5	U5 spliceosomal RNA [Source:RFAM%3BAcc:RF00020]
ENSSSAG00000032025	AGKD04033516.1	.	protein_coding		
ENSSSAG00000032029	AGKD04239316.1	.	protein_coding		
ENSSSAG00000032030	AGKD04470135.1	.	protein_coding		
ENSSSAG00000032034	AGKD04349617.1	.	snRNA	U2	U2 spliceosomal RNA [Source:RFAM%3BAcc:RF00004]
ENSSSAG00000032043	AGKD04411927.1	.	protein_coding		
ENSSSAG00000032044	AGKD04341009.1	.	snRNA	U1	U1 spliceosomal RNA [Source:RFAM%3BAcc:RF00003]
ENSSSAG00000032046	AGKD04366902.1	.	snRNA	U1	U1 spliceosomal RNA [Source:RFAM%3BAcc:RF00003]
ENSSSAG00000032050	AGKD04369205.1	.	snRNA	U1	U1 spliceosomal RNA [Source:RFAM%3BAcc:RF00003]
ENSSSAG00000032058	AGKD04409286.1	.	snoRNA	U3	Small nucleolar RNA U3 [Source:RFAM%3BAcc:RF00012]
ENSSSAG00000032064	AGKD04239353.1	.	protein_coding		
ENSSSAG00000032065	AGKD04349771.1	.	protein_coding		
ENSSSAG00000032068	AGKD04366924.1	.	snRNA	U4	U4 spliceosomal RNA [Source:RFAM%3BAcc:RF00015]
ENSSSAG00000032072	AGKD04462329.1	.	protein_coding		
ENSSSAG00000032075	AGKD04470161.1	.	protein_coding		
ENSSSAG00000032078	AGKD04409298.1	.	protein_coding		
ENSSSAG00000032086	AGKD04394472.1	.	protein_coding		
ENSSSAG00000032087	AGKD04430654.1	.	pseudogene		
ENSSSAG00000032089	AGKD04332915.1	.	pseudogene		
ENSSSAG00000032093	AGKD04239369.1	.	protein_coding		
ENSSSAG00000032097	AGKD04302666.1	.	protein_coding		
ENSSSAG00000032102	AGKD04033532.1	.	protein_coding		uncharacterized LOC106597475 [Source:NCBI gene%3BAcc:106597475]
ENSSSAG00000032104	AGKD04341176.1	.	snRNA	U6	U6 spliceosomal RNA [Source:RFAM%3BAcc:RF00026]
ENSSSAG00000032108	AGKD04299730.1	.	protein_coding		
ENSSSAG00000032109	AGKD04412075.1	.	snRNA	U1	U1 spliceosomal RNA [Source:RFAM%3BAcc:RF00003]
ENSSSAG00000032115	AGKD04394520.1	.	protein_coding		
ENSSSAG00000032124	AGKD04416310.1	.	protein_coding		
ENSSSAG00000032128	AGKD04409328.1	.	protein_coding		
ENSSSAG00000032138	AGKD04511312.1	.	protein_coding		
ENSSSAG00000032151	AGKD04409369.1	.	snRNA	U2	U2 spliceosomal RNA [Source:RFAM%3BAcc:RF00004]
ENSSSAG00000032156	AGKD04302668.1	.	protein_coding		
ENSSSAG00000032162	AGKD04511495.1	.	snRNA	U1	U1 spliceosomal RNA [Source:RFAM%3BAcc:RF00003]
ENSSSAG00000032165	AGKD04409369.1	.	snRNA	U5	U5 spliceosomal RNA [Source:RFAM%3BAcc:RF00020]
ENSSSAG00000032168	AGKD04404074.1	.	snoRNA		
ENSSSAG00000032170	AGKD04416417.1	.	snRNA	U1	U1 spliceosomal RNA [Source:RFAM%3BAcc:RF00003]
ENSSSAG00000032173	AGKD04470426.1	.	snRNA	U1	U1 spliceosomal RNA [Source:RFAM%3BAcc:RF00003]
ENSSSAG00000032176	AGKD04394541.1	.	protein_coding		
ENSSSAG00000032180	AGKD04367078.1	.	snRNA	U5	U5 spliceosomal RNA [Source:RFAM%3BAcc:RF00020]
ENSSSAG00000032184	AGKD04341298.1	.	snRNA	U1	U1 spliceosomal RNA [Source:RFAM%3BAcc:RF00003]
ENSSSAG00000032196	AGKD04456326.1	.	snRNA	U1	U1 spliceosomal RNA [Source:RFAM%3BAcc:RF00003]
ENSSSAG00000032197	AGKD04505676.1	.	snRNA	U2	U2 spliceosomal RNA [Source:RFAM%3BAcc:RF00004]
ENSSSAG00000032202	AGKD04511611.1	.	protein_coding		
ENSSSAG00000032203	AGKD04341312.1	.	snRNA	U2	U2 spliceosomal RNA [Source:RFAM%3BAcc:RF00004]
ENSSSAG00000032206	AGKD04421188.1	.	snRNA	U2	U2 spliceosomal RNA [Source:RFAM%3BAcc:RF00004]
ENSSSAG00000032214	AGKD04350119.1	.	protein_coding		
ENSSSAG00000032216	AGKD04505693.1	.	snRNA	U1	U1 spliceosomal RNA [Source:RFAM%3BAcc:RF00003]
ENSSSAG00000032223	AGKD04215952.1	.	snoRNA	SNORD31	Small nucleolar RNA SNORD31 [Source:RFAM%3BAcc:RF00089]
ENSSSAG00000032228	AGKD04439981.1	.	protein_coding		
ENSSSAG00000032230	AGKD04484972.1	.	snRNA	U1	U1 spliceosomal RNA [Source:RFAM%3BAcc:RF00003]
ENSSSAG00000032239	AGKD04416446.1	.	protein_coding		
ENSSSAG00000032241	AGKD04302744.1	.	protein_coding		
ENSSSAG00000032256	AGKD04484986.1	.	protein_coding		
ENSSSAG00000032258	AGKD04505776.1	.	protein_coding		
ENSSSAG00000032260	AGKD04394610.1	.	protein_coding		
ENSSSAG00000032262	AGKD04430829.1	.	protein_coding		
ENSSSAG00000032267	AGKD04350173.1	.	protein_coding		
ENSSSAG00000032286	AGKD04367167.1	.	protein_coding		
ENSSSAG00000032296	AGKD04505919.1	.	protein_coding		
ENSSSAG00000032313	AGKD04412361.1	.	snRNA	U1	U1 spliceosomal RNA [Source:RFAM%3BAcc:RF00003]
ENSSSAG00000032323	AGKD04430835.1	.	snRNA	U5	U5 spliceosomal RNA [Source:RFAM%3BAcc:RF00020]
ENSSSAG00000032325	AGKD04302814.1	.	snRNA	U2	U2 spliceosomal RNA [Source:RFAM%3BAcc:RF00004]
ENSSSAG00000032326	AGKD04416777.1	.	snRNA	U1	U1 spliceosomal RNA [Source:RFAM%3BAcc:RF00003]
ENSSSAG00000032330	AGKD04394621.1	.	protein_coding		
ENSSSAG00000032336	AGKD04299847.1	.	snRNA	U1	U1 spliceosomal RNA [Source:RFAM%3BAcc:RF00003]
ENSSSAG00000032337	AGKD04341370.1	.	protein_coding		
ENSSSAG00000032341	AGKD04421264.1	.	snRNA	U1	U1 spliceosomal RNA [Source:RFAM%3BAcc:RF00003]
ENSSSAG00000032342	AGKD04302814.1	.	snRNA	U5	U5 spliceosomal RNA [Source:RFAM%3BAcc:RF00020]
ENSSSAG00000032349	AGKD04024407.1	.	protein_coding	pax4	paired box 4 [Source:ZFIN%3BAcc:ZDB-GENE-041210-244]
ENSSSAG00000032355	AGKD04369609.1	.	snRNA	U1	U1 spliceosomal RNA [Source:RFAM%3BAcc:RF00003]
ENSSSAG00000032362	AGKD04462844.1	.	snRNA	U5	U5 spliceosomal RNA [Source:RFAM%3BAcc:RF00020]
ENSSSAG00000032363	AGKD04239479.1	.	protein_coding		
ENSSSAG00000032372	AGKD04505993.1	.	protein_coding		
ENSSSAG00000032377	AGKD04302859.1	.	protein_coding		
ENSSSAG00000032380	AGKD04485055.1	.	protein_coding		
ENSSSAG00000032383	AGKD04341484.1	.	snoRNA		
ENSSSAG00000032394	AGKD04239684.1	.	protein_coding		
ENSSSAG00000032397	AGKD04412394.1	.	snRNA	U6	U6 spliceosomal RNA [Source:RFAM%3BAcc:RF00026]
ENSSSAG00000032399	AGKD04421437.1	.	snRNA	U1	U1 spliceosomal RNA [Source:RFAM%3BAcc:RF00003]
ENSSSAG00000032402	AGKD04341484.1	.	snoRNA	U3	Small nucleolar RNA U3 [Source:RFAM%3BAcc:RF00012]
ENSSSAG00000032416	AGKD04421446.1	.	protein_coding		
ENSSSAG00000032419	AGKD04412419.1	.	protein_coding		
ENSSSAG00000032430	AGKD04409734.1	.	snRNA	U1	U1 spliceosomal RNA [Source:RFAM%3BAcc:RF00003]
ENSSSAG00000032431	AGKD04430958.1	.	snRNA	U1	U1 spliceosomal RNA [Source:RFAM%3BAcc:RF00003]
ENSSSAG00000032444	AGKD04409814.1	.	snRNA	U1	U1 spliceosomal RNA [Source:RFAM%3BAcc:RF00003]
ENSSSAG00000032445	AGKD04512262.1	.	protein_coding		
ENSSSAG00000032450	AGKD04471138.1	.	protein_coding		
ENSSSAG00000032456	AGKD04485210.1	.	protein_coding		
ENSSSAG00000032459	AGKD04506035.1	.	snRNA	U5	U5 spliceosomal RNA [Source:RFAM%3BAcc:RF00020]
ENSSSAG00000032460	AGKD04409966.1	.	snRNA	U6	U6 spliceosomal RNA [Source:RFAM%3BAcc:RF00026]
ENSSSAG00000032467	AGKD04239714.1	.	protein_coding		
ENSSSAG00000032471	AGKD04512278.1	.	snoRNA		
ENSSSAG00000032479	AGKD04300037.1	.	protein_coding		
ENSSSAG00000032481	AGKD04369748.1	.	snRNA	U2	U2 spliceosomal RNA [Source:RFAM%3BAcc:RF00004]
ENSSSAG00000032482	AGKD04216370.1	.	protein_coding		
ENSSSAG00000032485	AGKD04512278.1	.	snoRNA		
ENSSSAG00000032491	AGKD04463298.1	.	snRNA	U1	U1 spliceosomal RNA [Source:RFAM%3BAcc:RF00003]
ENSSSAG00000032494	AGKD04431007.1	.	protein_coding		
ENSSSAG00000032495	AGKD04512278.1	.	snoRNA		
ENSSSAG00000032498	ssa05	.	lncRNA		
ENSSSAG00000032502	AGKD04369891.1	.	protein_coding		
ENSSSAG00000032503	AGKD04463316.1	.	snRNA	U2	U2 spliceosomal RNA [Source:RFAM%3BAcc:RF00004]
ENSSSAG00000032507	AGKD04410091.1	.	protein_coding		
ENSSSAG00000032508	AGKD04485296.1	.	snRNA	U1	U1 spliceosomal RNA [Source:RFAM%3BAcc:RF00003]
ENSSSAG00000032509	AGKD04456619.1	.	snRNA	U2	U2 spliceosomal RNA [Source:RFAM%3BAcc:RF00004]
ENSSSAG00000032514	AGKD04416928.1	.	snRNA	U1	U1 spliceosomal RNA [Source:RFAM%3BAcc:RF00003]
ENSSSAG00000032515	AGKD04412491.1	.	protein_coding	rasd4	rasd family member 4 [Source:ZFIN%3BAcc:ZDB-GENE-050506-133]
ENSSSAG00000032518	AGKD04463399.1	.	snRNA	U2	U2 spliceosomal RNA [Source:RFAM%3BAcc:RF00004]
ENSSSAG00000032520	AGKD04440366.1	.	protein_coding		
ENSSSAG00000032522	AGKD04367449.1	.	pseudogene		
ENSSSAG00000032527	AGKD04033617.1	.	protein_coding	esrp2	epithelial splicing regulatory protein 2-like [Source:NCBI gene%3BAcc:106597484]
ENSSSAG00000032528	AGKD04239731.1	.	protein_coding		
ENSSSAG00000032538	AGKD04410240.1	.	protein_coding		
ENSSSAG00000032544	AGKD04394837.1	.	protein_coding		
ENSSSAG00000032545	AGKD04412540.1	.	snRNA	U2	U2 spliceosomal RNA [Source:RFAM%3BAcc:RF00004]
ENSSSAG00000032549	AGKD04421686.1	.	protein_coding		
ENSSSAG00000032550	AGKD04512329.1	.	snRNA	U5	U5 spliceosomal RNA [Source:RFAM%3BAcc:RF00020]
ENSSSAG00000032556	AGKD04410275.1	.	snRNA	U1	U1 spliceosomal RNA [Source:RFAM%3BAcc:RF00003]
ENSSSAG00000032557	AGKD04300081.1	.	snRNA	U1	U1 spliceosomal RNA [Source:RFAM%3BAcc:RF00003]
ENSSSAG00000032558	AGKD04412540.1	.	snRNA	U5	U5 spliceosomal RNA [Source:RFAM%3BAcc:RF00020]
ENSSSAG00000032562	AGKD04463470.1	.	protein_coding		
ENSSSAG00000032565	AGKD04471153.1	.	protein_coding		
ENSSSAG00000032568	AGKD04367471.1	.	protein_coding		
ENSSSAG00000032573	AGKD04421915.1	.	snRNA	U1	U1 spliceosomal RNA [Source:RFAM%3BAcc:RF00003]
ENSSSAG00000032575	AGKD04440618.1	.	snRNA	U6	U6 spliceosomal RNA [Source:RFAM%3BAcc:RF00026]
ENSSSAG00000032578	AGKD04410298.1	.	snRNA	U1	U1 spliceosomal RNA [Source:RFAM%3BAcc:RF00003]
ENSSSAG00000032580	AGKD04143486.1	.	protein_coding		
ENSSSAG00000032582	AGKD04300108.1	.	snRNA	U1	U1 spliceosomal RNA [Source:RFAM%3BAcc:RF00003]
ENSSSAG00000032583	AGKD04506590.1	.	snRNA	U1	U1 spliceosomal RNA [Source:RFAM%3BAcc:RF00003]
ENSSSAG00000032585	AGKD04394904.1	.	protein_coding		
ENSSSAG00000032597	ssa10	.	miRNA	ssa-mir-140	ssa-mir-140 [Source:miRBase%3BAcc:MI0026499]
ENSSSAG00000032601	AGKD04410300.1	.	protein_coding		
ENSSSAG00000032602	AGKD04512910.1	.	pseudogene		
ENSSSAG00000032603	AGKD04417006.1	.	snRNA	U2	U2 spliceosomal RNA [Source:RFAM%3BAcc:RF00004]
ENSSSAG00000032611	AGKD04431176.1	.	snoRNA	U3	Small nucleolar RNA U3 [Source:RFAM%3BAcc:RF00012]
ENSSSAG00000032617	AGKD04471259.1	.	snRNA	U5	U5 spliceosomal RNA [Source:RFAM%3BAcc:RF00020]
ENSSSAG00000032618	AGKD04485891.1	.	pseudogene		
ENSSSAG00000032619	AGKD04239798.1	.	protein_coding		
ENSSSAG00000032621	AGKD04456933.1	.	protein_coding		
ENSSSAG00000032623	AGKD04216415.1	.	snoRNA		
ENSSSAG00000032627	AGKD04412580.1	.	snRNA	U2	U2 spliceosomal RNA [Source:RFAM%3BAcc:RF00004]
ENSSSAG00000032630	AGKD04431615.1	.	protein_coding		
ENSSSAG00000032631	AGKD04506841.1	.	protein_coding		
ENSSSAG00000032632	AGKD04024414.1	.	lncRNA		
ENSSSAG00000032637	AGKD04410310.1	.	protein_coding		
ENSSSAG00000032640	AGKD04216415.1	.	snoRNA		
ENSSSAG00000032644	AGKD04456990.1	.	protein_coding		
ENSSSAG00000032646	AGKD04239819.1	.	protein_coding		
ENSSSAG00000032658	AGKD04024414.1	.	protein_coding		receptor-type tyrosine-protein phosphatase O-like [Source:NCBI gene%3BAcc:106595737]
ENSSSAG00000032661	AGKD04216415.1	.	snoRNA		
ENSSSAG00000032662	AGKD04431628.1	.	protein_coding		
ENSSSAG00000032667	AGKD04395165.1	.	protein_coding		
ENSSSAG00000032669	AGKD04216415.1	.	snoRNA		
ENSSSAG00000032677	AGKD04506942.1	.	protein_coding		
ENSSSAG00000032678	AGKD04431648.1	.	snRNA	U6	U6 spliceosomal RNA [Source:RFAM%3BAcc:RF00026]
ENSSSAG00000032679	AGKD04440738.1	.	protein_coding		
ENSSSAG00000032686	AGKD04512969.1	.	snRNA	U1	U1 spliceosomal RNA [Source:RFAM%3BAcc:RF00003]
ENSSSAG00000032687	AGKD04412721.1	.	protein_coding		
ENSSSAG00000032693	AGKD04431675.1	.	snRNA	U1	U1 spliceosomal RNA [Source:RFAM%3BAcc:RF00003]
ENSSSAG00000032695	AGKD04485980.1	.	snRNA	U1	U1 spliceosomal RNA [Source:RFAM%3BAcc:RF00003]
ENSSSAG00000032698	AGKD04350740.1	.	snRNA	U1	U1 spliceosomal RNA [Source:RFAM%3BAcc:RF00003]
ENSSSAG00000032699	AGKD04024421.1	.	protein_coding	ch076	CH076 protein [Source:NCBI gene%3BAcc:100196444]
ENSSSAG00000032717	AGKD04513222.1	.	snRNA	U2	U2 spliceosomal RNA [Source:RFAM%3BAcc:RF00004]
ENSSSAG00000032721	AGKD04350778.1	.	protein_coding		
ENSSSAG00000032722	AGKD04431713.1	.	protein_coding	ptges3a	prostaglandin E synthase 3a (cytosolic) [Source:ZFIN%3BAcc:ZDB-GENE-040426-2200]
ENSSSAG00000032727	AGKD04239894.1	.	snRNA	U1	U1 spliceosomal RNA [Source:RFAM%3BAcc:RF00003]
ENSSSAG00000032728	AGKD04410411.1	.	protein_coding		
ENSSSAG00000032730	AGKD04513274.1	.	snoRNA		
ENSSSAG00000032733	AGKD04463666.1	.	pseudogene		
ENSSSAG00000032740	AGKD04089125.1	.	protein_coding		
ENSSSAG00000032744	AGKD04513274.1	.	snoRNA	U3	Small nucleolar RNA U3 [Source:RFAM%3BAcc:RF00012]
ENSSSAG00000032745	AGKD04412804.1	.	snoRNA	U3	Small nucleolar RNA U3 [Source:RFAM%3BAcc:RF00012]
ENSSSAG00000032747	AGKD04216464.1	.	protein_coding		
ENSSSAG00000032750	AGKD04239961.1	.	protein_coding		
ENSSSAG00000032769	AGKD04513497.1	.	protein_coding		
ENSSSAG00000032785	AGKD04431770.1	.	snRNA	U4	U4 spliceosomal RNA [Source:RFAM%3BAcc:RF00015]
ENSSSAG00000032788	AGKD04463781.1	.	protein_coding		
ENSSSAG00000032789	AGKD04313110.1	.	snRNA	U1	U1 spliceosomal RNA [Source:RFAM%3BAcc:RF00003]
ENSSSAG00000032795	AGKD04089125.1	.	protein_coding		
ENSSSAG00000032798	AGKD04507315.1	.	snoRNA	SNORD36	Small nucleolar RNA SNORD36 [Source:RFAM%3BAcc:RF00049]
ENSSSAG00000032800	AGKD04410500.1	.	snRNA	U4	U4 spliceosomal RNA [Source:RFAM%3BAcc:RF00015]
ENSSSAG00000032802	AGKD04422413.1	.	protein_coding		
ENSSSAG00000032803	AGKD04417048.1	.	protein_coding		
ENSSSAG00000032806	AGKD04395546.1	.	protein_coding		
ENSSSAG00000032807	AGKD04313157.1	.	snoRNA		
ENSSSAG00000032812	AGKD04463781.1	.	pseudogene		
ENSSSAG00000032816	AGKD04572358.1	.	protein_coding		
ENSSSAG00000032822	AGKD04313157.1	.	snoRNA	U3	Small nucleolar RNA U3 [Source:RFAM%3BAcc:RF00012]
ENSSSAG00000032824	AGKD04412884.1	.	protein_coding		
ENSSSAG00000032827	AGKD04486397.1	.	snRNA	U2	U2 spliceosomal RNA [Source:RFAM%3BAcc:RF00004]
ENSSSAG00000032829	AGKD04513691.1	.	protein_coding		
ENSSSAG00000032832	AGKD04089160.1	.	protein_coding		
ENSSSAG00000032835	AGKD04417054.1	.	protein_coding		
ENSSSAG00000032837	AGKD04240059.1	.	snRNA	U1	U1 spliceosomal RNA [Source:RFAM%3BAcc:RF00003]
ENSSSAG00000032838	AGKD04024455.1	.	protein_coding		piggyBac transposable element-derived protein 4-like [Source:NCBI gene%3BAcc:106595747]
ENSSSAG00000032840	AGKD04313265.1	.	pseudogene		
ENSSSAG00000032847	AGKD04507373.1	.	snRNA	U2	U2 spliceosomal RNA [Source:RFAM%3BAcc:RF00004]
ENSSSAG00000032848	AGKD04486424.1	.	snRNA	U1	U1 spliceosomal RNA [Source:RFAM%3BAcc:RF00003]
ENSSSAG00000032849	AGKD04033624.1	.	snoRNA		
ENSSSAG00000032850	AGKD04412991.1	.	pseudogene		
ENSSSAG00000032851	AGKD04350974.1	.	protein_coding		
ENSSSAG00000032852	AGKD04410543.1	.	protein_coding	csrp3	cysteine and glycine-rich protein 3 (cardiac LIM protein) [Source:ZFIN%3BAcc:ZDB-GENE-041010-119]
ENSSSAG00000032860	AGKD04507373.1	.	snRNA	U5	U5 spliceosomal RNA [Source:RFAM%3BAcc:RF00020]
ENSSSAG00000032866	AGKD04240076.1	.	protein_coding		
ENSSSAG00000032867	AGKD04033624.1	.	snoRNA		
ENSSSAG00000032868	AGKD04486464.1	.	protein_coding		
ENSSSAG00000032870	AGKD04089178.1	.	protein_coding		
ENSSSAG00000032882	AGKD04033624.1	.	snoRNA		
ENSSSAG00000032883	AGKD04422476.1	.	snRNA	U5	U5 spliceosomal RNA [Source:RFAM%3BAcc:RF00020]
ENSSSAG00000032888	AGKD04216719.1	.	snRNA	U1	U1 spliceosomal RNA [Source:RFAM%3BAcc:RF00003]
ENSSSAG00000032896	AGKD04422476.1	.	snRNA	U2	U2 spliceosomal RNA [Source:RFAM%3BAcc:RF00004]
ENSSSAG00000032897	AGKD04441155.1	.	protein_coding		
ENSSSAG00000032900	AGKD04075281.1	.	protein_coding		
ENSSSAG00000032901	AGKD04033624.1	.	snoRNA		
ENSSSAG00000032905	AGKD04412998.1	.	protein_coding		
ENSSSAG00000032911	AGKD04422544.1	.	snRNA	U1	U1 spliceosomal RNA [Source:RFAM%3BAcc:RF00003]
ENSSSAG00000032913	AGKD04572558.1	.	snRNA	U5	U5 spliceosomal RNA [Source:RFAM%3BAcc:RF00020]
ENSSSAG00000032915	AGKD04417110.1	.	protein_coding		
ENSSSAG00000032918	AGKD04143731.1	.	protein_coding		
ENSSSAG00000032919	AGKD04033644.1	.	misc_RNA	Metazoa_SRP	Metazoan signal recognition particle RNA [Source:RFAM%3BAcc:RF00017]
ENSSSAG00000032927	AGKD04313494.1	.	snRNA	U6	U6 spliceosomal RNA [Source:RFAM%3BAcc:RF00026]
ENSSSAG00000032935	AGKD04413037.1	.	protein_coding		
ENSSSAG00000032952	AGKD04395758.1	.	protein_coding		
ENSSSAG00000032954	AGKD04572653.1	.	protein_coding		
ENSSSAG00000032960	AGKD04216770.1	.	protein_coding		
ENSSSAG00000032966	AGKD04513943.1	.	snRNA	U1	U1 spliceosomal RNA [Source:RFAM%3BAcc:RF00003]
ENSSSAG00000032970	AGKD04625083.1	.	snRNA	U5	U5 spliceosomal RNA [Source:RFAM%3BAcc:RF00020]
ENSSSAG00000032972	AGKD04471911.1	.	snRNA	U1	U1 spliceosomal RNA [Source:RFAM%3BAcc:RF00003]
ENSSSAG00000032978	AGKD04457794.1	.	snRNA	U5	U5 spliceosomal RNA [Source:RFAM%3BAcc:RF00020]
ENSSSAG00000032979	AGKD04464145.1	.	protein_coding		
ENSSSAG00000032993	AGKD04471995.1	.	snoRNA	U3	Small nucleolar RNA U3 [Source:RFAM%3BAcc:RF00012]
ENSSSAG00000032995	AGKD04351086.1	.	pseudogene		
ENSSSAG00000033000	AGKD04514250.1	.	snRNA	U1	U1 spliceosomal RNA [Source:RFAM%3BAcc:RF00003]
ENSSSAG00000033007	AGKD04472059.1	.	pseudogene		
ENSSSAG00000033020	AGKD04486694.1	.	protein_coding		
ENSSSAG00000033024	AGKD04464272.1	.	protein_coding		
ENSSSAG00000033026	AGKD04514377.1	.	snRNA	U1	U1 spliceosomal RNA [Source:RFAM%3BAcc:RF00003]
ENSSSAG00000033029	AGKD04058837.1	.	protein_coding		
ENSSSAG00000033030	AGKD04313647.1	.	snRNA	U1	U1 spliceosomal RNA [Source:RFAM%3BAcc:RF00003]
ENSSSAG00000033036	AGKD04024459.1	.	misc_RNA	Metazoa_SRP	Metazoan signal recognition particle RNA [Source:RFAM%3BAcc:RF00017]
ENSSSAG00000033039	AGKD04458060.1	.	miRNA	ssa-mir-128-2	ssa-mir-128-2 [Source:miRBase%3BAcc:MI0026462]
ENSSSAG00000033045	AGKD04216811.1	.	protein_coding		
ENSSSAG00000033049	AGKD04486759.1	.	snRNA	U2	U2 spliceosomal RNA [Source:RFAM%3BAcc:RF00004]
ENSSSAG00000033052	AGKD04625288.1	.	protein_coding		
ENSSSAG00000033053	AGKD04024459.1	.	misc_RNA	Metazoa_SRP	Metazoan signal recognition particle RNA [Source:RFAM%3BAcc:RF00017]
ENSSSAG00000033054	AGKD04464368.1	.	protein_coding		
ENSSSAG00000033064	AGKD04486778.1	.	snRNA	U1	U1 spliceosomal RNA [Source:RFAM%3BAcc:RF00003]
ENSSSAG00000033065	AGKD04458141.1	.	snRNA	U1	U1 spliceosomal RNA [Source:RFAM%3BAcc:RF00003]
ENSSSAG00000033066	AGKD04472063.1	.	protein_coding		
ENSSSAG00000033068	AGKD04024459.1	.	misc_RNA	Metazoa_SRP	Metazoan signal recognition particle RNA [Source:RFAM%3BAcc:RF00017]
ENSSSAG00000033070	AGKD04413187.1	.	snRNA	U2	U2 spliceosomal RNA [Source:RFAM%3BAcc:RF00004]
ENSSSAG00000033077	AGKD04313755.1	.	ribozyme	RNaseP_nuc	Nuclear RNase P [Source:RFAM%3BAcc:RF00009]
ENSSSAG00000033079	AGKD04422864.1	.	snoRNA	SNORD31	Small nucleolar RNA SNORD31 [Source:RFAM%3BAcc:RF00089]
ENSSSAG00000033081	AGKD04625426.1	.	snRNA	U6	U6 spliceosomal RNA [Source:RFAM%3BAcc:RF00026]
ENSSSAG00000033087	AGKD04024459.1	.	misc_RNA	Metazoa_SRP	Metazoan signal recognition particle RNA [Source:RFAM%3BAcc:RF00017]
ENSSSAG00000033089	AGKD04486805.1	.	protein_coding		
ENSSSAG00000033097	AGKD04089235.1	.	pseudogene		
ENSSSAG00000033098	AGKD04783712.1	.	protein_coding		
ENSSSAG00000033101	AGKD04422930.1	.	protein_coding		
ENSSSAG00000033102	AGKD04108849.1	.	pseudogene		
ENSSSAG00000033109	AGKD04075338.1	.	snRNA	U4	U4 spliceosomal RNA [Source:RFAM%3BAcc:RF00015]
ENSSSAG00000033116	AGKD04313783.1	.	protein_coding		
ENSSSAG00000033119	AGKD04441676.1	.	protein_coding		
ENSSSAG00000033120	AGKD04351231.1	.	protein_coding		
ENSSSAG00000033121	AGKD04464447.1	.	pseudogene		
ENSSSAG00000033126	AGKD04075338.1	.	snRNA	U4	U4 spliceosomal RNA [Source:RFAM%3BAcc:RF00015]
ENSSSAG00000033134	AGKD04458165.1	.	protein_coding		
ENSSSAG00000033138	AGKD04075338.1	.	snRNA	U4	U4 spliceosomal RNA [Source:RFAM%3BAcc:RF00015]
ENSSSAG00000033143	AGKD04783810.1	.	snRNA	U5	U5 spliceosomal RNA [Source:RFAM%3BAcc:RF00020]
ENSSSAG00000033145	AGKD04508343.1	.	snRNA	U2	U2 spliceosomal RNA [Source:RFAM%3BAcc:RF00004]
ENSSSAG00000033156	AGKD04464637.1	.	protein_coding		
ENSSSAG00000033162	AGKD04417376.1	.	protein_coding		
ENSSSAG00000033163	AGKD04573127.1	.	protein_coding		
ENSSSAG00000033175	AGKD04351265.1	.	snRNA	U1	U1 spliceosomal RNA [Source:RFAM%3BAcc:RF00003]
ENSSSAG00000033179	AGKD04255428.1	.	snRNA	U1	U1 spliceosomal RNA [Source:RFAM%3BAcc:RF00003]
ENSSSAG00000033183	AGKD04625736.1	.	pseudogene		
ENSSSAG00000033192	AGKD04784181.1	.	snRNA	U2	U2 spliceosomal RNA [Source:RFAM%3BAcc:RF00004]
ENSSSAG00000033196	AGKD04508635.1	.	snRNA	U2	U2 spliceosomal RNA [Source:RFAM%3BAcc:RF00004]
ENSSSAG00000033198	AGKD04413361.1	.	snRNA	U1	U1 spliceosomal RNA [Source:RFAM%3BAcc:RF00003]
ENSSSAG00000033213	AGKD04033668.1	.	snRNA	U1	U1 spliceosomal RNA [Source:RFAM%3BAcc:RF00003]
ENSSSAG00000033214	ssa13	.	miRNA	ssa-mir-219a-1	ssa-mir-219a-1 [Source:miRBase%3BAcc:MI0026620]
ENSSSAG00000033221	AGKD04784317.1	.	snRNA	U2	U2 spliceosomal RNA [Source:RFAM%3BAcc:RF00004]
ENSSSAG00000033227	AGKD04508711.1	.	snRNA	U1	U1 spliceosomal RNA [Source:RFAM%3BAcc:RF00003]
ENSSSAG00000033228	AGKD04486964.1	.	protein_coding		
ENSSSAG00000033239	AGKD04464932.1	.	snRNA	U4	U4 spliceosomal RNA [Source:RFAM%3BAcc:RF00015]
ENSSSAG00000033242	AGKD04033668.1	.	snRNA	U1	U1 spliceosomal RNA [Source:RFAM%3BAcc:RF00003]
ENSSSAG00000033245	AGKD04351386.1	.	protein_coding		
ENSSSAG00000033251	AGKD04514600.1	.	snRNA	U2	U2 spliceosomal RNA [Source:RFAM%3BAcc:RF00004]
ENSSSAG00000033252	AGKD04625788.1	.	snRNA	U5	U5 spliceosomal RNA [Source:RFAM%3BAcc:RF00020]
ENSSSAG00000033258	AGKD04611993.1	.	protein_coding		
ENSSSAG00000033266	AGKD04033668.1	.	snRNA	U1	U1 spliceosomal RNA [Source:RFAM%3BAcc:RF00003]
ENSSSAG00000033270	ssa17	.	lncRNA		
ENSSSAG00000033273	AGKD04514600.1	.	snRNA	U5	U5 spliceosomal RNA [Source:RFAM%3BAcc:RF00020]
ENSSSAG00000033274	AGKD04573526.1	.	snoRNA	U3	Small nucleolar RNA U3 [Source:RFAM%3BAcc:RF00012]
ENSSSAG00000033275	AGKD04313843.1	.	protein_coding		
ENSSSAG00000033276	AGKD04413443.1	.	snRNA	U4	U4 spliceosomal RNA [Source:RFAM%3BAcc:RF00015]
ENSSSAG00000033284	AGKD04508825.1	.	pseudogene		
ENSSSAG00000033289	ssa17	.	miRNA	ssa-mir-129-3	ssa-mir-129-3 [Source:miRBase%3BAcc:MI0026467]
ENSSSAG00000033290	AGKD04351392.1	.	snRNA	U6	U6 spliceosomal RNA [Source:RFAM%3BAcc:RF00026]
ENSSSAG00000033306	AGKD04458437.1	.	snRNA	U1	U1 spliceosomal RNA [Source:RFAM%3BAcc:RF00003]
ENSSSAG00000033309	AGKD04625809.1	.	protein_coding		
ENSSSAG00000033314	AGKD04784585.1	.	snoRNA	U3	Small nucleolar RNA U3 [Source:RFAM%3BAcc:RF00012]
ENSSSAG00000033328	AGKD04441740.1	.	snRNA	U1	U1 spliceosomal RNA [Source:RFAM%3BAcc:RF00003]
ENSSSAG00000033334	AGKD04784620.1	.	snRNA	U1	U1 spliceosomal RNA [Source:RFAM%3BAcc:RF00003]
ENSSSAG00000033336	AGKD04075411.1	.	protein_coding		
ENSSSAG00000033337	AGKD04458462.1	.	snRNA	U1	U1 spliceosomal RNA [Source:RFAM%3BAcc:RF00003]
ENSSSAG00000033343	AGKD04599462.1	.	snRNA	U1	U1 spliceosomal RNA [Source:RFAM%3BAcc:RF00003]
ENSSSAG00000033345	AGKD04351545.1	.	pseudogene		
ENSSSAG00000033346	AGKD04417442.1	.	snRNA	U4	U4 spliceosomal RNA [Source:RFAM%3BAcc:RF00015]
ENSSSAG00000033348	AGKD04144219.1	.	snRNA	U6	U6 spliceosomal RNA [Source:RFAM%3BAcc:RF00026]
ENSSSAG00000033351	AGKD04586668.1	.	snRNA	U1	U1 spliceosomal RNA [Source:RFAM%3BAcc:RF00003]
ENSSSAG00000033355	AGKD04784953.1	.	snRNA	U5	U5 spliceosomal RNA [Source:RFAM%3BAcc:RF00020]
ENSSSAG00000033364	AGKD04514792.1	.	snRNA	U5	U5 spliceosomal RNA [Source:RFAM%3BAcc:RF00020]
ENSSSAG00000033370	AGKD04441743.1	.	protein_coding		
ENSSSAG00000033373	AGKD04785041.1	.	snRNA	U6	U6 spliceosomal RNA [Source:RFAM%3BAcc:RF00026]
ENSSSAG00000033387	AGKD04313867.1	.	snRNA	U2	U2 spliceosomal RNA [Source:RFAM%3BAcc:RF00004]
ENSSSAG00000033388	AGKD04785086.1	.	snRNA	U2	U2 spliceosomal RNA [Source:RFAM%3BAcc:RF00004]
ENSSSAG00000033391	AGKD04625912.1	.	protein_coding		
ENSSSAG00000033401	AGKD04115694.1	.	snRNA	U1	U1 spliceosomal RNA [Source:RFAM%3BAcc:RF00003]
ENSSSAG00000033403	AGKD04472572.1	.	snoRNA		
ENSSSAG00000033406	AGKD04691496.1	.	snRNA	U4	U4 spliceosomal RNA [Source:RFAM%3BAcc:RF00015]
ENSSSAG00000033408	AGKD04508836.1	.	protein_coding		
ENSSSAG00000033411	AGKD04785086.1	.	snRNA	U5	U5 spliceosomal RNA [Source:RFAM%3BAcc:RF00020]
ENSSSAG00000033417	AGKD04256035.1	.	protein_coding		
ENSSSAG00000033419	AGKD04410892.1	.	snoRNA		
ENSSSAG00000033420	AGKD04458861.1	.	snoRNA	U3	Small nucleolar RNA U3 [Source:RFAM%3BAcc:RF00012]
ENSSSAG00000033424	AGKD04487057.1	.	protein_coding		
ENSSSAG00000033425	AGKD04472572.1	.	snoRNA		
ENSSSAG00000033429	AGKD04351580.1	.	protein_coding		
ENSSSAG00000033437	AGKD04514976.1	.	snRNA	U5	U5 spliceosomal RNA [Source:RFAM%3BAcc:RF00020]
ENSSSAG00000033440	AGKD04108913.1	.	protein_coding		
ENSSSAG00000033441	AGKD04472572.1	.	snoRNA		
ENSSSAG00000033447	AGKD04410892.1	.	snoRNA	U3	Small nucleolar RNA U3 [Source:RFAM%3BAcc:RF00012]
ENSSSAG00000033456	AGKD04441825.1	.	protein_coding		
ENSSSAG00000033457	AGKD04313999.1	.	protein_coding		
ENSSSAG00000033461	AGKD04573731.1	.	protein_coding		
ENSSSAG00000033462	AGKD04256089.1	.	protein_coding		
ENSSSAG00000033467	AGKD04612237.1	.	protein_coding		
ENSSSAG00000033475	AGKD04410898.1	.	snRNA	U1	U1 spliceosomal RNA [Source:RFAM%3BAcc:RF00003]
ENSSSAG00000033495	AGKD04691909.1	.	protein_coding		
ENSSSAG00000033500	AGKD04487236.1	.	protein_coding		
ENSSSAG00000033503	AGKD04472660.1	.	snRNA	U2	U2 spliceosomal RNA [Source:RFAM%3BAcc:RF00004]
ENSSSAG00000033513	AGKD04458991.1	.	snRNA	U2	U2 spliceosomal RNA [Source:RFAM%3BAcc:RF00004]
ENSSSAG00000033516	AGKD04785180.1	.	protein_coding		
ENSSSAG00000033518	AGKD04472726.1	.	snRNA	U4	U4 spliceosomal RNA [Source:RFAM%3BAcc:RF00015]
ENSSSAG00000033521	AGKD04256109.1	.	protein_coding		
ENSSSAG00000033524	AGKD04692181.1	.	snoRNA		
ENSSSAG00000033527	AGKD04413666.1	.	protein_coding		
ENSSSAG00000033528	AGKD04417945.1	.	snRNA	U4	U4 spliceosomal RNA [Source:RFAM%3BAcc:RF00015]
ENSSSAG00000033531	AGKD04158711.1	.	protein_coding		
ENSSSAG00000033532	AGKD04600212.1	.	protein_coding		
ENSSSAG00000033535	AGKD04314005.1	.	protein_coding		
ENSSSAG00000033536	AGKD04472762.1	.	snRNA	U1	U1 spliceosomal RNA [Source:RFAM%3BAcc:RF00003]
ENSSSAG00000033538	AGKD04692181.1	.	snoRNA		
ENSSSAG00000033547	AGKD04586978.1	.	snRNA	U1	U1 spliceosomal RNA [Source:RFAM%3BAcc:RF00003]
ENSSSAG00000033551	AGKD04573861.1	.	snRNA	U6	U6 spliceosomal RNA [Source:RFAM%3BAcc:RF00026]
ENSSSAG00000033552	AGKD04411194.1	.	protein_coding		
ENSSSAG00000033553	AGKD04692289.1	.	snRNA	U5	U5 spliceosomal RNA [Source:RFAM%3BAcc:RF00020]
ENSSSAG00000033554	AGKD04472764.1	.	pseudogene		
ENSSSAG00000033569	AGKD04158711.1	.	protein_coding		
ENSSSAG00000033573	AGKD04692496.1	.	pseudogene		
ENSSSAG00000033576	AGKD04033680.1	.	lncRNA		
ENSSSAG00000033588	AGKD04314073.1	.	protein_coding		
ENSSSAG00000033596	AGKD04612939.1	.	misc_RNA	Metazoa_SRP	Metazoan signal recognition particle RNA [Source:RFAM%3BAcc:RF00017]
ENSSSAG00000033603	AGKD04441963.1	.	protein_coding		
ENSSSAG00000033604	AGKD04509614.1	.	snRNA	U1	U1 spliceosomal RNA [Source:RFAM%3BAcc:RF00003]
ENSSSAG00000033606	AGKD04515176.1	.	snRNA	U6	U6 spliceosomal RNA [Source:RFAM%3BAcc:RF00026]
ENSSSAG00000033608	AGKD04785627.1	.	snRNA	U5	U5 spliceosomal RNA [Source:RFAM%3BAcc:RF00020]
ENSSSAG00000033611	AGKD04370132.1	.	snRNA	U4	U4 spliceosomal RNA [Source:RFAM%3BAcc:RF00015]
ENSSSAG00000033616	AGKD04459175.1	.	snRNA	U1	U1 spliceosomal RNA [Source:RFAM%3BAcc:RF00003]
ENSSSAG00000033618	AGKD04033680.1	.	protein_coding		
ENSSSAG00000033620	AGKD04411205.1	.	snRNA	U5	U5 spliceosomal RNA [Source:RFAM%3BAcc:RF00020]
ENSSSAG00000033630	AGKD04472803.1	.	protein_coding		
ENSSSAG00000033632	AGKD04351837.1	.	snRNA	U1	U1 spliceosomal RNA [Source:RFAM%3BAcc:RF00003]
ENSSSAG00000033638	AGKD04418247.1	.	protein_coding		
ENSSSAG00000033645	AGKD04217078.1	.	protein_coding		
ENSSSAG00000033651	AGKD04613066.1	.	snRNA	U1	U1 spliceosomal RNA [Source:RFAM%3BAcc:RF00003]
ENSSSAG00000033669	AGKD04024527.1	.	snRNA	U2	U2 spliceosomal RNA [Source:RFAM%3BAcc:RF00004]
ENSSSAG00000033672	AGKD04473121.1	.	snRNA	U2	U2 spliceosomal RNA [Source:RFAM%3BAcc:RF00004]
ENSSSAG00000033684	AGKD04487440.1	.	protein_coding		
ENSSSAG00000033688	AGKD04256204.1	.	protein_coding		
ENSSSAG00000033694	AGKD04024527.1	.	snRNA	U5	U5 spliceosomal RNA [Source:RFAM%3BAcc:RF00020]
ENSSSAG00000033699	AGKD04638448.1	.	snRNA	U4	U4 spliceosomal RNA [Source:RFAM%3BAcc:RF00015]
ENSSSAG00000033702	AGKD04370334.1	.	snRNA	U1	U1 spliceosomal RNA [Source:RFAM%3BAcc:RF00003]
ENSSSAG00000033720	AGKD04411396.1	.	protein_coding		
ENSSSAG00000033730	AGKD04509790.1	.	snRNA	U2	U2 spliceosomal RNA [Source:RFAM%3BAcc:RF00004]
ENSSSAG00000033753	AGKD04418369.1	.	protein_coding	RWDD3	RWD domain containing 3 [Source:HGNC Symbol%3BAcc:HGNC:21393]
ENSSSAG00000033769	AGKD04510010.1	.	snRNA	U2	U2 spliceosomal RNA [Source:RFAM%3BAcc:RF00004]
ENSSSAG00000033774	AGKD04601044.1	.	snRNA	U1	U1 spliceosomal RNA [Source:RFAM%3BAcc:RF00003]
ENSSSAG00000033789	AGKD04033681.1	.	protein_coding	NHLRC1	E3 ubiquitin-protein ligase NHLRC1-like [Source:NCBI gene%3BAcc:106574154]
ENSSSAG00000033790	AGKD04351948.1	.	snRNA	U1	U1 spliceosomal RNA [Source:RFAM%3BAcc:RF00003]
ENSSSAG00000033797	AGKD04626772.1	.	snRNA	U7	U7 small nuclear RNA [Source:RFAM%3BAcc:RF00066]
ENSSSAG00000033802	AGKD04411464.1	.	protein_coding		
ENSSSAG00000033804	AGKD04638838.1	.	protein_coding		
ENSSSAG00000033812	AGKD04370720.1	.	snRNA	U5	U5 spliceosomal RNA [Source:RFAM%3BAcc:RF00020]
ENSSSAG00000033823	AGKD04692772.1	.	snRNA	U5	U5 spliceosomal RNA [Source:RFAM%3BAcc:RF00020]
ENSSSAG00000033833	AGKD04245948.1	.	protein_coding		
ENSSSAG00000033843	AGKD04411501.1	.	snRNA	U1	U1 spliceosomal RNA [Source:RFAM%3BAcc:RF00003]
ENSSSAG00000033845	AGKD04510116.1	.	snRNA	U2	U2 spliceosomal RNA [Source:RFAM%3BAcc:RF00004]
ENSSSAG00000033851	AGKD04158848.1	.	snRNA	U2	U2 spliceosomal RNA [Source:RFAM%3BAcc:RF00004]
ENSSSAG00000033856	AGKD04692810.1	.	protein_coding		
ENSSSAG00000033877	AGKD04411569.1	.	snRNA	U5	U5 spliceosomal RNA [Source:RFAM%3BAcc:RF00020]
ENSSSAG00000033884	AGKD04418385.1	.	snRNA	U1	U1 spliceosomal RNA [Source:RFAM%3BAcc:RF00003]
ENSSSAG00000033889	AGKD04217287.1	.	snRNA	U6	U6 spliceosomal RNA [Source:RFAM%3BAcc:RF00026]
ENSSSAG00000033890	AGKD04024621.1	.	protein_coding		
ENSSSAG00000033892	AGKD04510124.1	.	protein_coding		
ENSSSAG00000033896	AGKD04692865.1	.	miRNA	ssa-mir-101b-1	ssa-mir-101b-1 [Source:miRBase%3BAcc:MI0026435]
ENSSSAG00000033897	AGKD04245964.1	.	protein_coding		
ENSSSAG00000033899	AGKD04587620.1	.	snRNA	U5	U5 spliceosomal RNA [Source:RFAM%3BAcc:RF00020]
ENSSSAG00000033905	AGKD04144677.1	.	snoRNA		
ENSSSAG00000033906	AGKD04627059.1	.	snRNA	U2	U2 spliceosomal RNA [Source:RFAM%3BAcc:RF00004]
ENSSSAG00000033909	AGKD04786237.1	.	snRNA	U2	U2 spliceosomal RNA [Source:RFAM%3BAcc:RF00004]
ENSSSAG00000033911	AGKD04019625.1	.	pseudogene		
ENSSSAG00000033915	AGKD04473411.1	.	protein_coding		
ENSSSAG00000033920	AGKD04217287.1	.	snRNA	U6	U6 spliceosomal RNA [Source:RFAM%3BAcc:RF00026]
ENSSSAG00000033922	ssa11	.	pseudogene		
ENSSSAG00000033924	AGKD04411569.1	.	snRNA	U2	U2 spliceosomal RNA [Source:RFAM%3BAcc:RF00004]
ENSSSAG00000033929	AGKD04418424.1	.	protein_coding		
ENSSSAG00000033932	AGKD04587620.1	.	snRNA	U2	U2 spliceosomal RNA [Source:RFAM%3BAcc:RF00004]
ENSSSAG00000033935	AGKD04487895.1	.	misc_RNA	Metazoa_SRP	Metazoan signal recognition particle RNA [Source:RFAM%3BAcc:RF00017]
ENSSSAG00000033936	AGKD04786308.1	.	snRNA	U1	U1 spliceosomal RNA [Source:RFAM%3BAcc:RF00003]
ENSSSAG00000033941	AGKD04627061.1	.	snRNA	U2	U2 spliceosomal RNA [Source:RFAM%3BAcc:RF00004]
ENSSSAG00000033945	AGKD04126980.1	.	snRNA	U1	U1 spliceosomal RNA [Source:RFAM%3BAcc:RF00003]
ENSSSAG00000033947	AGKD04613396.1	.	protein_coding		
ENSSSAG00000033949	AGKD04286324.1	.	protein_coding		
ENSSSAG00000033955	AGKD04639017.1	.	protein_coding		
ENSSSAG00000033959	AGKD04246005.1	.	snRNA	U6	U6 spliceosomal RNA [Source:RFAM%3BAcc:RF00026]
ENSSSAG00000033966	AGKD04488061.1	.	protein_coding		
ENSSSAG00000033968	AGKD04601172.1	.	snRNA	U5	U5 spliceosomal RNA [Source:RFAM%3BAcc:RF00020]
ENSSSAG00000033970	AGKD04627061.1	.	snRNA	U5	U5 spliceosomal RNA [Source:RFAM%3BAcc:RF00020]
ENSSSAG00000033979	AGKD04666941.1	.	snRNA	U5	U5 spliceosomal RNA [Source:RFAM%3BAcc:RF00020]
ENSSSAG00000033983	AGKD04692926.1	.	snRNA	U2	U2 spliceosomal RNA [Source:RFAM%3BAcc:RF00004]
ENSSSAG00000033987	AGKD04418554.1	.	protein_coding		
ENSSSAG00000033995	AGKD04229218.1	.	protein_coding	pars2	probable proline--tRNA ligase%2C mitochondrial [Source:NCBI gene%3BAcc:106600232]
ENSSSAG00000033999	AGKD04286343.1	.	protein_coding		
ENSSSAG00000034002	AGKD04601224.1	.	snRNA	U6	U6 spliceosomal RNA [Source:RFAM%3BAcc:RF00026]
ENSSSAG00000034006	AGKD04314288.1	.	protein_coding		
ENSSSAG00000034007	AGKD04692926.1	.	snRNA	U5	U5 spliceosomal RNA [Source:RFAM%3BAcc:RF00020]
ENSSSAG00000034008	AGKD04666941.1	.	snRNA	U2	U2 spliceosomal RNA [Source:RFAM%3BAcc:RF00004]
ENSSSAG00000034027	AGKD04515836.1	.	protein_coding		
ENSSSAG00000034030	AGKD04613460.1	.	protein_coding		
ENSSSAG00000034033	AGKD04693308.1	.	snRNA	U5	U5 spliceosomal RNA [Source:RFAM%3BAcc:RF00020]
ENSSSAG00000034039	AGKD04510463.1	.	snRNA	U1	U1 spliceosomal RNA [Source:RFAM%3BAcc:RF00003]
ENSSSAG00000034040	AGKD04229242.1	.	snRNA	U1	U1 spliceosomal RNA [Source:RFAM%3BAcc:RF00003]
ENSSSAG00000034049	AGKD04459968.1	.	protein_coding		
ENSSSAG00000034057	AGKD04089546.1	.	snRNA	U6	U6 spliceosomal RNA [Source:RFAM%3BAcc:RF00026]
ENSSSAG00000034059	AGKD04666988.1	.	protein_coding		
ENSSSAG00000034061	AGKD04588092.1	.	snRNA	U6	U6 spliceosomal RNA [Source:RFAM%3BAcc:RF00026]
ENSSSAG00000034064	AGKD04601295.1	.	protein_coding		
ENSSSAG00000034065	AGKD04286354.1	.	protein_coding		
ENSSSAG00000034075	AGKD04229260.1	.	protein_coding		
ENSSSAG00000034080	AGKD04473569.1	.	snRNA	U1	U1 spliceosomal RNA [Source:RFAM%3BAcc:RF00003]
ENSSSAG00000034085	AGKD04370910.1	.	protein_coding		
ENSSSAG00000034092	AGKD04089546.1	.	snRNA	U6	U6 spliceosomal RNA [Source:RFAM%3BAcc:RF00026]
ENSSSAG00000034095	AGKD04092863.1	.	snRNA	U5	U5 spliceosomal RNA [Source:RFAM%3BAcc:RF00020]
ENSSSAG00000034097	AGKD04510533.1	.	protein_coding		
ENSSSAG00000034099	AGKD04488186.1	.	pseudogene		
ENSSSAG00000034110	AGKD04460007.1	.	protein_coding		
ENSSSAG00000034113	AGKD04352180.1	.	protein_coding		
ENSSSAG00000034120	AGKD04092863.1	.	snRNA	U2	U2 spliceosomal RNA [Source:RFAM%3BAcc:RF00004]
ENSSSAG00000034127	AGKD04116031.1	.	protein_coding		
ENSSSAG00000034128	AGKD04371048.1	.	protein_coding		
ENSSSAG00000034129	AGKD04316075.1	.	protein_coding		
ENSSSAG00000034131	AGKD04693859.1	.	snRNA	U2	U2 spliceosomal RNA [Source:RFAM%3BAcc:RF00004]
ENSSSAG00000034133	AGKD04574332.1	.	protein_coding		
ENSSSAG00000034141	AGKD04442740.1	.	snRNA	U1	U1 spliceosomal RNA [Source:RFAM%3BAcc:RF00003]
ENSSSAG00000034153	AGKD04246046.1	.	protein_coding		
ENSSSAG00000034154	AGKD04510579.1	.	protein_coding		
ENSSSAG00000034155	AGKD04639255.1	.	snRNA	U4	U4 spliceosomal RNA [Source:RFAM%3BAcc:RF00015]
ENSSSAG00000034158	AGKD04033729.1	.	protein_coding	b2ml	beta-2-microglobulin-like [Source:NCBI gene%3BAcc:106597504]
ENSSSAG00000034159	AGKD04092863.1	.	snRNA	U5	U5 spliceosomal RNA [Source:RFAM%3BAcc:RF00020]
ENSSSAG00000034165	AGKD04786798.1	.	snRNA	U5	U5 spliceosomal RNA [Source:RFAM%3BAcc:RF00020]
ENSSSAG00000034167	AGKD04442871.1	.	snRNA	U1	U1 spliceosomal RNA [Source:RFAM%3BAcc:RF00003]
ENSSSAG00000034177	AGKD04116062.1	.	pseudogene		
ENSSSAG00000034187	AGKD04092877.1	.	snRNA	U1	U1 spliceosomal RNA [Source:RFAM%3BAcc:RF00003]
ENSSSAG00000034201	AGKD04639484.1	.	protein_coding		
ENSSSAG00000034205	AGKD04488199.1	.	snRNA	U1	U1 spliceosomal RNA [Source:RFAM%3BAcc:RF00003]
ENSSSAG00000034210	AGKD04601402.1	.	protein_coding		
ENSSSAG00000034211	AGKD04336198.1	.	snRNA	U5	U5 spliceosomal RNA [Source:RFAM%3BAcc:RF00020]
ENSSSAG00000034218	AGKD04414494.1	.	snRNA	U5	U5 spliceosomal RNA [Source:RFAM%3BAcc:RF00020]
ENSSSAG00000034225	AGKD04460032.1	.	protein_coding	ppp1r3da	protein phosphatase 1%2C regulatory subunit 3Da [Source:ZFIN%3BAcc:ZDB-GENE-080204-75]
ENSSSAG00000034232	AGKD04787048.1	.	snRNA	U6	U6 spliceosomal RNA [Source:RFAM%3BAcc:RF00026]
ENSSSAG00000034233	AGKD04286455.1	.	snRNA	U5	U5 spliceosomal RNA [Source:RFAM%3BAcc:RF00020]
ENSSSAG00000034239	AGKD04024637.1	.	protein_coding	RL17	60S ribosomal protein L27 [Source:NCBI gene%3BAcc:106595784]
ENSSSAG00000034248	AGKD04516004.1	.	pseudogene		
ENSSSAG00000034255	AGKD04336243.1	.	protein_coding		
ENSSSAG00000034259	AGKD04414494.1	.	snRNA	U2	U2 spliceosomal RNA [Source:RFAM%3BAcc:RF00004]
ENSSSAG00000034261	AGKD04229364.1	.	protein_coding		
ENSSSAG00000034266	AGKD04246072.1	.	protein_coding		
ENSSSAG00000034269	AGKD04588432.1	.	protein_coding		
ENSSSAG00000034270	AGKD04574654.1	.	snRNA	U4	U4 spliceosomal RNA [Source:RFAM%3BAcc:RF00015]
ENSSSAG00000034279	AGKD04286527.1	.	protein_coding		
ENSSSAG00000034282	AGKD04371306.1	.	snRNA	U2	U2 spliceosomal RNA [Source:RFAM%3BAcc:RF00004]
ENSSSAG00000034289	AGKD04488382.1	.	pseudogene		
ENSSSAG00000034292	AGKD04418681.1	.	snRNA	U1	U1 spliceosomal RNA [Source:RFAM%3BAcc:RF00003]
ENSSSAG00000034298	AGKD04787221.1	.	protein_coding		
ENSSSAG00000034300	AGKD04414565.1	.	protein_coding		
ENSSSAG00000034301	AGKD04443202.1	.	protein_coding		
ENSSSAG00000034304	AGKD04009498.1	.	protein_coding		
ENSSSAG00000034305	AGKD04246076.1	.	protein_coding		
ENSSSAG00000034307	AGKD04371306.1	.	snRNA	U5	U5 spliceosomal RNA [Source:RFAM%3BAcc:RF00020]
ENSSSAG00000034317	AGKD04159234.1	.	protein_coding		
ENSSSAG00000034320	AGKD04314518.1	.	snRNA	U5	U5 spliceosomal RNA [Source:RFAM%3BAcc:RF00020]
ENSSSAG00000034322	AGKD04694728.1	.	protein_coding		
ENSSSAG00000034325	AGKD04588495.1	.	snRNA	U2	U2 spliceosomal RNA [Source:RFAM%3BAcc:RF00004]
ENSSSAG00000034327	AGKD04286562.1	.	snoRNA		
ENSSSAG00000034329	AGKD04510770.1	.	snRNA	U1	U1 spliceosomal RNA [Source:RFAM%3BAcc:RF00003]
ENSSSAG00000034339	AGKD04145118.1	.	snRNA	U1	U1 spliceosomal RNA [Source:RFAM%3BAcc:RF00003]
ENSSSAG00000034341	AGKD04314518.1	.	snRNA	U2	U2 spliceosomal RNA [Source:RFAM%3BAcc:RF00004]
ENSSSAG00000034344	AGKD04588518.1	.	snRNA	U1	U1 spliceosomal RNA [Source:RFAM%3BAcc:RF00003]
ENSSSAG00000034346	AGKD04286562.1	.	snoRNA		
ENSSSAG00000034351	AGKD04092937.1	.	protein_coding		
ENSSSAG00000034352	AGKD04627406.1	.	protein_coding		
ENSSSAG00000034355	AGKD04246124.1	.	snRNA	U1	U1 spliceosomal RNA [Source:RFAM%3BAcc:RF00003]
ENSSSAG00000034362	AGKD04371384.1	.	protein_coding		
ENSSSAG00000034373	AGKD04286562.1	.	snoRNA		
ENSSSAG00000034377	AGKD04314591.1	.	protein_coding		
ENSSSAG00000034380	AGKD04488412.1	.	snRNA	U1	U1 spliceosomal RNA [Source:RFAM%3BAcc:RF00003]
ENSSSAG00000034383	AGKD04229374.1	.	protein_coding		
ENSSSAG00000034389	AGKD04246125.1	.	snRNA	U5	U5 spliceosomal RNA [Source:RFAM%3BAcc:RF00020]
ENSSSAG00000034394	AGKD04460195.1	.	snRNA	U6	U6 spliceosomal RNA [Source:RFAM%3BAcc:RF00026]
ENSSSAG00000034398	AGKD04627467.1	.	snRNA	U5	U5 spliceosomal RNA [Source:RFAM%3BAcc:RF00020]
ENSSSAG00000034401	AGKD04286562.1	.	snoRNA		
ENSSSAG00000034403	AGKD04092941.1	.	snRNA	U6	U6 spliceosomal RNA [Source:RFAM%3BAcc:RF00026]
ENSSSAG00000034404	AGKD04058992.1	.	snoRNA	U3	Small nucleolar RNA U3 [Source:RFAM%3BAcc:RF00012]
ENSSSAG00000034405	AGKD04418857.1	.	snoRNA	U3	Small nucleolar RNA U3 [Source:RFAM%3BAcc:RF00012]
ENSSSAG00000034413	AGKD04588835.1	.	misc_RNA	Metazoa_SRP	Metazoan signal recognition particle RNA [Source:RFAM%3BAcc:RF00017]
ENSSSAG00000034417	AGKD04246189.1	.	snoRNA		
ENSSSAG00000034419	AGKD04162055.1	.	protein_coding		
ENSSSAG00000034420	AGKD04773909.1	.	snRNA	U2	U2 spliceosomal RNA [Source:RFAM%3BAcc:RF00004]
ENSSSAG00000034421	AGKD04256743.1	.	protein_coding		
ENSSSAG00000034424	AGKD04510808.1	.	protein_coding		
ENSSSAG00000034425	AGKD04614263.1	.	snRNA	U2	U2 spliceosomal RNA [Source:RFAM%3BAcc:RF00004]
ENSSSAG00000034430	AGKD04092941.1	.	snRNA	U6	U6 spliceosomal RNA [Source:RFAM%3BAcc:RF00026]
ENSSSAG00000034433	AGKD04033729.1	.	protein_coding	tmbim4	protein lifeguard 4-like [Source:NCBI gene%3BAcc:106597505]
ENSSSAG00000034436	AGKD04058992.1	.	snoRNA	U3	Small nucleolar RNA U3 [Source:RFAM%3BAcc:RF00012]
ENSSSAG00000034439	AGKD04419281.1	.	pseudogene		
ENSSSAG00000034442	AGKD04246189.1	.	snoRNA	U3	Small nucleolar RNA U3 [Source:RFAM%3BAcc:RF00012]
ENSSSAG00000034445	AGKD04316162.1	.	protein_coding		
ENSSSAG00000034447	AGKD04787227.1	.	protein_coding		
ENSSSAG00000034448	AGKD04774023.1	.	snRNA	U5	U5 spliceosomal RNA [Source:RFAM%3BAcc:RF00020]
ENSSSAG00000034453	AGKD04614301.1	.	snRNA	U6	U6 spliceosomal RNA [Source:RFAM%3BAcc:RF00026]
ENSSSAG00000034455	AGKD04058992.1	.	snoRNA	U3	Small nucleolar RNA U3 [Source:RFAM%3BAcc:RF00012]
ENSSSAG00000034466	AGKD04229395.1	.	protein_coding		
ENSSSAG00000034471	AGKD04627483.1	.	protein_coding		
ENSSSAG00000034477	AGKD04774054.1	.	snRNA	U6	U6 spliceosomal RNA [Source:RFAM%3BAcc:RF00026]
ENSSSAG00000034487	AGKD04474097.1	.	snRNA	U5	U5 spliceosomal RNA [Source:RFAM%3BAcc:RF00020]
ENSSSAG00000034495	AGKD04694833.1	.	protein_coding		
ENSSSAG00000034501	AGKD04819980.1	.	snRNA	U2	U2 spliceosomal RNA [Source:RFAM%3BAcc:RF00004]
ENSSSAG00000034510	AGKD04443368.1	.	snRNA	U5	U5 spliceosomal RNA [Source:RFAM%3BAcc:RF00020]
ENSSSAG00000034512	AGKD04414744.1	.	protein_coding		
ENSSSAG00000034513	AGKD04229422.1	.	protein_coding		
ENSSSAG00000034514	ssa01	.	rRNA	5_8S_rRNA	5.8S ribosomal RNA [Source:RFAM%3BAcc:RF00002]
ENSSSAG00000034515	ssa01	.	lncRNA		
ENSSSAG00000034517	AGKD04109326.1	.	pseudogene		
ENSSSAG00000034520	AGKD04474169.1	.	snoRNA	U3	Small nucleolar RNA U3 [Source:RFAM%3BAcc:RF00012]
ENSSSAG00000034525	AGKD04286656.1	.	snRNA	U1	U1 spliceosomal RNA [Source:RFAM%3BAcc:RF00003]
ENSSSAG00000034526	AGKD04419303.1	.	protein_coding		
ENSSSAG00000034528	AGKD04510828.1	.	snRNA	U5	U5 spliceosomal RNA [Source:RFAM%3BAcc:RF00020]
ENSSSAG00000034533	AGKD04246375.1	.	protein_coding		
ENSSSAG00000034536	AGKD04787271.1	.	misc_RNA	Metazoa_SRP	Metazoan signal recognition particle RNA [Source:RFAM%3BAcc:RF00017]
ENSSSAG00000034537	AGKD04639739.1	.	protein_coding	lztfl1	leucine zipper transcription factor-like 1 [Source:ZFIN%3BAcc:ZDB-GENE-030131-945]
ENSSSAG00000034539	AGKD04336368.1	.	pseudogene		
ENSSSAG00000034562	AGKD04229423.1	.	protein_coding		
ENSSSAG00000034566	AGKD04820828.1	.	snRNA	U2	U2 spliceosomal RNA [Source:RFAM%3BAcc:RF00004]
ENSSSAG00000034574	AGKD04488720.1	.	protein_coding		G protein-coupled receptor 146 [Source:ZFIN%3BAcc:ZDB-GENE-050823-3]
ENSSSAG00000034576	AGKD04444462.1	.	snRNA	U1	U1 spliceosomal RNA [Source:RFAM%3BAcc:RF00003]
ENSSSAG00000034587	AGKD04246375.1	.	pseudogene		
ENSSSAG00000034592	AGKD04516170.1	.	protein_coding		
ENSSSAG00000034595	AGKD04286718.1	.	snRNA	U1	U1 spliceosomal RNA [Source:RFAM%3BAcc:RF00003]
ENSSSAG00000034597	ssa01	.	lncRNA		
ENSSSAG00000034603	AGKD04774711.1	.	miRNA	ssa-let-7d-2	ssa-let-7d-2 [Source:miRBase%3BAcc:MI0026755]
ENSSSAG00000034606	AGKD04614517.1	.	protein_coding		
ENSSSAG00000034609	AGKD04787551.1	.	protein_coding		
ENSSSAG00000034610	AGKD04414749.1	.	protein_coding		
ENSSSAG00000034617	AGKD04229486.1	.	snRNA	U6	U6 spliceosomal RNA [Source:RFAM%3BAcc:RF00026]
ENSSSAG00000034618	AGKD04444515.1	.	protein_coding		
ENSSSAG00000034622	AGKD04395906.1	.	protein_coding		
ENSSSAG00000034626	AGKD04667649.1	.	protein_coding		
ENSSSAG00000034671	AGKD04395995.1	.	protein_coding	slc25a51b	solute carrier family 25 member 51b [Source:ZFIN%3BAcc:ZDB-GENE-140328-2]
ENSSSAG00000034690	AGKD04820917.1	.	protein_coding		
ENSSSAG00000034697	AGKD04444764.1	.	pseudogene		
ENSSSAG00000034705	AGKD04524120.1	.	snRNA	U4	U4 spliceosomal RNA [Source:RFAM%3BAcc:RF00015]
ENSSSAG00000034726	AGKD04575511.1	.	snRNA	U6	U6 spliceosomal RNA [Source:RFAM%3BAcc:RF00026]
ENSSSAG00000034732	AGKD04627746.1	.	snRNA	U1	U1 spliceosomal RNA [Source:RFAM%3BAcc:RF00003]
ENSSSAG00000034736	AGKD04246404.1	.	snoRNA	U3	Small nucleolar RNA U3 [Source:RFAM%3BAcc:RF00012]
ENSSSAG00000034739	AGKD04333037.1	.	pseudogene		
ENSSSAG00000034752	AGKD04489074.1	.	protein_coding		
ENSSSAG00000034764	AGKD04575516.1	.	snRNA	U2	U2 spliceosomal RNA [Source:RFAM%3BAcc:RF00004]
ENSSSAG00000034768	AGKD04316317.1	.	protein_coding		
ENSSSAG00000034771	AGKD04614784.1	.	protein_coding		
ENSSSAG00000034772	AGKD04159563.1	.	snoRNA		
ENSSSAG00000034775	AGKD04009501.1	.	lncRNA		
ENSSSAG00000034781	AGKD04116207.1	.	snRNA	U2	U2 spliceosomal RNA [Source:RFAM%3BAcc:RF00004]
ENSSSAG00000034783	AGKD04820931.1	.	snRNA	U2	U2 spliceosomal RNA [Source:RFAM%3BAcc:RF00004]
ENSSSAG00000034789	AGKD04444876.1	.	protein_coding		
ENSSSAG00000034793	AGKD04695167.1	.	protein_coding		
ENSSSAG00000034795	AGKD04396139.1	.	protein_coding		
ENSSSAG00000034796	AGKD04516905.1	.	protein_coding		
ENSSSAG00000034807	AGKD04371784.1	.	protein_coding		
ENSSSAG00000034815	AGKD04314647.1	.	snRNA	U1	U1 spliceosomal RNA [Source:RFAM%3BAcc:RF00003]
ENSSSAG00000034817	AGKD04159563.1	.	snoRNA	U3	Small nucleolar RNA U3 [Source:RFAM%3BAcc:RF00012]
ENSSSAG00000034818	AGKD04627902.1	.	protein_coding		
ENSSSAG00000034824	AGKD04116207.1	.	snRNA	U5	U5 spliceosomal RNA [Source:RFAM%3BAcc:RF00020]
ENSSSAG00000034831	AGKD04535430.1	.	pseudogene		
ENSSSAG00000034842	AGKD04787989.1	.	snRNA	U2	U2 spliceosomal RNA [Source:RFAM%3BAcc:RF00004]
ENSSSAG00000034843	ssa22	.	lncRNA		zinc finger and SCAN domain-containing protein 12-like [Source:NCBI gene%3BAcc:106583470]
ENSSSAG00000034850	AGKD04414926.1	.	protein_coding		
ENSSSAG00000034851	AGKD04516927.1	.	snRNA	U1	U1 spliceosomal RNA [Source:RFAM%3BAcc:RF00003]
ENSSSAG00000034856	AGKD04640158.1	.	miRNA	ssa-mir-459	ssa-mir-459 [Source:miRBase%3BAcc:MI0026709]
ENSSSAG00000034865	AGKD04336791.1	.	snRNA	U4	U4 spliceosomal RNA [Source:RFAM%3BAcc:RF00015]
ENSSSAG00000034866	AGKD04396163.1	.	protein_coding		
ENSSSAG00000034869	AGKD04530102.1	.	snoRNA	U3	Small nucleolar RNA U3 [Source:RFAM%3BAcc:RF00012]
ENSSSAG00000034876	AGKD04821205.1	.	snRNA	U5	U5 spliceosomal RNA [Source:RFAM%3BAcc:RF00020]
ENSSSAG00000034881	AGKD04116207.1	.	snRNA	U2	U2 spliceosomal RNA [Source:RFAM%3BAcc:RF00004]
ENSSSAG00000034887	AGKD04788066.1	.	snRNA	U2	U2 spliceosomal RNA [Source:RFAM%3BAcc:RF00004]
ENSSSAG00000034896	AGKD04100363.1	.	protein_coding		
ENSSSAG00000034898	AGKD04627958.1	.	snRNA	U5	U5 spliceosomal RNA [Source:RFAM%3BAcc:RF00020]
ENSSSAG00000034899	AGKD04444928.1	.	protein_coding		
ENSSSAG00000034906	AGKD04640330.1	.	snRNA	U2	U2 spliceosomal RNA [Source:RFAM%3BAcc:RF00004]
ENSSSAG00000034910	AGKD04575655.1	.	protein_coding		
ENSSSAG00000034911	AGKD04333237.1	.	pseudogene		
ENSSSAG00000034918	AGKD04286839.1	.	snRNA	U5	U5 spliceosomal RNA [Source:RFAM%3BAcc:RF00020]
ENSSSAG00000034919	AGKD04316346.1	.	protein_coding		
ENSSSAG00000034922	AGKD04127250.1	.	snRNA	U4	U4 spliceosomal RNA [Source:RFAM%3BAcc:RF00015]
ENSSSAG00000034935	ssa03	.	lncRNA		uncharacterized LOC106599597 [Source:NCBI gene%3BAcc:106599597]
ENSSSAG00000034937	AGKD04627958.1	.	snRNA	U2	U2 spliceosomal RNA [Source:RFAM%3BAcc:RF00004]
ENSSSAG00000034946	AGKD04640330.1	.	snRNA	U5	U5 spliceosomal RNA [Source:RFAM%3BAcc:RF00020]
ENSSSAG00000034954	AGKD04775497.1	.	snRNA	U2	U2 spliceosomal RNA [Source:RFAM%3BAcc:RF00004]
ENSSSAG00000034960	AGKD04116303.1	.	pseudogene		
ENSSSAG00000034964	AGKD04127250.1	.	snRNA	U4	U4 spliceosomal RNA [Source:RFAM%3BAcc:RF00015]
ENSSSAG00000034965	AGKD04286854.1	.	protein_coding		
ENSSSAG00000034973	AGKD04590037.1	.	snRNA	U5	U5 spliceosomal RNA [Source:RFAM%3BAcc:RF00020]
ENSSSAG00000034974	AGKD04628005.1	.	snRNA	U6	U6 spliceosomal RNA [Source:RFAM%3BAcc:RF00026]
ENSSSAG00000034977	AGKD04358319.1	.	snRNA	U4	U4 spliceosomal RNA [Source:RFAM%3BAcc:RF00015]
ENSSSAG00000034984	AGKD04615295.1	.	protein_coding		
ENSSSAG00000034986	AGKD04517213.1	.	protein_coding	zbtb16a	zinc finger and BTB domain containing 16a [Source:NCBI gene%3BAcc:323269]
ENSSSAG00000034987	ssa02	.	lncRNA		
ENSSSAG00000034988	AGKD04259743.1	.	protein_coding		
ENSSSAG00000035002	AGKD04396328.1	.	pseudogene		
ENSSSAG00000035003	AGKD04628020.1	.	snRNA	U5	U5 spliceosomal RNA [Source:RFAM%3BAcc:RF00020]
ENSSSAG00000035010	AGKD04640626.1	.	protein_coding		
ENSSSAG00000035017	AGKD04443881.1	.	protein_coding	cssa09h3orf80	chromosome ssa09 open reading frame%2C human C3orf80 [Source:NCBI gene%3BAcc:106612911]
ENSSSAG00000035018	AGKD04668538.1	.	snRNA	U2	U2 spliceosomal RNA [Source:RFAM%3BAcc:RF00004]
ENSSSAG00000035023	AGKD04371844.1	.	pseudogene		
ENSSSAG00000035027	AGKD04404074.1	.	snoRNA	U3	Small nucleolar RNA U3 [Source:RFAM%3BAcc:RF00012]
ENSSSAG00000035028	AGKD04775500.1	.	protein_coding		
ENSSSAG00000035035	AGKD04229575.1	.	protein_coding		
ENSSSAG00000035036	AGKD04336859.1	.	protein_coding		
ENSSSAG00000035037	AGKD04489891.1	.	protein_coding		
ENSSSAG00000035039	AGKD04100393.1	.	protein_coding		
ENSSSAG00000035041	ssa03	.	lncRNA		
ENSSSAG00000035043	AGKD04159878.1	.	protein_coding		
ENSSSAG00000035054	AGKD04576209.1	.	snRNA	U5	U5 spliceosomal RNA [Source:RFAM%3BAcc:RF00020]
ENSSSAG00000035057	AGKD04788733.1	.	snRNA	U2	U2 spliceosomal RNA [Source:RFAM%3BAcc:RF00004]
ENSSSAG00000035058	AGKD04524711.1	.	pseudogene		
ENSSSAG00000035062	AGKD04668599.1	.	protein_coding		
ENSSSAG00000035068	AGKD04404085.1	.	protein_coding		
ENSSSAG00000035070	AGKD04517284.1	.	snoRNA	U3	Small nucleolar RNA U3 [Source:RFAM%3BAcc:RF00012]
ENSSSAG00000035081	AGKD04380505.1	.	snRNA	U6	U6 spliceosomal RNA [Source:RFAM%3BAcc:RF00026]
ENSSSAG00000035083	AGKD04590159.1	.	snRNA	U4	U4 spliceosomal RNA [Source:RFAM%3BAcc:RF00015]
ENSSSAG00000035084	AGKD04286911.1	.	protein_coding		
ENSSSAG00000035086	AGKD04788733.1	.	snRNA	U5	U5 spliceosomal RNA [Source:RFAM%3BAcc:RF00020]
ENSSSAG00000035088	AGKD04775502.1	.	snRNA	U5	U5 spliceosomal RNA [Source:RFAM%3BAcc:RF00020]
ENSSSAG00000035089	AGKD04821388.1	.	snRNA	U2	U2 spliceosomal RNA [Source:RFAM%3BAcc:RF00004]
ENSSSAG00000035092	AGKD04314840.1	.	snRNA	U1	U1 spliceosomal RNA [Source:RFAM%3BAcc:RF00003]
ENSSSAG00000035098	AGKD04530180.1	.	protein_coding		
ENSSSAG00000035099	AGKD04162628.1	.	snRNA	U1	U1 spliceosomal RNA [Source:RFAM%3BAcc:RF00003]
ENSSSAG00000035102	AGKD04160184.1	.	snRNA	U1	U1 spliceosomal RNA [Source:RFAM%3BAcc:RF00003]
ENSSSAG00000035103	AGKD04093025.1	.	protein_coding		
ENSSSAG00000035104	AGKD04358441.1	.	snRNA	U4	U4 spliceosomal RNA [Source:RFAM%3BAcc:RF00015]
ENSSSAG00000035106	AGKD04316505.1	.	protein_coding	ATP6V0C	ATPase H+ transporting V0 subunit cb [Source:ZFIN%3BAcc:ZDB-GENE-030131-4127]
ENSSSAG00000035109	ssa02	.	lncRNA		dentin sialophosphoprotein-like [Source:NCBI gene%3BAcc:106573691]
ENSSSAG00000035116	AGKD04788836.1	.	snRNA	U2	U2 spliceosomal RNA [Source:RFAM%3BAcc:RF00004]
ENSSSAG00000035122	AGKD04033787.1	.	misc_RNA	Metazoa_SRP	Metazoan signal recognition particle RNA [Source:RFAM%3BAcc:RF00017]
ENSSSAG00000035124	AGKD04821452.1	.	snRNA	U1	U1 spliceosomal RNA [Source:RFAM%3BAcc:RF00003]
ENSSSAG00000035126	AGKD04641320.1	.	protein_coding		
ENSSSAG00000035136	AGKD04489964.1	.	protein_coding		
ENSSSAG00000035141	AGKD04302923.1	.	snRNA	U1	U1 spliceosomal RNA [Source:RFAM%3BAcc:RF00003]
ENSSSAG00000035145	AGKD04100441.1	.	snRNA	U1	U1 spliceosomal RNA [Source:RFAM%3BAcc:RF00003]
ENSSSAG00000035154	AGKD04511110.1	.	protein_coding		
ENSSSAG00000035155	AGKD04444092.1	.	pseudogene		
ENSSSAG00000035162	AGKD04833694.1	.	snRNA	U2	U2 spliceosomal RNA [Source:RFAM%3BAcc:RF00004]
ENSSSAG00000035164	AGKD04246555.1	.	protein_coding		
ENSSSAG00000035165	AGKD04821712.1	.	snRNA	U5	U5 spliceosomal RNA [Source:RFAM%3BAcc:RF00020]
ENSSSAG00000035177	AGKD04036302.1	.	snRNA	U2	U2 spliceosomal RNA [Source:RFAM%3BAcc:RF00004]
ENSSSAG00000035182	AGKD04100490.1	.	snRNA	U6	U6 spliceosomal RNA [Source:RFAM%3BAcc:RF00026]
ENSSSAG00000035188	AGKD04576607.1	.	protein_coding		
ENSSSAG00000035189	AGKD04415233.1	.	snoRNA	U3	Small nucleolar RNA U3 [Source:RFAM%3BAcc:RF00012]
ENSSSAG00000035200	AGKD04036302.1	.	snRNA	U5	U5 spliceosomal RNA [Source:RFAM%3BAcc:RF00020]
ENSSSAG00000035204	AGKD04788922.1	.	snRNA	U2	U2 spliceosomal RNA [Source:RFAM%3BAcc:RF00004]
ENSSSAG00000035207	AGKD04834182.1	.	protein_coding	S100A9	S100 calcium binding protein A9 [Source:HGNC Symbol%3BAcc:HGNC:10499]
ENSSSAG00000035209	AGKD04558707.1	.	pseudogene		
ENSSSAG00000035215	AGKD04100490.1	.	snRNA	U6	U6 spliceosomal RNA [Source:RFAM%3BAcc:RF00026]
ENSSSAG00000035216	AGKD04821820.1	.	pseudogene		
ENSSSAG00000035217	AGKD04530260.1	.	snRNA	U1	U1 spliceosomal RNA [Source:RFAM%3BAcc:RF00003]
ENSSSAG00000035227	AGKD04668817.1	.	pseudogene		
ENSSSAG00000035231	AGKD04628205.1	.	protein_coding		
ENSSSAG00000035234	AGKD04517552.1	.	snRNA	U6	U6 spliceosomal RNA [Source:RFAM%3BAcc:RF00026]
ENSSSAG00000035236	AGKD04036302.1	.	snRNA	U2	U2 spliceosomal RNA [Source:RFAM%3BAcc:RF00004]
ENSSSAG00000035243	AGKD04314916.1	.	snRNA	U1	U1 spliceosomal RNA [Source:RFAM%3BAcc:RF00003]
ENSSSAG00000035246	AGKD04834260.1	.	snRNA	U2	U2 spliceosomal RNA [Source:RFAM%3BAcc:RF00004]
ENSSSAG00000035248	AGKD04775852.1	.	ribozyme	RNaseP_nuc	Nuclear RNase P [Source:RFAM%3BAcc:RF00009]
ENSSSAG00000035258	AGKD04530282.1	.	snRNA	U2	U2 spliceosomal RNA [Source:RFAM%3BAcc:RF00004]
ENSSSAG00000035262	AGKD04227265.1	.	protein_coding		
ENSSSAG00000035263	AGKD04641445.1	.	snRNA	U5	U5 spliceosomal RNA [Source:RFAM%3BAcc:RF00020]
ENSSSAG00000035264	ssa05	.	lncRNA		
ENSSSAG00000035267	ssa10	.	protein_coding	espnl	espin like [Source:NCBI gene%3BAcc:106560664]
ENSSSAG00000035272	AGKD04036302.1	.	snRNA	U5	U5 spliceosomal RNA [Source:RFAM%3BAcc:RF00020]
ENSSSAG00000035276	AGKD04145680.1	.	snoRNA		
ENSSSAG00000035277	AGKD04652091.1	.	snRNA	U5	U5 spliceosomal RNA [Source:RFAM%3BAcc:RF00020]
ENSSSAG00000035278	AGKD04229627.1	.	snoRNA	U3	Small nucleolar RNA U3 [Source:RFAM%3BAcc:RF00012]
ENSSSAG00000035279	AGKD04834551.1	.	snRNA	U5	U5 spliceosomal RNA [Source:RFAM%3BAcc:RF00020]
ENSSSAG00000035287	AGKD04315068.1	.	protein_coding		
ENSSSAG00000035290	AGKD04775914.1	.	snRNA	U2	U2 spliceosomal RNA [Source:RFAM%3BAcc:RF00004]
ENSSSAG00000035293	AGKD04358664.1	.	snRNA	U1	U1 spliceosomal RNA [Source:RFAM%3BAcc:RF00003]
ENSSSAG00000035299	AGKD04415355.1	.	protein_coding		
ENSSSAG00000035301	AGKD04127329.1	.	protein_coding		
ENSSSAG00000035304	AGKD04404421.1	.	protein_coding	trir	telomerase RNA component interacting RNase [Source:ZFIN%3BAcc:ZDB-GENE-111123-3]
ENSSSAG00000035312	AGKD04834869.1	.	snRNA	U4	U4 spliceosomal RNA [Source:RFAM%3BAcc:RF00015]
ENSSSAG00000035315	AGKD04229664.1	.	snRNA	U1	U1 spliceosomal RNA [Source:RFAM%3BAcc:RF00003]
ENSSSAG00000035316	AGKD04652091.1	.	snRNA	U2	U2 spliceosomal RNA [Source:RFAM%3BAcc:RF00004]
ENSSSAG00000035321	AGKD04316565.1	.	snRNA	U1	U1 spliceosomal RNA [Source:RFAM%3BAcc:RF00003]
ENSSSAG00000035322	AGKD04641452.1	.	protein_coding		
ENSSSAG00000035323	AGKD04145680.1	.	snoRNA	U3	Small nucleolar RNA U3 [Source:RFAM%3BAcc:RF00012]
ENSSSAG00000035328	AGKD04696788.1	.	snRNA	U5	U5 spliceosomal RNA [Source:RFAM%3BAcc:RF00020]
ENSSSAG00000035337	AGKD04227274.1	.	protein_coding		
ENSSSAG00000035338	AGKD04590260.1	.	protein_coding		
ENSSSAG00000035343	AGKD04628432.1	.	protein_coding	S10I	
ENSSSAG00000035344	AGKD04789100.1	.	miRNA	ssa-mir-20a-1	ssa-mir-20a-1 [Source:miRBase%3BAcc:MI0026601]
ENSSSAG00000035349	AGKD04259812.1	.	snRNA	U4	U4 spliceosomal RNA [Source:RFAM%3BAcc:RF00015]
ENSSSAG00000035355	AGKD04380610.1	.	protein_coding		
ENSSSAG00000035362	AGKD04229674.1	.	snRNA	U5	U5 spliceosomal RNA [Source:RFAM%3BAcc:RF00020]
ENSSSAG00000035366	AGKD04821850.1	.	snoRNA	U3	Small nucleolar RNA U3 [Source:RFAM%3BAcc:RF00012]
ENSSSAG00000035374	AGKD04303154.1	.	snRNA	U1	U1 spliceosomal RNA [Source:RFAM%3BAcc:RF00003]
ENSSSAG00000035376	AGKD04652147.1	.	protein_coding		
ENSSSAG00000035377	AGKD04530403.1	.	snRNA	U1	U1 spliceosomal RNA [Source:RFAM%3BAcc:RF00003]
ENSSSAG00000035379	AGKD04372132.1	.	protein_coding		
ENSSSAG00000035383	AGKD04259812.1	.	snRNA	U4	U4 spliceosomal RNA [Source:RFAM%3BAcc:RF00015]
ENSSSAG00000035386	AGKD04835272.1	.	snRNA	U2	U2 spliceosomal RNA [Source:RFAM%3BAcc:RF00004]
ENSSSAG00000035394	AGKD04524786.1	.	snRNA	U2	U2 spliceosomal RNA [Source:RFAM%3BAcc:RF00004]
ENSSSAG00000035399	AGKD04641584.1	.	snoRNA		
ENSSSAG00000035401	AGKD04489994.1	.	snoRNA	U3	Small nucleolar RNA U3 [Source:RFAM%3BAcc:RF00012]
ENSSSAG00000035411	AGKD04229674.1	.	snRNA	U2	U2 spliceosomal RNA [Source:RFAM%3BAcc:RF00004]
ENSSSAG00000035412	AGKD04535778.1	.	snRNA	U1	U1 spliceosomal RNA [Source:RFAM%3BAcc:RF00003]
ENSSSAG00000035418	AGKD04835513.1	.	snRNA	U1	U1 spliceosomal RNA [Source:RFAM%3BAcc:RF00003]
ENSSSAG00000035420	AGKD04259862.1	.	protein_coding		
ENSSSAG00000035432	AGKD04821870.1	.	protein_coding		
ENSSSAG00000035435	AGKD04577047.1	.	snoRNA		
ENSSSAG00000035439	AGKD04530564.1	.	snRNA	U6	U6 spliceosomal RNA [Source:RFAM%3BAcc:RF00026]
ENSSSAG00000035440	AGKD04380724.1	.	snRNA	U5	U5 spliceosomal RNA [Source:RFAM%3BAcc:RF00020]
ENSSSAG00000035441	AGKD04641584.1	.	snoRNA	U3	Small nucleolar RNA U3 [Source:RFAM%3BAcc:RF00012]
ENSSSAG00000035463	AGKD04835764.1	.	snoRNA	U3	Small nucleolar RNA U3 [Source:RFAM%3BAcc:RF00012]
ENSSSAG00000035467	AGKD04160402.1	.	snRNA	U1	U1 spliceosomal RNA [Source:RFAM%3BAcc:RF00003]
ENSSSAG00000035470	AGKD04776015.1	.	snRNA	U4	U4 spliceosomal RNA [Source:RFAM%3BAcc:RF00015]
ENSSSAG00000035473	AGKD04577047.1	.	snoRNA	U3	Small nucleolar RNA U3 [Source:RFAM%3BAcc:RF00012]
ENSSSAG00000035486	AGKD04628475.1	.	miRNA	ssa-mir-152	ssa-mir-152 [Source:miRBase%3BAcc:MI0026516]
ENSSSAG00000035495	AGKD04602677.1	.	snoRNA	SNORD15	Small nucleolar RNA SNORD15 [Source:RFAM%3BAcc:RF00067]
ENSSSAG00000035500	AGKD04835874.1	.	snRNA	U1	U1 spliceosomal RNA [Source:RFAM%3BAcc:RF00003]
ENSSSAG00000035502	AGKD04036340.1	.	protein_coding	dap3	death associated protein 3 [Source:ZFIN%3BAcc:ZDB-GENE-051129-2]
ENSSSAG00000035504	AGKD04380851.1	.	pseudogene		
ENSSSAG00000035512	AGKD04616200.1	.	protein_coding		
ENSSSAG00000035515	AGKD04789613.1	.	snRNA	U2	U2 spliceosomal RNA [Source:RFAM%3BAcc:RF00004]
ENSSSAG00000035516	AGKD04316647.1	.	protein_coding		
ENSSSAG00000035517	AGKD04669281.1	.	protein_coding		
ENSSSAG00000035518	AGKD04160501.1	.	protein_coding		
ENSSSAG00000035524	AGKD04287108.1	.	snoRNA	U3	Small nucleolar RNA U3 [Source:RFAM%3BAcc:RF00012]
ENSSSAG00000035527	AGKD04396483.1	.	protein_coding		
ENSSSAG00000035530	AGKD04525000.1	.	protein_coding		
ENSSSAG00000035537	AGKD04602801.1	.	pseudogene		
ENSSSAG00000035538	AGKD04776316.1	.	pseudogene		
ENSSSAG00000035539	AGKD04652415.1	.	protein_coding		
ENSSSAG00000035542	AGKD04822013.1	.	snRNA	U2	U2 spliceosomal RNA [Source:RFAM%3BAcc:RF00004]
ENSSSAG00000035545	AGKD04590725.1	.	snRNA	U4	U4 spliceosomal RNA [Source:RFAM%3BAcc:RF00015]
ENSSSAG00000035546	AGKD04789613.1	.	snRNA	U5	U5 spliceosomal RNA [Source:RFAM%3BAcc:RF00020]
ENSSSAG00000035549	AGKD04260107.1	.	protein_coding		
ENSSSAG00000035550	AGKD04333400.1	.	protein_coding		
ENSSSAG00000035554	AGKD04445495.1	.	protein_coding		
ENSSSAG00000035555	AGKD04227278.1	.	snRNA	U5	U5 spliceosomal RNA [Source:RFAM%3BAcc:RF00020]
ENSSSAG00000035556	AGKD04100570.1	.	protein_coding		
ENSSSAG00000035570	AGKD04372315.1	.	protein_coding		
ENSSSAG00000035576	AGKD04316750.1	.	protein_coding		
ENSSSAG00000035578	AGKD04822135.1	.	snoRNA		
ENSSSAG00000035581	AGKD04246721.1	.	protein_coding		
ENSSSAG00000035582	AGKD04227278.1	.	snRNA	U2	U2 spliceosomal RNA [Source:RFAM%3BAcc:RF00004]
ENSSSAG00000035584	AGKD04669313.1	.	protein_coding		
ENSSSAG00000035594	AGKD04380878.1	.	snRNA	U1	U1 spliceosomal RNA [Source:RFAM%3BAcc:RF00003]
ENSSSAG00000035596	AGKD04396543.1	.	protein_coding		
ENSSSAG00000035597	AGKD04257264.1	.	snRNA	U1	U1 spliceosomal RNA [Source:RFAM%3BAcc:RF00003]
ENSSSAG00000035599	AGKD04652421.1	.	protein_coding		
ENSSSAG00000035602	AGKD04590843.1	.	snRNA	U1	U1 spliceosomal RNA [Source:RFAM%3BAcc:RF00003]
ENSSSAG00000035607	AGKD04822135.1	.	snoRNA	U3	Small nucleolar RNA U3 [Source:RFAM%3BAcc:RF00012]
ENSSSAG00000035609	AGKD04530826.1	.	snRNA	U1	U1 spliceosomal RNA [Source:RFAM%3BAcc:RF00003]
ENSSSAG00000035613	AGKD04316862.1	.	snRNA	U1	U1 spliceosomal RNA [Source:RFAM%3BAcc:RF00003]
ENSSSAG00000035617	AGKD04577264.1	.	protein_coding		
ENSSSAG00000035621	AGKD04287157.1	.	snRNA	U2	U2 spliceosomal RNA [Source:RFAM%3BAcc:RF00004]
ENSSSAG00000035622	AGKD04836099.1	.	snRNA	U5	U5 spliceosomal RNA [Source:RFAM%3BAcc:RF00020]
ENSSSAG00000035624	AGKD04246729.1	.	protein_coding		
ENSSSAG00000035625	AGKD04100570.1	.	pseudogene		
ENSSSAG00000035626	AGKD04404725.1	.	snRNA	U1	U1 spliceosomal RNA [Source:RFAM%3BAcc:RF00003]
ENSSSAG00000035627	AGKD04641884.1	.	protein_coding		
ENSSSAG00000035632	AGKD04333463.1	.	protein_coding		
ENSSSAG00000035639	AGKD04227288.1	.	protein_coding		
ENSSSAG00000035642	AGKD04260205.1	.	protein_coding		
ENSSSAG00000035644	AGKD04616272.1	.	snRNA	U1	U1 spliceosomal RNA [Source:RFAM%3BAcc:RF00003]
ENSSSAG00000035645	AGKD04789647.1	.	protein_coding	TMSB4X	thymosin beta 4 X-linked [Source:HGNC Symbol%3BAcc:HGNC:11881]
ENSSSAG00000035648	AGKD04822159.1	.	snRNA	U5	U5 spliceosomal RNA [Source:RFAM%3BAcc:RF00020]
ENSSSAG00000035655	AGKD04287157.1	.	snRNA	U5	U5 spliceosomal RNA [Source:RFAM%3BAcc:RF00020]
ENSSSAG00000035656	AGKD04536050.1	.	snRNA	U1	U1 spliceosomal RNA [Source:RFAM%3BAcc:RF00003]
ENSSSAG00000035657	AGKD04404783.1	.	snRNA	U1	U1 spliceosomal RNA [Source:RFAM%3BAcc:RF00003]
ENSSSAG00000035659	AGKD04628912.1	.	snRNA	U2	U2 spliceosomal RNA [Source:RFAM%3BAcc:RF00004]
ENSSSAG00000035661	AGKD04303294.1	.	protein_coding		
ENSSSAG00000035666	AGKD04423111.1	.	pseudogene		
ENSSSAG00000035670	AGKD04445559.1	.	protein_coding		
ENSSSAG00000035674	AGKD04822407.1	.	snRNA	U2	U2 spliceosomal RNA [Source:RFAM%3BAcc:RF00004]
ENSSSAG00000035682	AGKD04629063.1	.	snRNA	U1	U1 spliceosomal RNA [Source:RFAM%3BAcc:RF00003]
ENSSSAG00000035694	AGKD04641947.1	.	snRNA	U1	U1 spliceosomal RNA [Source:RFAM%3BAcc:RF00003]
ENSSSAG00000035696	AGKD04536063.1	.	pseudogene		
ENSSSAG00000035699	AGKD04287171.1	.	protein_coding		
ENSSSAG00000035708	AGKD04227336.1	.	protein_coding		
ENSSSAG00000035710	AGKD04836284.1	.	protein_coding		
ENSSSAG00000035713	AGKD04404833.1	.	protein_coding		
ENSSSAG00000035716	AGKD04246871.1	.	protein_coding	gpr55a	G protein-coupled receptor 55a [Source:ZFIN%3BAcc:ZDB-GENE-051113-260]
ENSSSAG00000035719	AGKD04333531.1	.	protein_coding		
ENSSSAG00000035721	AGKD04229815.1	.	protein_coding		
ENSSSAG00000035726	AGKD04381113.1	.	snRNA	U2	U2 spliceosomal RNA [Source:RFAM%3BAcc:RF00004]
ENSSSAG00000035727	AGKD04109514.1	.	rRNA	5_8S_rRNA	5.8S ribosomal RNA [Source:RFAM%3BAcc:RF00002]
ENSSSAG00000035736	AGKD04127462.1	.	snRNA	U6	U6 spliceosomal RNA [Source:RFAM%3BAcc:RF00026]
ENSSSAG00000035740	AGKD04155747.1	.	snRNA	U1	U1 spliceosomal RNA [Source:RFAM%3BAcc:RF00003]
ENSSSAG00000035744	AGKD04590894.1	.	protein_coding		
ENSSSAG00000035745	AGKD04227338.1	.	protein_coding		
ENSSSAG00000035748	AGKD04316924.1	.	snRNA	U1	U1 spliceosomal RNA [Source:RFAM%3BAcc:RF00003]
ENSSSAG00000035750	AGKD04445654.1	.	protein_coding		
ENSSSAG00000035752	AGKD04372421.1	.	protein_coding		
ENSSSAG00000035754	AGKD04525075.1	.	snRNA	U1	U1 spliceosomal RNA [Source:RFAM%3BAcc:RF00003]
ENSSSAG00000035761	AGKD04822608.1	.	miRNA	ssa-mir-125a-1	ssa-mir-125a-1 [Source:miRBase%3BAcc:MI0026452]
ENSSSAG00000035765	AGKD04381113.1	.	snRNA	U5	U5 spliceosomal RNA [Source:RFAM%3BAcc:RF00020]
ENSSSAG00000035769	AGKD04127462.1	.	snRNA	U6	U6 spliceosomal RNA [Source:RFAM%3BAcc:RF00026]
ENSSSAG00000035773	AGKD04642427.1	.	snRNA	U6	U6 spliceosomal RNA [Source:RFAM%3BAcc:RF00026]
ENSSSAG00000035774	AGKD04287236.1	.	protein_coding		
ENSSSAG00000035775	AGKD04260229.1	.	snRNA	U1	U1 spliceosomal RNA [Source:RFAM%3BAcc:RF00003]
ENSSSAG00000035778	AGKD04697183.1	.	snRNA	U2	U2 spliceosomal RNA [Source:RFAM%3BAcc:RF00004]
ENSSSAG00000035786	AGKD04445655.1	.	snoRNA	U3	Small nucleolar RNA U3 [Source:RFAM%3BAcc:RF00012]
ENSSSAG00000035790	AGKD04160930.1	.	snRNA	U2	U2 spliceosomal RNA [Source:RFAM%3BAcc:RF00004]
ENSSSAG00000035791	AGKD04558776.1	.	protein_coding		
ENSSSAG00000035792	AGKD04591144.1	.	snRNA	U2	U2 spliceosomal RNA [Source:RFAM%3BAcc:RF00004]
ENSSSAG00000035798	AGKD04227343.1	.	protein_coding		
ENSSSAG00000035801	AGKD04669932.1	.	misc_RNA	Metazoa_SRP	Metazoan signal recognition particle RNA [Source:RFAM%3BAcc:RF00017]
ENSSSAG00000035805	AGKD04257521.1	.	protein_coding		
ENSSSAG00000035809	AGKD04116541.1	.	snRNA	U6	U6 spliceosomal RNA [Source:RFAM%3BAcc:RF00026]
ENSSSAG00000035812	AGKD04652692.1	.	snoRNA		
ENSSSAG00000035817	AGKD04642470.1	.	protein_coding		
ENSSSAG00000035826	AGKD04396719.1	.	protein_coding		
ENSSSAG00000035832	AGKD04629500.1	.	pseudogene		
ENSSSAG00000035836	AGKD04465233.1	.	snRNA	U2	U2 spliceosomal RNA [Source:RFAM%3BAcc:RF00004]
ENSSSAG00000035839	ssa07	.	snoRNA	U3	Small nucleolar RNA U3 [Source:RFAM%3BAcc:RF00012]
ENSSSAG00000035843	AGKD04033808.1	.	misc_RNA	Metazoa_SRP	Metazoan signal recognition particle RNA [Source:RFAM%3BAcc:RF00017]
ENSSSAG00000035845	AGKD04652692.1	.	snoRNA		
ENSSSAG00000035847	AGKD04229929.1	.	snRNA	U2	U2 spliceosomal RNA [Source:RFAM%3BAcc:RF00004]
ENSSSAG00000035849	AGKD04116541.1	.	snRNA	U6	U6 spliceosomal RNA [Source:RFAM%3BAcc:RF00026]
ENSSSAG00000035850	AGKD04536133.1	.	protein_coding		
ENSSSAG00000035851	AGKD04036380.1	.	protein_coding	tmem121b	cat eye syndrome critical region protein 6-like [Source:NCBI gene%3BAcc:106597786]
ENSSSAG00000035855	AGKD04333630.1	.	snRNA	U1	U1 spliceosomal RNA [Source:RFAM%3BAcc:RF00003]
ENSSSAG00000035857	AGKD04577730.1	.	snRNA	U2	U2 spliceosomal RNA [Source:RFAM%3BAcc:RF00004]
ENSSSAG00000035870	AGKD04465233.1	.	snRNA	U5	U5 spliceosomal RNA [Source:RFAM%3BAcc:RF00020]
ENSSSAG00000035871	AGKD04836405.1	.	snRNA	U2	U2 spliceosomal RNA [Source:RFAM%3BAcc:RF00004]
ENSSSAG00000035875	AGKD04642481.1	.	snRNA	U5	U5 spliceosomal RNA [Source:RFAM%3BAcc:RF00020]
ENSSSAG00000035877	AGKD04652692.1	.	snoRNA		
ENSSSAG00000035881	AGKD04525197.1	.	snRNA	U1	U1 spliceosomal RNA [Source:RFAM%3BAcc:RF00003]
ENSSSAG00000035887	AGKD04229929.1	.	snRNA	U5	U5 spliceosomal RNA [Source:RFAM%3BAcc:RF00020]
ENSSSAG00000035889	AGKD04669995.1	.	protein_coding		
ENSSSAG00000035897	AGKD04260316.1	.	snRNA	U1	U1 spliceosomal RNA [Source:RFAM%3BAcc:RF00003]
ENSSSAG00000035899	AGKD04616647.1	.	protein_coding		
ENSSSAG00000035901	AGKD04577730.1	.	snRNA	U5	U5 spliceosomal RNA [Source:RFAM%3BAcc:RF00020]
ENSSSAG00000035908	AGKD04303510.1	.	protein_coding		
ENSSSAG00000035912	AGKD04227372.1	.	protein_coding		
ENSSSAG00000035913	AGKD04316970.1	.	snRNA	U1	U1 spliceosomal RNA [Source:RFAM%3BAcc:RF00003]
ENSSSAG00000035914	AGKD04652809.1	.	snRNA	U5	U5 spliceosomal RNA [Source:RFAM%3BAcc:RF00020]
ENSSSAG00000035916	AGKD04642624.1	.	snRNA	U5	U5 spliceosomal RNA [Source:RFAM%3BAcc:RF00020]
ENSSSAG00000035925	AGKD04603356.1	.	snRNA	U6	U6 spliceosomal RNA [Source:RFAM%3BAcc:RF00026]
ENSSSAG00000035930	AGKD04260362.1	.	snRNA	U1	U1 spliceosomal RNA [Source:RFAM%3BAcc:RF00003]
ENSSSAG00000035937	AGKD04372486.1	.	snRNA	U1	U1 spliceosomal RNA [Source:RFAM%3BAcc:RF00003]
ENSSSAG00000035943	AGKD04036415.1	.	protein_coding		
ENSSSAG00000035946	AGKD04287238.1	.	protein_coding		
ENSSSAG00000035948	AGKD04836683.1	.	snoRNA	U3	Small nucleolar RNA U3 [Source:RFAM%3BAcc:RF00012]
ENSSSAG00000035952	AGKD04337215.1	.	snoRNA		
ENSSSAG00000035953	AGKD04776972.1	.	snRNA	U6	U6 spliceosomal RNA [Source:RFAM%3BAcc:RF00026]
ENSSSAG00000035955	AGKD04317019.1	.	protein_coding		
ENSSSAG00000035958	AGKD04616869.1	.	snRNA	U1	U1 spliceosomal RNA [Source:RFAM%3BAcc:RF00003]
ENSSSAG00000035960	AGKD04155926.1	.	protein_coding		
ENSSSAG00000035961	AGKD04536442.1	.	snRNA	U4	U4 spliceosomal RNA [Source:RFAM%3BAcc:RF00015]
ENSSSAG00000035979	AGKD04372529.1	.	snRNA	U1	U1 spliceosomal RNA [Source:RFAM%3BAcc:RF00003]
ENSSSAG00000035980	AGKD04303511.1	.	protein_coding		
ENSSSAG00000035985	AGKD04629644.1	.	protein_coding		
ENSSSAG00000035986	AGKD04337215.1	.	snoRNA	U3	Small nucleolar RNA U3 [Source:RFAM%3BAcc:RF00012]
ENSSSAG00000035989	AGKD04836810.1	.	snRNA	U1	U1 spliceosomal RNA [Source:RFAM%3BAcc:RF00003]
ENSSSAG00000035994	AGKD04381202.1	.	protein_coding		
ENSSSAG00000035996	AGKD04670347.1	.	protein_coding		
ENSSSAG00000036001	AGKD04446196.1	.	snRNA	U1	U1 spliceosomal RNA [Source:RFAM%3BAcc:RF00003]
ENSSSAG00000036002	AGKD04229967.1	.	snRNA	U5	U5 spliceosomal RNA [Source:RFAM%3BAcc:RF00020]
ENSSSAG00000036010	AGKD04603813.1	.	protein_coding		
ENSSSAG00000036029	AGKD04405276.1	.	protein_coding		
ENSSSAG00000036035	AGKD04229967.1	.	snRNA	U2	U2 spliceosomal RNA [Source:RFAM%3BAcc:RF00004]
ENSSSAG00000036043	AGKD04790963.1	.	snRNA	U5	U5 spliceosomal RNA [Source:RFAM%3BAcc:RF00020]
ENSSSAG00000036044	AGKD04697625.1	.	pseudogene		
ENSSSAG00000036049	AGKD04446260.1	.	protein_coding		
ENSSSAG00000036050	AGKD04777424.1	.	snRNA	U7	U7 small nuclear RNA [Source:RFAM%3BAcc:RF00066]
ENSSSAG00000036054	AGKD04591279.1	.	snRNA	U2	U2 spliceosomal RNA [Source:RFAM%3BAcc:RF00004]
ENSSSAG00000036061	AGKD04381212.1	.	snRNA	U1	U1 spliceosomal RNA [Source:RFAM%3BAcc:RF00003]
ENSSSAG00000036063	AGKD04652856.1	.	protein_coding		
ENSSSAG00000036065	AGKD04315637.1	.	snRNA	U2	U2 spliceosomal RNA [Source:RFAM%3BAcc:RF00004]
ENSSSAG00000036069	AGKD04423474.1	.	snoRNA	U3	Small nucleolar RNA U3 [Source:RFAM%3BAcc:RF00012]
ENSSSAG00000036071	AGKD04777461.1	.	snoRNA		
ENSSSAG00000036072	AGKD04260474.1	.	protein_coding		
ENSSSAG00000036080	AGKD04396841.1	.	snRNA	U1	U1 spliceosomal RNA [Source:RFAM%3BAcc:RF00003]
ENSSSAG00000036081	AGKD04337407.1	.	snRNA	U2	U2 spliceosomal RNA [Source:RFAM%3BAcc:RF00004]
ENSSSAG00000036101	AGKD04163056.1	.	snRNA	U4	U4 spliceosomal RNA [Source:RFAM%3BAcc:RF00015]
ENSSSAG00000036103	AGKD04317112.1	.	protein_coding		
ENSSSAG00000036105	AGKD04315637.1	.	snRNA	U5	U5 spliceosomal RNA [Source:RFAM%3BAcc:RF00020]
ENSSSAG00000036107	AGKD04337407.1	.	snRNA	U5	U5 spliceosomal RNA [Source:RFAM%3BAcc:RF00020]
ENSSSAG00000036114	AGKD04396888.1	.	snRNA	U4	U4 spliceosomal RNA [Source:RFAM%3BAcc:RF00015]
ENSSSAG00000036119	AGKD04536706.1	.	snRNA	U2	U2 spliceosomal RNA [Source:RFAM%3BAcc:RF00004]
ENSSSAG00000036120	AGKD04778101.1	.	snRNA	U2	U2 spliceosomal RNA [Source:RFAM%3BAcc:RF00004]
ENSSSAG00000036121	AGKD04823780.1	.	snRNA	U2	U2 spliceosomal RNA [Source:RFAM%3BAcc:RF00004]
ENSSSAG00000036124	AGKD04247036.1	.	protein_coding		
ENSSSAG00000036128	AGKD04163056.1	.	snRNA	U4	U4 spliceosomal RNA [Source:RFAM%3BAcc:RF00015]
ENSSSAG00000036132	AGKD04405282.1	.	protein_coding		
ENSSSAG00000036133	AGKD04315643.1	.	protein_coding		
ENSSSAG00000036134	AGKD04229992.1	.	snRNA	U1	U1 spliceosomal RNA [Source:RFAM%3BAcc:RF00003]
ENSSSAG00000036136	AGKD04287344.1	.	protein_coding		
ENSSSAG00000036137	AGKD04423480.1	.	protein_coding		
ENSSSAG00000036140	AGKD04337426.1	.	protein_coding		
ENSSSAG00000036141	AGKD04642831.1	.	snRNA	U5	U5 spliceosomal RNA [Source:RFAM%3BAcc:RF00020]
ENSSSAG00000036142	AGKD04617084.1	.	snRNA	U1	U1 spliceosomal RNA [Source:RFAM%3BAcc:RF00003]
ENSSSAG00000036147	AGKD04791148.1	.	snRNA	U5	U5 spliceosomal RNA [Source:RFAM%3BAcc:RF00020]
ENSSSAG00000036148	AGKD04823891.1	.	snRNA	U2	U2 spliceosomal RNA [Source:RFAM%3BAcc:RF00004]
ENSSSAG00000036150	AGKD04778177.1	.	snRNA	U6	U6 spliceosomal RNA [Source:RFAM%3BAcc:RF00026]
ENSSSAG00000036152	AGKD04446335.1	.	snRNA	U1	U1 spliceosomal RNA [Source:RFAM%3BAcc:RF00003]
ENSSSAG00000036153	AGKD04536706.1	.	snRNA	U5	U5 spliceosomal RNA [Source:RFAM%3BAcc:RF00020]
ENSSSAG00000036154	AGKD04604051.1	.	protein_coding		
ENSSSAG00000036162	AGKD04465561.1	.	protein_coding	npm3	nucleophosmin/nucleoplasmin%2C 3 [Source:ZFIN%3BAcc:ZDB-GENE-050320-50]
ENSSSAG00000036165	AGKD04230032.1	.	snRNA	U1	U1 spliceosomal RNA [Source:RFAM%3BAcc:RF00003]
ENSSSAG00000036168	AGKD04359223.1	.	protein_coding	camlg	calcium modulating ligand [Source:ZFIN%3BAcc:ZDB-GENE-040426-2407]
ENSSSAG00000036169	AGKD04652873.1	.	protein_coding		
ENSSSAG00000036171	AGKD04778428.1	.	snRNA	U2	U2 spliceosomal RNA [Source:RFAM%3BAcc:RF00004]
ENSSSAG00000036179	AGKD04525888.1	.	snRNA	U5	U5 spliceosomal RNA [Source:RFAM%3BAcc:RF00020]
ENSSSAG00000036181	AGKD04791148.1	.	snRNA	U2	U2 spliceosomal RNA [Source:RFAM%3BAcc:RF00004]
ENSSSAG00000036183	AGKD04617197.1	.	protein_coding		
ENSSSAG00000036192	AGKD04559589.1	.	protein_coding		
ENSSSAG00000036194	AGKD04303654.1	.	protein_coding		histone 1%2C H4%2C like [Source:ZFIN%3BAcc:ZDB-GENE-070927-10]
ENSSSAG00000036197	AGKD04836914.1	.	snRNA	U5	U5 spliceosomal RNA [Source:RFAM%3BAcc:RF00020]
ENSSSAG00000036201	AGKD04260484.1	.	protein_coding		
ENSSSAG00000036203	AGKD04093196.1	.	snRNA	U1	U1 spliceosomal RNA [Source:RFAM%3BAcc:RF00003]
ENSSSAG00000036205	AGKD04257585.1	.	pseudogene		
ENSSSAG00000036206	AGKD04791284.1	.	snRNA	U2	U2 spliceosomal RNA [Source:RFAM%3BAcc:RF00004]
ENSSSAG00000036228	AGKD04423654.1	.	snRNA	U2	U2 spliceosomal RNA [Source:RFAM%3BAcc:RF00004]
ENSSSAG00000036231	AGKD04825096.1	.	snRNA	U2	U2 spliceosomal RNA [Source:RFAM%3BAcc:RF00004]
ENSSSAG00000036233	AGKD04230065.1	.	snRNA	U1	U1 spliceosomal RNA [Source:RFAM%3BAcc:RF00003]
ENSSSAG00000036234	AGKD04837030.1	.	snRNA	U5	U5 spliceosomal RNA [Source:RFAM%3BAcc:RF00020]
ENSSSAG00000036240	AGKD04247047.1	.	protein_coding		
ENSSSAG00000036241	AGKD04227376.1	.	snoRNA	U3	Small nucleolar RNA U3 [Source:RFAM%3BAcc:RF00012]
ENSSSAG00000036243	AGKD04578394.1	.	snRNA	U1	U1 spliceosomal RNA [Source:RFAM%3BAcc:RF00003]
ENSSSAG00000036251	AGKD04531607.1	.	protein_coding	pomp	proteasome maturation protein [Source:ZFIN%3BAcc:ZDB-GENE-040801-10]
ENSSSAG00000036255	AGKD04423654.1	.	snRNA	U5	U5 spliceosomal RNA [Source:RFAM%3BAcc:RF00020]
ENSSSAG00000036257	AGKD04791284.1	.	snRNA	U5	U5 spliceosomal RNA [Source:RFAM%3BAcc:RF00020]
ENSSSAG00000036258	AGKD04591380.1	.	pseudogene		
ENSSSAG00000036260	AGKD04116775.1	.	snRNA	U1	U1 spliceosomal RNA [Source:RFAM%3BAcc:RF00003]
ENSSSAG00000036262	AGKD04230084.1	.	snRNA	U4	U4 spliceosomal RNA [Source:RFAM%3BAcc:RF00015]
ENSSSAG00000036274	AGKD04837085.1	.	protein_coding	IFITM1	interferon induced transmembrane protein 1 [Source:HGNC Symbol%3BAcc:HGNC:5412]
ENSSSAG00000036277	AGKD04629811.1	.	snoRNA	U3	Small nucleolar RNA U3 [Source:RFAM%3BAcc:RF00012]
ENSSSAG00000036278	AGKD04578429.1	.	protein_coding		
ENSSSAG00000036281	AGKD04825422.1	.	pseudogene		
ENSSSAG00000036283	AGKD04227421.1	.	protein_coding		
ENSSSAG00000036292	AGKD04161495.1	.	protein_coding		
ENSSSAG00000036295	AGKD04317123.1	.	snRNA	U1	U1 spliceosomal RNA [Source:RFAM%3BAcc:RF00003]
ENSSSAG00000036296	AGKD04127724.1	.	snRNA	U1	U1 spliceosomal RNA [Source:RFAM%3BAcc:RF00003]
ENSSSAG00000036299	AGKD04670490.1	.	snRNA	U5	U5 spliceosomal RNA [Source:RFAM%3BAcc:RF00020]
ENSSSAG00000036300	AGKD04630002.1	.	snRNA	U6	U6 spliceosomal RNA [Source:RFAM%3BAcc:RF00026]
ENSSSAG00000036303	AGKD04230084.1	.	snRNA	U4	U4 spliceosomal RNA [Source:RFAM%3BAcc:RF00015]
ENSSSAG00000036312	AGKD04260516.1	.	protein_coding		
ENSSSAG00000036316	AGKD04372627.1	.	protein_coding		
ENSSSAG00000036322	AGKD04315879.1	.	protein_coding		
ENSSSAG00000036326	AGKD04670651.1	.	snRNA	U7	U7 small nuclear RNA [Source:RFAM%3BAcc:RF00066]
ENSSSAG00000036327	AGKD04630048.1	.	snRNA	U2	U2 spliceosomal RNA [Source:RFAM%3BAcc:RF00004]
ENSSSAG00000036331	AGKD04791705.1	.	snRNA	U2	U2 spliceosomal RNA [Source:RFAM%3BAcc:RF00004]
ENSSSAG00000036336	AGKD04163459.1	.	protein_coding		
ENSSSAG00000036337	AGKD04405314.1	.	protein_coding		
ENSSSAG00000036344	AGKD04230147.1	.	protein_coding		
ENSSSAG00000036354	AGKD04791879.1	.	snRNA	U4	U4 spliceosomal RNA [Source:RFAM%3BAcc:RF00015]
ENSSSAG00000036358	AGKD04227428.1	.	protein_coding		
ENSSSAG00000036361	AGKD04630308.1	.	snRNA	U2	U2 spliceosomal RNA [Source:RFAM%3BAcc:RF00004]
ENSSSAG00000036364	AGKD04333902.1	.	snRNA	U1	U1 spliceosomal RNA [Source:RFAM%3BAcc:RF00003]
ENSSSAG00000036377	AGKD04372657.1	.	snRNA	U4	U4 spliceosomal RNA [Source:RFAM%3BAcc:RF00015]
ENSSSAG00000036384	AGKD04303761.1	.	snRNA	U1	U1 spliceosomal RNA [Source:RFAM%3BAcc:RF00003]
ENSSSAG00000036402	AGKD04423777.1	.	protein_coding		
ENSSSAG00000036409	AGKD04247061.1	.	protein_coding		
ENSSSAG00000036417	AGKD04465798.1	.	protein_coding		
ENSSSAG00000036420	AGKD04778919.1	.	snRNA	U2	U2 spliceosomal RNA [Source:RFAM%3BAcc:RF00004]
ENSSSAG00000036421	AGKD04642982.1	.	protein_coding		
ENSSSAG00000036422	AGKD04397223.1	.	protein_coding		
ENSSSAG00000036428	AGKD04303764.1	.	protein_coding		
ENSSSAG00000036432	AGKD04653247.1	.	pseudogene		
ENSSSAG00000036437	AGKD04381668.1	.	protein_coding		
ENSSSAG00000036449	AGKD04559649.1	.	snRNA	U5	U5 spliceosomal RNA [Source:RFAM%3BAcc:RF00020]
ENSSSAG00000036452	AGKD04578834.1	.	snRNA	U1	U1 spliceosomal RNA [Source:RFAM%3BAcc:RF00003]
ENSSSAG00000036469	AGKD04372803.1	.	protein_coding		
ENSSSAG00000036471	AGKD04127805.1	.	protein_coding		calponin-2-like [Source:NCBI gene%3BAcc:106599849]
ENSSSAG00000036485	AGKD04670951.1	.	snRNA	U5	U5 spliceosomal RNA [Source:RFAM%3BAcc:RF00020]
ENSSSAG00000036486	AGKD04247099.1	.	protein_coding		
ENSSSAG00000036487	AGKD04303806.1	.	snRNA	U6	U6 spliceosomal RNA [Source:RFAM%3BAcc:RF00026]
ENSSSAG00000036494	AGKD04837278.1	.	snRNA	U2	U2 spliceosomal RNA [Source:RFAM%3BAcc:RF00004]
ENSSSAG00000036497	AGKD04381687.1	.	snRNA	U2	U2 spliceosomal RNA [Source:RFAM%3BAcc:RF00004]
ENSSSAG00000036499	AGKD04446765.1	.	protein_coding		
ENSSSAG00000036501	AGKD04537082.1	.	pseudogene		
ENSSSAG00000036503	AGKD04825629.1	.	snRNA	U2	U2 spliceosomal RNA [Source:RFAM%3BAcc:RF00004]
ENSSSAG00000036510	AGKD04287507.1	.	protein_coding		
ENSSSAG00000036519	AGKD04303821.1	.	snRNA	U1	U1 spliceosomal RNA [Source:RFAM%3BAcc:RF00003]
ENSSSAG00000036521	AGKD04230172.1	.	protein_coding		
ENSSSAG00000036529	AGKD04643221.1	.	snRNA	U5	U5 spliceosomal RNA [Source:RFAM%3BAcc:RF00020]
ENSSSAG00000036536	AGKD04792684.1	.	snRNA	U7	U7 small nuclear RNA [Source:RFAM%3BAcc:RF00066]
ENSSSAG00000036537	AGKD04337804.1	.	protein_coding		
ENSSSAG00000036540	AGKD04372930.1	.	protein_coding		
ENSSSAG00000036541	AGKD04778995.1	.	snRNA	U2	U2 spliceosomal RNA [Source:RFAM%3BAcc:RF00004]
ENSSSAG00000036545	AGKD04604689.1	.	protein_coding		
ENSSSAG00000036547	AGKD04591443.1	.	protein_coding		
ENSSSAG00000036551	AGKD04630409.1	.	snoRNA		
ENSSSAG00000036559	AGKD04671281.1	.	snRNA	U1	U1 spliceosomal RNA [Source:RFAM%3BAcc:RF00003]
ENSSSAG00000036560	AGKD04537097.1	.	snRNA	U1	U1 spliceosomal RNA [Source:RFAM%3BAcc:RF00003]
ENSSSAG00000036576	AGKD04630409.1	.	snoRNA	U3	Small nucleolar RNA U3 [Source:RFAM%3BAcc:RF00012]
ENSSSAG00000036577	AGKD04698731.1	.	snRNA	U6	U6 spliceosomal RNA [Source:RFAM%3BAcc:RF00026]
ENSSSAG00000036578	AGKD04230173.1	.	protein_coding		
ENSSSAG00000036584	AGKD04671459.1	.	snRNA	U5	U5 spliceosomal RNA [Source:RFAM%3BAcc:RF00020]
ENSSSAG00000036585	AGKD04837646.1	.	snRNA	U5	U5 spliceosomal RNA [Source:RFAM%3BAcc:RF00020]
ENSSSAG00000036590	AGKD04317344.1	.	snRNA	U1	U1 spliceosomal RNA [Source:RFAM%3BAcc:RF00003]
ENSSSAG00000036593	AGKD04303870.1	.	protein_coding		
ENSSSAG00000036597	AGKD04024688.1	.	protein_coding	u2af1	splicing factor U2AF 35 kDa subunit-like [Source:NCBI gene%3BAcc:106595794]
ENSSSAG00000036598	AGKD04337826.1	.	pseudogene		
ENSSSAG00000036602	AGKD04446840.1	.	snRNA	U4	U4 spliceosomal RNA [Source:RFAM%3BAcc:RF00015]
ENSSSAG00000036606	AGKD04156198.1	.	protein_coding		
ENSSSAG00000036607	ssa22	.	lncRNA		
ENSSSAG00000036608	AGKD04698865.1	.	snRNA	U2	U2 spliceosomal RNA [Source:RFAM%3BAcc:RF00004]
ENSSSAG00000036609	AGKD04531904.1	.	snRNA	U2	U2 spliceosomal RNA [Source:RFAM%3BAcc:RF00004]
ENSSSAG00000036614	AGKD04604769.1	.	snoRNA		
ENSSSAG00000036616	AGKD04792823.1	.	protein_coding		
ENSSSAG00000036620	AGKD04591469.1	.	protein_coding		
ENSSSAG00000036621	AGKD04559978.1	.	pseudogene		
ENSSSAG00000036625	AGKD04227433.1	.	protein_coding		
ENSSSAG00000036627	AGKD04397376.1	.	protein_coding		
ENSSSAG00000036631	AGKD04465927.1	.	snRNA	U5	U5 spliceosomal RNA [Source:RFAM%3BAcc:RF00020]
ENSSSAG00000036632	ssa04	.	processed_pseudogene		
ENSSSAG00000036635	AGKD04837707.1	.	protein_coding		
ENSSSAG00000036636	AGKD04643517.1	.	pseudogene		
ENSSSAG00000036646	AGKD04093260.1	.	protein_coding		
ENSSSAG00000036654	AGKD04630536.1	.	snRNA	U5	U5 spliceosomal RNA [Source:RFAM%3BAcc:RF00020]
ENSSSAG00000036657	AGKD04671578.1	.	snRNA	U1	U1 spliceosomal RNA [Source:RFAM%3BAcc:RF00003]
ENSSSAG00000036658	AGKD04779097.1	.	snRNA	U2	U2 spliceosomal RNA [Source:RFAM%3BAcc:RF00004]
ENSSSAG00000036660	AGKD04604769.1	.	protein_coding		
ENSSSAG00000036661	AGKD04334187.1	.	protein_coding		
ENSSSAG00000036670	AGKD04825886.1	.	snRNA	U5	U5 spliceosomal RNA [Source:RFAM%3BAcc:RF00020]
ENSSSAG00000036673	AGKD04257748.1	.	protein_coding		
ENSSSAG00000036678	AGKD04465944.1	.	protein_coding		
ENSSSAG00000036689	AGKD04156226.1	.	snRNA	U6	U6 spliceosomal RNA [Source:RFAM%3BAcc:RF00026]
ENSSSAG00000036695	AGKD04287626.1	.	snRNA	U1	U1 spliceosomal RNA [Source:RFAM%3BAcc:RF00003]
ENSSSAG00000036698	AGKD04578838.1	.	snRNA	U1	U1 spliceosomal RNA [Source:RFAM%3BAcc:RF00003]
ENSSSAG00000036700	AGKD04826428.1	.	snRNA	U2	U2 spliceosomal RNA [Source:RFAM%3BAcc:RF00004]
ENSSSAG00000036702	AGKD04591699.1	.	snRNA	U5	U5 spliceosomal RNA [Source:RFAM%3BAcc:RF00020]
ENSSSAG00000036708	AGKD04527002.1	.	snRNA	U5	U5 spliceosomal RNA [Source:RFAM%3BAcc:RF00020]
ENSSSAG00000036710	AGKD04227442.1	.	protein_coding		
ENSSSAG00000036711	AGKD04156226.1	.	snRNA	U6	U6 spliceosomal RNA [Source:RFAM%3BAcc:RF00026]
ENSSSAG00000036712	AGKD04405871.1	.	snRNA	U1	U1 spliceosomal RNA [Source:RFAM%3BAcc:RF00003]
ENSSSAG00000036713	AGKD04260583.1	.	snRNA	U1	U1 spliceosomal RNA [Source:RFAM%3BAcc:RF00003]
ENSSSAG00000036718	AGKD04381946.1	.	snRNA	U1	U1 spliceosomal RNA [Source:RFAM%3BAcc:RF00003]
ENSSSAG00000036721	AGKD04579072.1	.	snRNA	U5	U5 spliceosomal RNA [Source:RFAM%3BAcc:RF00020]
ENSSSAG00000036722	AGKD04617993.1	.	pseudogene		
ENSSSAG00000036724	AGKD04531989.1	.	snRNA	U1	U1 spliceosomal RNA [Source:RFAM%3BAcc:RF00003]
ENSSSAG00000036728	AGKD04287638.1	.	protein_coding		
ENSSSAG00000036730	AGKD04826444.1	.	pseudogene		
ENSSSAG00000036733	AGKD04591850.1	.	protein_coding	wnt5b	wingless-type MMTV integration site family%2C member 5b [Source:NCBI gene%3BAcc:30105]
ENSSSAG00000036735	AGKD04630651.1	.	snRNA	U4	U4 spliceosomal RNA [Source:RFAM%3BAcc:RF00015]
ENSSSAG00000036736	AGKD04527002.1	.	snRNA	U2	U2 spliceosomal RNA [Source:RFAM%3BAcc:RF00004]
ENSSSAG00000036737	AGKD04317369.1	.	protein_coding		
ENSSSAG00000036739	AGKD04653599.1	.	protein_coding		
ENSSSAG00000036740	AGKD04405977.1	.	snRNA	U1	U1 spliceosomal RNA [Source:RFAM%3BAcc:RF00003]
ENSSSAG00000036744	AGKD04779544.1	.	snRNA	U5	U5 spliceosomal RNA [Source:RFAM%3BAcc:RF00020]
ENSSSAG00000036745	AGKD04093264.1	.	snRNA	U2	U2 spliceosomal RNA [Source:RFAM%3BAcc:RF00004]
ENSSSAG00000036746	AGKD04699085.1	.	snRNA	U1	U1 spliceosomal RNA [Source:RFAM%3BAcc:RF00003]
ENSSSAG00000036747	AGKD04672008.1	.	protein_coding		
ENSSSAG00000036749	AGKD04247200.1	.	snRNA	U6	U6 spliceosomal RNA [Source:RFAM%3BAcc:RF00026]
ENSSSAG00000036767	AGKD04093264.1	.	snRNA	U5	U5 spliceosomal RNA [Source:RFAM%3BAcc:RF00020]
ENSSSAG00000036769	AGKD04699140.1	.	pseudogene		
ENSSSAG00000036776	AGKD04779591.1	.	snRNA	U2	U2 spliceosomal RNA [Source:RFAM%3BAcc:RF00004]
ENSSSAG00000036780	AGKD04527016.1	.	protein_coding		
ENSSSAG00000036783	AGKD04537426.1	.	protein_coding		
ENSSSAG00000036784	AGKD04100731.1	.	snoRNA	U3	Small nucleolar RNA U3 [Source:RFAM%3BAcc:RF00012]
ENSSSAG00000036793	AGKD04303916.1	.	protein_coding		
ENSSSAG00000036796	AGKD04260604.1	.	protein_coding		
ENSSSAG00000036800	AGKD04446968.1	.	protein_coding		
ENSSSAG00000036804	AGKD04560027.1	.	snRNA	U2	U2 spliceosomal RNA [Source:RFAM%3BAcc:RF00004]
ENSSSAG00000036805	AGKD04100731.1	.	snoRNA	U3	Small nucleolar RNA U3 [Source:RFAM%3BAcc:RF00012]
ENSSSAG00000036809	AGKD04591894.1	.	protein_coding		
ENSSSAG00000036813	AGKD04227494.1	.	protein_coding		
ENSSSAG00000036815	AGKD04359238.1	.	protein_coding		
ENSSSAG00000036823	AGKD04779932.1	.	snRNA	U5	U5 spliceosomal RNA [Source:RFAM%3BAcc:RF00020]
ENSSSAG00000036824	AGKD04230238.1	.	snRNA	U1	U1 spliceosomal RNA [Source:RFAM%3BAcc:RF00003]
ENSSSAG00000036827	AGKD04672091.1	.	protein_coding		
ENSSSAG00000036828	AGKD04257762.1	.	protein_coding		
ENSSSAG00000036856	AGKD04653702.1	.	snRNA	U1	U1 spliceosomal RNA [Source:RFAM%3BAcc:RF00003]
ENSSSAG00000036858	AGKD04317404.1	.	protein_coding		
ENSSSAG00000036860	AGKD04337846.1	.	snRNA	U1	U1 spliceosomal RNA [Source:RFAM%3BAcc:RF00003]
ENSSSAG00000036863	AGKD04260652.1	.	protein_coding		
ENSSSAG00000036868	AGKD04591910.1	.	snRNA	U5	U5 spliceosomal RNA [Source:RFAM%3BAcc:RF00020]
ENSSSAG00000036869	AGKD04447012.1	.	pseudogene		
ENSSSAG00000036871	AGKD04287710.1	.	snRNA	U6	U6 spliceosomal RNA [Source:RFAM%3BAcc:RF00026]
ENSSSAG00000036881	AGKD04359266.1	.	protein_coding		
ENSSSAG00000036887	AGKD04631210.1	.	snRNA	U5	U5 spliceosomal RNA [Source:RFAM%3BAcc:RF00020]
ENSSSAG00000036893	AGKD04036443.1	.	protein_coding	ENPP7	ectonucleotide pyrophosphatase/phosphodiesterase 7 [Source:HGNC Symbol%3BAcc:HGNC:23764]
ENSSSAG00000036897	AGKD04247285.1	.	protein_coding		
ENSSSAG00000036905	AGKD04592011.1	.	pseudogene		
ENSSSAG00000036907	AGKD04527403.1	.	protein_coding	gins3	GINS complex subunit 3 [Source:ZFIN%3BAcc:ZDB-GENE-040721-1]
ENSSSAG00000036915	AGKD04406295.1	.	snRNA	U1	U1 spliceosomal RNA [Source:RFAM%3BAcc:RF00003]
ENSSSAG00000036917	AGKD04780185.1	.	snRNA	U2	U2 spliceosomal RNA [Source:RFAM%3BAcc:RF00004]
ENSSSAG00000036919	AGKD04164441.1	.	snRNA	U6	U6 spliceosomal RNA [Source:RFAM%3BAcc:RF00026]
ENSSSAG00000036924	AGKD04227511.1	.	protein_coding		
ENSSSAG00000036931	AGKD04287744.1	.	protein_coding		
ENSSSAG00000036933	AGKD04334366.1	.	pseudogene		
ENSSSAG00000036934	AGKD04837935.1	.	snRNA	U2	U2 spliceosomal RNA [Source:RFAM%3BAcc:RF00004]
ENSSSAG00000036936	AGKD04164441.1	.	snRNA	U6	U6 spliceosomal RNA [Source:RFAM%3BAcc:RF00026]
ENSSSAG00000036937	AGKD04230257.1	.	protein_coding		
ENSSSAG00000036940	AGKD04780249.1	.	snRNA	U2	U2 spliceosomal RNA [Source:RFAM%3BAcc:RF00004]
ENSSSAG00000036943	AGKD04466020.1	.	snRNA	U6	U6 spliceosomal RNA [Source:RFAM%3BAcc:RF00026]
ENSSSAG00000036944	AGKD04406301.1	.	snRNA	U1	U1 spliceosomal RNA [Source:RFAM%3BAcc:RF00003]
ENSSSAG00000036952	ssa26	.	protein_coding		paired box protein Pax-6-like [Source:NCBI gene%3BAcc:106587833]
ENSSSAG00000036956	AGKD04359339.1	.	miRNA	ssa-mir-430c	ssa-mir-430c [Source:miRBase%3BAcc:MI0026701]
ENSSSAG00000036958	AGKD04838064.1	.	snRNA	U2	U2 spliceosomal RNA [Source:RFAM%3BAcc:RF00004]
ENSSSAG00000036966	AGKD04247301.1	.	protein_coding		
ENSSSAG00000036970	AGKD04560869.1	.	pseudogene		
ENSSSAG00000036975	AGKD04780354.1	.	protein_coding	gpr146	G protein-coupled receptor 146 [Source:ZFIN%3BAcc:ZDB-GENE-050823-3]
ENSSSAG00000036976	AGKD04359339.1	.	miRNA	ssa-mir-430b	ssa-mir-430b [Source:miRBase%3BAcc:MI0026700]
ENSSSAG00000036979	AGKD04373148.1	.	protein_coding		
ENSSSAG00000036980	AGKD04260742.1	.	snRNA	U5	U5 spliceosomal RNA [Source:RFAM%3BAcc:RF00020]
ENSSSAG00000036981	AGKD04227519.1	.	snRNA	U1	U1 spliceosomal RNA [Source:RFAM%3BAcc:RF00003]
ENSSSAG00000036986	AGKD04604915.1	.	protein_coding		
ENSSSAG00000036995	AGKD04230276.1	.	protein_coding		
ENSSSAG00000036996	AGKD04156355.1	.	protein_coding		
ENSSSAG00000036997	AGKD04382138.1	.	protein_coding		
ENSSSAG00000037006	AGKD04359444.1	.	protein_coding		
ENSSSAG00000037011	AGKD04838065.1	.	protein_coding		
ENSSSAG00000037012	AGKD04527620.1	.	misc_RNA	Metazoa_SRP	Metazoan signal recognition particle RNA [Source:RFAM%3BAcc:RF00017]
ENSSSAG00000037013	AGKD04257789.1	.	snRNA	U6	U6 spliceosomal RNA [Source:RFAM%3BAcc:RF00026]
ENSSSAG00000037014	AGKD04826905.1	.	snRNA	U5	U5 spliceosomal RNA [Source:RFAM%3BAcc:RF00020]
ENSSSAG00000037017	AGKD04466050.1	.	snRNA	U1	U1 spliceosomal RNA [Source:RFAM%3BAcc:RF00003]
ENSSSAG00000037021	AGKD04287784.1	.	snRNA	U2	U2 spliceosomal RNA [Source:RFAM%3BAcc:RF00004]
ENSSSAG00000037029	AGKD04227614.1	.	protein_coding		
ENSSSAG00000037035	AGKD04826991.1	.	protein_coding		
ENSSSAG00000037036	AGKD04247326.1	.	protein_coding		
ENSSSAG00000037041	AGKD04532403.1	.	protein_coding		
ENSSSAG00000037042	AGKD04287851.1	.	snRNA	U1	U1 spliceosomal RNA [Source:RFAM%3BAcc:RF00003]
ENSSSAG00000037050	AGKD04036456.1	.	protein_coding		TBC1 domain family member 31-like [Source:NCBI gene%3BAcc:106597794]
ENSSSAG00000037052	AGKD04604946.1	.	pseudogene		
ENSSSAG00000037061	AGKD04230283.1	.	snRNA	U1	U1 spliceosomal RNA [Source:RFAM%3BAcc:RF00003]
ENSSSAG00000037062	AGKD04406446.1	.	snRNA	U1	U1 spliceosomal RNA [Source:RFAM%3BAcc:RF00003]
ENSSSAG00000037064	AGKD04537748.1	.	snRNA	U1	U1 spliceosomal RNA [Source:RFAM%3BAcc:RF00003]
ENSSSAG00000037066	AGKD04672666.1	.	pseudogene		
ENSSSAG00000037071	AGKD04373198.1	.	snRNA	U1	U1 spliceosomal RNA [Source:RFAM%3BAcc:RF00003]
ENSSSAG00000037072	AGKD04287867.1	.	protein_coding		
ENSSSAG00000037075	AGKD04579573.1	.	protein_coding		
ENSSSAG00000037078	AGKD04127890.1	.	protein_coding		
ENSSSAG00000037079	AGKD04257928.1	.	protein_coding		
ENSSSAG00000037082	AGKD04527700.1	.	pseudogene		
ENSSSAG00000037086	AGKD04373228.1	.	snRNA	U1	U1 spliceosomal RNA [Source:RFAM%3BAcc:RF00003]
ENSSSAG00000037089	AGKD04317692.1	.	protein_coding		
ENSSSAG00000037095	AGKD04161698.1	.	snRNA	U1	U1 spliceosomal RNA [Source:RFAM%3BAcc:RF00003]
ENSSSAG00000037110	AGKD04303958.1	.	snRNA	U1	U1 spliceosomal RNA [Source:RFAM%3BAcc:RF00003]
ENSSSAG00000037111	AGKD04537836.1	.	protein_coding		
ENSSSAG00000037113	AGKD04227695.1	.	snoRNA		
ENSSSAG00000037118	AGKD04230324.1	.	snRNA	U1	U1 spliceosomal RNA [Source:RFAM%3BAcc:RF00003]
ENSSSAG00000037119	AGKD04397920.1	.	protein_coding		
ENSSSAG00000037132	AGKD04592375.1	.	snRNA	U6	U6 spliceosomal RNA [Source:RFAM%3BAcc:RF00026]
ENSSSAG00000037133	AGKD04227695.1	.	snoRNA	U3	Small nucleolar RNA U3 [Source:RFAM%3BAcc:RF00012]
ENSSSAG00000037134	AGKD04100774.1	.	protein_coding		
ENSSSAG00000037139	AGKD04838488.1	.	protein_coding		
ENSSSAG00000037143	AGKD04260881.1	.	protein_coding		
ENSSSAG00000037153	AGKD04579647.1	.	protein_coding		
ENSSSAG00000037156	AGKD04827044.1	.	protein_coding		
ENSSSAG00000037165	AGKD04338049.1	.	snoRNA	U3	Small nucleolar RNA U3 [Source:RFAM%3BAcc:RF00012]
ENSSSAG00000037175	AGKD04230367.1	.	protein_coding		
ENSSSAG00000037180	AGKD04654422.1	.	snRNA	U2	U2 spliceosomal RNA [Source:RFAM%3BAcc:RF00004]
ENSSSAG00000037190	AGKD04093276.1	.	snoRNA		
ENSSSAG00000037197	AGKD04227725.1	.	pseudogene		
ENSSSAG00000037208	AGKD04161763.1	.	protein_coding		
ENSSSAG00000037213	AGKD04093276.1	.	snoRNA	U3	Small nucleolar RNA U3 [Source:RFAM%3BAcc:RF00012]
ENSSSAG00000037219	AGKD04334367.1	.	protein_coding		
ENSSSAG00000037223	AGKD04024719.1	.	protein_coding	macc1	metastasis-associated in colon cancer protein 1-like [Source:NCBI gene%3BAcc:106595809]
ENSSSAG00000037227	ssa03	.	protein_coding	axin1	axin-1-like [Source:NCBI gene%3BAcc:106601114]
ENSSSAG00000037233	AGKD04580009.1	.	snRNA	U4	U4 spliceosomal RNA [Source:RFAM%3BAcc:RF00015]
ENSSSAG00000037240	ssa06	.	lncRNA		
ENSSSAG00000037244	AGKD04373402.1	.	protein_coding		
ENSSSAG00000037246	AGKD04605048.1	.	snRNA	U2	U2 spliceosomal RNA [Source:RFAM%3BAcc:RF00004]
ENSSSAG00000037248	AGKD04838566.1	.	protein_coding		
ENSSSAG00000037249	AGKD04288030.1	.	snRNA	U5	U5 spliceosomal RNA [Source:RFAM%3BAcc:RF00020]
ENSSSAG00000037257	AGKD04827270.1	.	misc_RNA	Metazoa_SRP	Metazoan signal recognition particle RNA [Source:RFAM%3BAcc:RF00017]
ENSSSAG00000037258	AGKD04580021.1	.	snRNA	U4	U4 spliceosomal RNA [Source:RFAM%3BAcc:RF00015]
ENSSSAG00000037261	AGKD04009524.1	.	protein_coding		
ENSSSAG00000037273	AGKD04605048.1	.	snRNA	U5	U5 spliceosomal RNA [Source:RFAM%3BAcc:RF00020]
ENSSSAG00000037274	AGKD04780525.1	.	snRNA	U5	U5 spliceosomal RNA [Source:RFAM%3BAcc:RF00020]
ENSSSAG00000037278	AGKD04338167.1	.	snoRNA		
ENSSSAG00000037280	AGKD04672810.1	.	protein_coding		
ENSSSAG00000037282	AGKD04288030.1	.	snRNA	U2	U2 spliceosomal RNA [Source:RFAM%3BAcc:RF00004]
ENSSSAG00000037289	AGKD04560967.1	.	pseudogene		
ENSSSAG00000037291	AGKD04538190.1	.	protein_coding		
ENSSSAG00000037293	AGKD04618936.1	.	protein_coding		
ENSSSAG00000037296	AGKD04247337.1	.	snoRNA		
ENSSSAG00000037311	AGKD04024731.1	.	snRNA	U2	U2 spliceosomal RNA [Source:RFAM%3BAcc:RF00004]
ENSSSAG00000037312	AGKD04580305.1	.	protein_coding		
ENSSSAG00000037317	AGKD04247337.1	.	snoRNA	U3	Small nucleolar RNA U3 [Source:RFAM%3BAcc:RF00012]
ENSSSAG00000037318	AGKD04424106.1	.	protein_coding		
ENSSSAG00000037321	AGKD04605079.1	.	protein_coding		
ENSSSAG00000037330	AGKD04827385.1	.	pseudogene		
ENSSSAG00000037338	AGKD04024731.1	.	snRNA	U5	U5 spliceosomal RNA [Source:RFAM%3BAcc:RF00020]
ENSSSAG00000037340	AGKD04334483.1	.	protein_coding		
ENSSSAG00000037341	AGKD04260954.1	.	snRNA	U1	U1 spliceosomal RNA [Source:RFAM%3BAcc:RF00003]
ENSSSAG00000037342	AGKD04247340.1	.	protein_coding		
ENSSSAG00000037347	AGKD04700959.1	.	protein_coding		
ENSSSAG00000037351	ssa01	.	lncRNA		
ENSSSAG00000037365	AGKD04672866.1	.	protein_coding		
ENSSSAG00000037366	AGKD04838855.1	.	snRNA	U1	U1 spliceosomal RNA [Source:RFAM%3BAcc:RF00003]
ENSSSAG00000037368	AGKD04532500.1	.	protein_coding		
ENSSSAG00000037369	AGKD04260960.1	.	snoRNA	U3	Small nucleolar RNA U3 [Source:RFAM%3BAcc:RF00012]
ENSSSAG00000037370	AGKD04528012.1	.	snRNA	U5	U5 spliceosomal RNA [Source:RFAM%3BAcc:RF00020]
ENSSSAG00000037373	AGKD04643836.1	.	protein_coding		
ENSSSAG00000037377	AGKD04227747.1	.	processed_pseudogene		
ENSSSAG00000037385	AGKD04447086.1	.	protein_coding		
ENSSSAG00000037387	AGKD04406940.1	.	snoRNA	U3	Small nucleolar RNA U3 [Source:RFAM%3BAcc:RF00012]
ENSSSAG00000037399	AGKD04304263.1	.	snRNA	U1	U1 spliceosomal RNA [Source:RFAM%3BAcc:RF00003]
ENSSSAG00000037404	AGKD04838858.1	.	protein_coding		
ENSSSAG00000037405	AGKD04397973.1	.	protein_coding		
ENSSSAG00000037407	AGKD04261075.1	.	snRNA	U5	U5 spliceosomal RNA [Source:RFAM%3BAcc:RF00020]
ENSSSAG00000037411	AGKD04618994.1	.	protein_coding		
ENSSSAG00000037413	AGKD04466408.1	.	protein_coding		
ENSSSAG00000037419	AGKD04304304.1	.	snRNA	U2	U2 spliceosomal RNA [Source:RFAM%3BAcc:RF00004]
ENSSSAG00000037421	ssa06	.	protein_coding	atxn7l3	ataxin 7 like 3 [Source:NCBI gene%3BAcc:106606863]
ENSSSAG00000037424	AGKD04261075.1	.	snRNA	U2	U2 spliceosomal RNA [Source:RFAM%3BAcc:RF00004]
ENSSSAG00000037439	AGKD04304304.1	.	snRNA	U5	U5 spliceosomal RNA [Source:RFAM%3BAcc:RF00020]
ENSSSAG00000037442	AGKD04592640.1	.	protein_coding		
ENSSSAG00000037445	AGKD04156848.1	.	snoRNA		
ENSSSAG00000037460	AGKD04317914.1	.	snRNA	U1	U1 spliceosomal RNA [Source:RFAM%3BAcc:RF00003]
ENSSSAG00000037463	AGKD04288379.1	.	protein_coding		
ENSSSAG00000037464	AGKD04230441.1	.	snRNA	U1	U1 spliceosomal RNA [Source:RFAM%3BAcc:RF00003]
ENSSSAG00000037465	AGKD04673114.1	.	snRNA	U5	U5 spliceosomal RNA [Source:RFAM%3BAcc:RF00020]
ENSSSAG00000037466	AGKD04156848.1	.	snoRNA		
ENSSSAG00000037469	AGKD04398046.1	.	snRNA	U1	U1 spliceosomal RNA [Source:RFAM%3BAcc:RF00003]
ENSSSAG00000037472	AGKD04359721.1	.	snRNA	U1	U1 spliceosomal RNA [Source:RFAM%3BAcc:RF00003]
ENSSSAG00000037475	AGKD04407023.1	.	snRNA	U1	U1 spliceosomal RNA [Source:RFAM%3BAcc:RF00003]
ENSSSAG00000037477	AGKD04700987.1	.	protein_coding	C1orf43	chromosome 1 open reading frame 43 [Source:HGNC Symbol%3BAcc:HGNC:29876]
ENSSSAG00000037484	AGKD04654909.1	.	snoRNA		
ENSSSAG00000037485	ssa04	.	scaRNA		
ENSSSAG00000037494	AGKD04156848.1	.	snoRNA		
ENSSSAG00000037507	AGKD04654909.1	.	snoRNA		
ENSSSAG00000037508	AGKD04827779.1	.	snRNA	U2	U2 spliceosomal RNA [Source:RFAM%3BAcc:RF00004]
ENSSSAG00000037510	AGKD04165012.1	.	snoRNA		
ENSSSAG00000037512	AGKD04839214.1	.	snRNA	U1	U1 spliceosomal RNA [Source:RFAM%3BAcc:RF00003]
ENSSSAG00000037515	AGKD04398067.1	.	protein_coding	fars2	phenylalanyl-tRNA synthetase 2%2C mitochondrial [Source:ZFIN%3BAcc:ZDB-GENE-070928-38]
ENSSSAG00000037521	AGKD04338357.1	.	protein_coding		
ENSSSAG00000037522	AGKD04334627.1	.	protein_coding		
ENSSSAG00000037524	AGKD04580390.1	.	protein_coding		
ENSSSAG00000037525	AGKD04317928.1	.	protein_coding		
ENSSSAG00000037526	ssa02	.	protein_coding	LRATD2	LRAT domain containing 2 [Source:HGNC Symbol%3BAcc:HGNC:24166]
ENSSSAG00000037528	AGKD04165012.1	.	snoRNA	U3	Small nucleolar RNA U3 [Source:RFAM%3BAcc:RF00012]
ENSSSAG00000037529	AGKD04156848.1	.	snoRNA		
ENSSSAG00000037536	AGKD04655174.1	.	snRNA	U2	U2 spliceosomal RNA [Source:RFAM%3BAcc:RF00004]
ENSSSAG00000037539	AGKD04247390.1	.	snoRNA		
ENSSSAG00000037541	AGKD04673278.1	.	protein_coding		
ENSSSAG00000037544	AGKD04230459.1	.	snRNA	U4	U4 spliceosomal RNA [Source:RFAM%3BAcc:RF00015]
ENSSSAG00000037546	AGKD04373539.1	.	protein_coding		
ENSSSAG00000037550	AGKD04828234.1	.	protein_coding		
ENSSSAG00000037553	AGKD04247390.1	.	snoRNA	U3	Small nucleolar RNA U3 [Source:RFAM%3BAcc:RF00012]
ENSSSAG00000037560	AGKD04382316.1	.	protein_coding		
ENSSSAG00000037561	AGKD04528317.1	.	protein_coding		
ENSSSAG00000037562	AGKD04561112.1	.	snRNA	U2	U2 spliceosomal RNA [Source:RFAM%3BAcc:RF00004]
ENSSSAG00000037563	AGKD04024762.1	.	snRNA	U5	U5 spliceosomal RNA [Source:RFAM%3BAcc:RF00020]
ENSSSAG00000037566	AGKD04230459.1	.	snRNA	U4	U4 spliceosomal RNA [Source:RFAM%3BAcc:RF00015]
ENSSSAG00000037567	AGKD04156848.1	.	snoRNA		
ENSSSAG00000037568	AGKD04447253.1	.	snRNA	U1	U1 spliceosomal RNA [Source:RFAM%3BAcc:RF00003]
ENSSSAG00000037571	AGKD04359856.1	.	protein_coding		
ENSSSAG00000037580	AGKD04407221.1	.	snRNA	U1	U1 spliceosomal RNA [Source:RFAM%3BAcc:RF00003]
ENSSSAG00000037583	AGKD04261178.1	.	snRNA	U1	U1 spliceosomal RNA [Source:RFAM%3BAcc:RF00003]
ENSSSAG00000037584	AGKD04288418.1	.	protein_coding		
ENSSSAG00000037586	AGKD04024762.1	.	snRNA	U2	U2 spliceosomal RNA [Source:RFAM%3BAcc:RF00004]
ENSSSAG00000037587	AGKD04447278.1	.	snRNA	U6	U6 spliceosomal RNA [Source:RFAM%3BAcc:RF00026]
ENSSSAG00000037588	AGKD04156913.1	.	snRNA	U6	U6 spliceosomal RNA [Source:RFAM%3BAcc:RF00026]
ENSSSAG00000037593	AGKD04247437.1	.	protein_coding		
ENSSSAG00000037597	AGKD04165077.1	.	snRNA	U1	U1 spliceosomal RNA [Source:RFAM%3BAcc:RF00003]
ENSSSAG00000037606	AGKD04261203.1	.	protein_coding		
ENSSSAG00000037608	AGKD04304491.1	.	snRNA	U1	U1 spliceosomal RNA [Source:RFAM%3BAcc:RF00003]
ENSSSAG00000037610	AGKD04156913.1	.	snRNA	U6	U6 spliceosomal RNA [Source:RFAM%3BAcc:RF00026]
ENSSSAG00000037613	AGKD04592887.1	.	protein_coding		
ENSSSAG00000037614	AGKD04382443.1	.	protein_coding		
ENSSSAG00000037615	AGKD04655345.1	.	snRNA	U5	U5 spliceosomal RNA [Source:RFAM%3BAcc:RF00020]
ENSSSAG00000037620	AGKD04165078.1	.	protein_coding		
ENSSSAG00000037621	AGKD04466493.1	.	snRNA	U1	U1 spliceosomal RNA [Source:RFAM%3BAcc:RF00003]
ENSSSAG00000037627	AGKD04036517.1	.	snRNA	U5	U5 spliceosomal RNA [Source:RFAM%3BAcc:RF00020]
ENSSSAG00000037630	AGKD04447417.1	.	protein_coding		
ENSSSAG00000037632	AGKD04605772.1	.	snRNA	U1	U1 spliceosomal RNA [Source:RFAM%3BAcc:RF00003]
ENSSSAG00000037634	AGKD04334692.1	.	protein_coding		
ENSSSAG00000037638	ssa05	.	lncRNA		
ENSSSAG00000037640	AGKD04532973.1	.	protein_coding	mc5ra	melanocortin 5a receptor [Source:ZFIN%3BAcc:ZDB-GENE-021223-3]
ENSSSAG00000037641	AGKD04655366.1	.	snRNA	U7	U7 small nuclear RNA [Source:RFAM%3BAcc:RF00066]
ENSSSAG00000037642	AGKD04466503.1	.	snRNA	U2	U2 spliceosomal RNA [Source:RFAM%3BAcc:RF00004]
ENSSSAG00000037646	AGKD04605780.1	.	snRNA	U1	U1 spliceosomal RNA [Source:RFAM%3BAcc:RF00003]
ENSSSAG00000037647	AGKD04036517.1	.	snRNA	U2	U2 spliceosomal RNA [Source:RFAM%3BAcc:RF00004]
ENSSSAG00000037649	AGKD04673503.1	.	snRNA	U5	U5 spliceosomal RNA [Source:RFAM%3BAcc:RF00020]
ENSSSAG00000037654	AGKD04230484.1	.	protein_coding		
ENSSSAG00000037655	AGKD04318196.1	.	snRNA	U2	U2 spliceosomal RNA [Source:RFAM%3BAcc:RF00004]
ENSSSAG00000037660	AGKD04036517.1	.	snRNA	U5	U5 spliceosomal RNA [Source:RFAM%3BAcc:RF00020]
ENSSSAG00000037665	AGKD04655598.1	.	snRNA	U5	U5 spliceosomal RNA [Source:RFAM%3BAcc:RF00020]
ENSSSAG00000037666	AGKD04466503.1	.	snRNA	U5	U5 spliceosomal RNA [Source:RFAM%3BAcc:RF00020]
ENSSSAG00000037668	AGKD04673563.1	.	protein_coding		
ENSSSAG00000037672	AGKD04318196.1	.	snRNA	U5	U5 spliceosomal RNA [Source:RFAM%3BAcc:RF00020]
ENSSSAG00000037673	AGKD04407297.1	.	snRNA	U4	U4 spliceosomal RNA [Source:RFAM%3BAcc:RF00015]
ENSSSAG00000037675	AGKD04036517.1	.	snRNA	U5	U5 spliceosomal RNA [Source:RFAM%3BAcc:RF00020]
ENSSSAG00000037679	AGKD04619260.1	.	snRNA	U2	U2 spliceosomal RNA [Source:RFAM%3BAcc:RF00004]
ENSSSAG00000037682	AGKD04655598.1	.	snRNA	U2	U2 spliceosomal RNA [Source:RFAM%3BAcc:RF00004]
ENSSSAG00000037684	AGKD04424224.1	.	protein_coding		
ENSSSAG00000037689	ssa05	.	rRNA	5S_rRNA	5S ribosomal RNA [Source:RFAM%3BAcc:RF00001]
ENSSSAG00000037694	AGKD04407297.1	.	snRNA	U4	U4 spliceosomal RNA [Source:RFAM%3BAcc:RF00015]
ENSSSAG00000037696	AGKD04036517.1	.	snRNA	U2	U2 spliceosomal RNA [Source:RFAM%3BAcc:RF00004]
ENSSSAG00000037699	AGKD04655683.1	.	snRNA	U5	U5 spliceosomal RNA [Source:RFAM%3BAcc:RF00020]
ENSSSAG00000037708	AGKD04304614.1	.	protein_coding		
ENSSSAG00000037711	AGKD04318212.1	.	protein_coding		
ENSSSAG00000037712	AGKD04261217.1	.	protein_coding		
ENSSSAG00000037714	AGKD04447427.1	.	pseudogene		
ENSSSAG00000037715	ssa05	.	rRNA	5S_rRNA	5S ribosomal RNA [Source:RFAM%3BAcc:RF00001]
ENSSSAG00000037721	AGKD04227866.1	.	protein_coding		
ENSSSAG00000037734	AGKD04424280.1	.	snRNA	U1	U1 spliceosomal RNA [Source:RFAM%3BAcc:RF00003]
ENSSSAG00000037753	AGKD04656294.1	.	snRNA	U4	U4 spliceosomal RNA [Source:RFAM%3BAcc:RF00015]
ENSSSAG00000037754	AGKD04619337.1	.	protein_coding		
ENSSSAG00000037756	AGKD04230521.1	.	protein_coding		
ENSSSAG00000037759	AGKD04533441.1	.	pseudogene		
ENSSSAG00000037764	AGKD04156978.1	.	protein_coding		
ENSSSAG00000037765	AGKD04606146.1	.	snRNA	U5	U5 spliceosomal RNA [Source:RFAM%3BAcc:RF00020]
ENSSSAG00000037769	AGKD04261268.1	.	snRNA	U6	U6 spliceosomal RNA [Source:RFAM%3BAcc:RF00026]
ENSSSAG00000037770	AGKD04407523.1	.	protein_coding		
ENSSSAG00000037772	AGKD04656307.1	.	miRNA	ssa-mir-101b-1	ssa-mir-101b-1 [Source:miRBase%3BAcc:MI0026435]
ENSSSAG00000037773	AGKD04701080.1	.	snRNA	U5	U5 spliceosomal RNA [Source:RFAM%3BAcc:RF00020]
ENSSSAG00000037776	AGKD04318296.1	.	snoRNA		
ENSSSAG00000037778	AGKD04373653.1	.	protein_coding		
ENSSSAG00000037779	AGKD04528466.1	.	snoRNA	U3	Small nucleolar RNA U3 [Source:RFAM%3BAcc:RF00012]
ENSSSAG00000037788	AGKD04227868.1	.	snRNA	U1	U1 spliceosomal RNA [Source:RFAM%3BAcc:RF00003]
ENSSSAG00000037789	AGKD04673698.1	.	misc_RNA	Metazoa_SRP	Metazoan signal recognition particle RNA [Source:RFAM%3BAcc:RF00017]
ENSSSAG00000037795	AGKD04592930.1	.	protein_coding		
ENSSSAG00000037796	AGKD04338610.1	.	snRNA	U5	U5 spliceosomal RNA [Source:RFAM%3BAcc:RF00020]
ENSSSAG00000037799	AGKD04781572.1	.	snRNA	U2	U2 spliceosomal RNA [Source:RFAM%3BAcc:RF00004]
ENSSSAG00000037808	AGKD04318296.1	.	snoRNA	U3	Small nucleolar RNA U3 [Source:RFAM%3BAcc:RF00012]
ENSSSAG00000037809	AGKD04580739.1	.	snRNA	U5	U5 spliceosomal RNA [Source:RFAM%3BAcc:RF00020]
ENSSSAG00000037812	AGKD04288536.1	.	protein_coding		
ENSSSAG00000037814	AGKD04382664.1	.	protein_coding		
ENSSSAG00000037815	AGKD04656317.1	.	pseudogene		
ENSSSAG00000037822	AGKD04424358.1	.	protein_coding		
ENSSSAG00000037825	AGKD04781650.1	.	snRNA	U2	U2 spliceosomal RNA [Source:RFAM%3BAcc:RF00004]
ENSSSAG00000037830	AGKD04398357.1	.	protein_coding		
ENSSSAG00000037832	AGKD04606322.1	.	snRNA	U2	U2 spliceosomal RNA [Source:RFAM%3BAcc:RF00004]
ENSSSAG00000037836	AGKD04157010.1	.	protein_coding		
ENSSSAG00000037839	AGKD04247564.1	.	protein_coding		
ENSSSAG00000037841	AGKD04261300.1	.	snRNA	U1	U1 spliceosomal RNA [Source:RFAM%3BAcc:RF00003]
ENSSSAG00000037843	AGKD04538563.1	.	protein_coding		
ENSSSAG00000037846	AGKD04562039.1	.	pseudogene		
ENSSSAG00000037847	AGKD04673893.1	.	snRNA	U2	U2 spliceosomal RNA [Source:RFAM%3BAcc:RF00004]
ENSSSAG00000037851	AGKD04701150.1	.	protein_coding		
ENSSSAG00000037856	AGKD04227969.1	.	snRNA	U1	U1 spliceosomal RNA [Source:RFAM%3BAcc:RF00003]
ENSSSAG00000037859	AGKD04606335.1	.	protein_coding		
ENSSSAG00000037865	AGKD04828767.1	.	snRNA	U2	U2 spliceosomal RNA [Source:RFAM%3BAcc:RF00004]
ENSSSAG00000037867	AGKD04782311.1	.	snRNA	U5	U5 spliceosomal RNA [Source:RFAM%3BAcc:RF00020]
ENSSSAG00000037869	AGKD04581383.1	.	snRNA	U1	U1 spliceosomal RNA [Source:RFAM%3BAcc:RF00003]
ENSSSAG00000037871	AGKD04674114.1	.	snRNA	U2	U2 spliceosomal RNA [Source:RFAM%3BAcc:RF00004]
ENSSSAG00000037876	AGKD04261319.1	.	protein_coding		
ENSSSAG00000037877	AGKD04318601.1	.	protein_coding		
ENSSSAG00000037878	AGKD04338666.1	.	protein_coding		
ENSSSAG00000037879	AGKD04227978.1	.	protein_coding		
ENSSSAG00000037882	AGKD04828851.1	.	snRNA	U2	U2 spliceosomal RNA [Source:RFAM%3BAcc:RF00004]
ENSSSAG00000037883	AGKD04373677.1	.	snRNA	U2	U2 spliceosomal RNA [Source:RFAM%3BAcc:RF00004]
ENSSSAG00000037894	AGKD04334738.1	.	protein_coding		
ENSSSAG00000037895	AGKD04288656.1	.	protein_coding		
ENSSSAG00000037899	AGKD04828859.1	.	snRNA	U5	U5 spliceosomal RNA [Source:RFAM%3BAcc:RF00020]
ENSSSAG00000037900	AGKD04782870.1	.	snRNA	U5	U5 spliceosomal RNA [Source:RFAM%3BAcc:RF00020]
ENSSSAG00000037901	AGKD04538565.1	.	pseudogene		
ENSSSAG00000037903	ssa11	.	lncRNA		
ENSSSAG00000037904	AGKD04407565.1	.	snRNA	U1	U1 spliceosomal RNA [Source:RFAM%3BAcc:RF00003]
ENSSSAG00000037909	AGKD04644195.1	.	snRNA	U5	U5 spliceosomal RNA [Source:RFAM%3BAcc:RF00020]
ENSSSAG00000037912	AGKD04581394.1	.	protein_coding		
ENSSSAG00000037915	AGKD04360243.1	.	snRNA	U2	U2 spliceosomal RNA [Source:RFAM%3BAcc:RF00004]
ENSSSAG00000037921	AGKD04656356.1	.	snRNA	U1	U1 spliceosomal RNA [Source:RFAM%3BAcc:RF00003]
ENSSSAG00000037927	AGKD04528858.1	.	protein_coding		
ENSSSAG00000037928	ssa11	.	lncRNA		
ENSSSAG00000037929	ssa03	.	lncRNA		
ENSSSAG00000037931	AGKD04829186.1	.	protein_coding		
ENSSSAG00000037939	AGKD04407570.1	.	snRNA	U5	U5 spliceosomal RNA [Source:RFAM%3BAcc:RF00020]
ENSSSAG00000037951	AGKD04581454.1	.	snRNA	U5	U5 spliceosomal RNA [Source:RFAM%3BAcc:RF00020]
ENSSSAG00000037955	AGKD04656400.1	.	snRNA	U5	U5 spliceosomal RNA [Source:RFAM%3BAcc:RF00020]
ENSSSAG00000037958	AGKD04447559.1	.	protein_coding		
ENSSSAG00000037965	ssa06	.	lncRNA		
ENSSSAG00000037967	AGKD04228012.1	.	snRNA	U1	U1 spliceosomal RNA [Source:RFAM%3BAcc:RF00003]
ENSSSAG00000037973	AGKD04701260.1	.	snRNA	U5	U5 spliceosomal RNA [Source:RFAM%3BAcc:RF00020]
ENSSSAG00000037974	AGKD04036637.1	.	protein_coding		serine/threonine-protein kinase 19-like [Source:NCBI gene%3BAcc:106597807]
ENSSSAG00000037979	ssa10	.	miRNA	ssa-mir-101a-2	ssa-mir-101a-2 [Source:miRBase%3BAcc:MI0026434]
ENSSSAG00000037980	AGKD04305034.1	.	protein_coding		
ENSSSAG00000037981	ssa06	.	lncRNA		
ENSSSAG00000037984	AGKD04398524.1	.	snRNA	U2	U2 spliceosomal RNA [Source:RFAM%3BAcc:RF00004]
ENSSSAG00000037986	AGKD04829272.1	.	snRNA	U4	U4 spliceosomal RNA [Source:RFAM%3BAcc:RF00015]
ENSSSAG00000037993	AGKD04157195.1	.	misc_RNA	Metazoa_SRP	Metazoan signal recognition particle RNA [Source:RFAM%3BAcc:RF00017]
ENSSSAG00000037995	AGKD04656400.1	.	snRNA	U2	U2 spliceosomal RNA [Source:RFAM%3BAcc:RF00004]
ENSSSAG00000037996	ssa06	.	lncRNA		
ENSSSAG00000037997	AGKD04247614.1	.	protein_coding		
ENSSSAG00000037998	AGKD04334775.1	.	snRNA	U5	U5 spliceosomal RNA [Source:RFAM%3BAcc:RF00020]
ENSSSAG00000038001	AGKD04360403.1	.	protein_coding		
ENSSSAG00000038004	AGKD04407629.1	.	snRNA	U4	U4 spliceosomal RNA [Source:RFAM%3BAcc:RF00015]
ENSSSAG00000038005	AGKD04228067.1	.	protein_coding		
ENSSSAG00000038007	AGKD04644226.1	.	snRNA	U2	U2 spliceosomal RNA [Source:RFAM%3BAcc:RF00004]
ENSSSAG00000038011	AGKD04398599.1	.	snRNA	U1	U1 spliceosomal RNA [Source:RFAM%3BAcc:RF00003]
ENSSSAG00000038021	AGKD04782952.1	.	misc_RNA	Metazoa_SRP	Metazoan signal recognition particle RNA [Source:RFAM%3BAcc:RF00017]
ENSSSAG00000038025	AGKD04338704.1	.	protein_coding		
ENSSSAG00000038026	AGKD04447853.1	.	protein_coding		
ENSSSAG00000038027	AGKD04407762.1	.	snRNA	U2	U2 spliceosomal RNA [Source:RFAM%3BAcc:RF00004]
ENSSSAG00000038031	AGKD04674554.1	.	snRNA	U5	U5 spliceosomal RNA [Source:RFAM%3BAcc:RF00020]
ENSSSAG00000038037	AGKD04644267.1	.	protein_coding		
ENSSSAG00000038040	AGKD04533646.1	.	snRNA	U1	U1 spliceosomal RNA [Source:RFAM%3BAcc:RF00003]
ENSSSAG00000038050	AGKD04424530.1	.	protein_coding		
ENSSSAG00000038054	AGKD04533725.1	.	snRNA	U1	U1 spliceosomal RNA [Source:RFAM%3BAcc:RF00003]
ENSSSAG00000038062	AGKD04466841.1	.	miRNA	ssa-mir-723-2	ssa-mir-723-2 [Source:miRBase%3BAcc:MI0026725]
ENSSSAG00000038063	AGKD04261471.1	.	protein_coding		
ENSSSAG00000038066	AGKD04334897.1	.	protein_coding		
ENSSSAG00000038067	AGKD04528902.1	.	protein_coding		
ENSSSAG00000038074	AGKD04674666.1	.	protein_coding		H3 clustered histone 15 [Source:HGNC Symbol%3BAcc:HGNC:20505]
ENSSSAG00000038077	AGKD04783062.1	.	snRNA	U5	U5 spliceosomal RNA [Source:RFAM%3BAcc:RF00020]
ENSSSAG00000038088	ssa02	.	protein_coding	CCN3	protein NOV-like [Source:NCBI gene%3BAcc:106573058]
ENSSSAG00000038089	ssa02	.	lncRNA		
ENSSSAG00000038105	ssa02	.	protein_coding	HoxA9b	homeobox protein Hox-A9b-like [Source:NCBI gene%3BAcc:106574484]
ENSSSAG00000038106	AGKD04466846.1	.	protein_coding		
ENSSSAG00000038113	AGKD04829712.1	.	snRNA	U2	U2 spliceosomal RNA [Source:RFAM%3BAcc:RF00004]
ENSSSAG00000038114	AGKD04398833.1	.	protein_coding		
ENSSSAG00000038124	AGKD04261488.1	.	protein_coding		
ENSSSAG00000038125	AGKD04562093.1	.	protein_coding		
ENSSSAG00000038147	AGKD04783587.1	.	pseudogene		
ENSSSAG00000038148	AGKD04656882.1	.	miRNA	ssa-mir-101b-1	ssa-mir-101b-1 [Source:miRBase%3BAcc:MI0026435]
ENSSSAG00000038155	AGKD04644676.1	.	snRNA	U4	U4 spliceosomal RNA [Source:RFAM%3BAcc:RF00015]
ENSSSAG00000038156	AGKD04228200.1	.	protein_coding		
ENSSSAG00000038159	AGKD04529031.1	.	protein_coding		
ENSSSAG00000038161	ssa12	.	miRNA	ssa-mir-7132b	ssa-mir-7132b [Source:miRBase%3BAcc:MI0026778]
ENSSSAG00000038162	AGKD04247678.1	.	protein_coding		
ENSSSAG00000038164	AGKD04606471.1	.	snRNA	U1	U1 spliceosomal RNA [Source:RFAM%3BAcc:RF00003]
ENSSSAG00000038178	AGKD04606538.1	.	snRNA	U4	U4 spliceosomal RNA [Source:RFAM%3BAcc:RF00015]
ENSSSAG00000038179	AGKD04656947.1	.	snRNA	U2	U2 spliceosomal RNA [Source:RFAM%3BAcc:RF00004]
ENSSSAG00000038189	AGKD04533848.1	.	snRNA	U1	U1 spliceosomal RNA [Source:RFAM%3BAcc:RF00003]
ENSSSAG00000038192	AGKD04407956.1	.	protein_coding		
ENSSSAG00000038193	AGKD04247689.1	.	protein_coding		
ENSSSAG00000038199	AGKD04165490.1	.	pseudogene		
ENSSSAG00000038200	AGKD04606574.1	.	protein_coding		
ENSSSAG00000038208	AGKD04360424.1	.	snRNA	U2	U2 spliceosomal RNA [Source:RFAM%3BAcc:RF00004]
ENSSSAG00000038215	AGKD04644921.1	.	protein_coding		
ENSSSAG00000038217	AGKD04830013.1	.	snRNA	U5	U5 spliceosomal RNA [Source:RFAM%3BAcc:RF00020]
ENSSSAG00000038228	AGKD04024815.1	.	protein_coding		
ENSSSAG00000038229	AGKD04407956.1	.	pseudogene		
ENSSSAG00000038231	AGKD04447888.1	.	snRNA	U5	U5 spliceosomal RNA [Source:RFAM%3BAcc:RF00020]
ENSSSAG00000038236	AGKD04582013.1	.	snoRNA	U3	Small nucleolar RNA U3 [Source:RFAM%3BAcc:RF00012]
ENSSSAG00000038255	AGKD04424854.1	.	snRNA	U1	U1 spliceosomal RNA [Source:RFAM%3BAcc:RF00003]
ENSSSAG00000038258	AGKD04247746.1	.	snRNA	U1	U1 spliceosomal RNA [Source:RFAM%3BAcc:RF00003]
ENSSSAG00000038261	AGKD04830415.1	.	snRNA	U4	U4 spliceosomal RNA [Source:RFAM%3BAcc:RF00015]
ENSSSAG00000038265	ssa07	.	lncRNA		SLAM family member 9-like [Source:NCBI gene%3BAcc:106608989]
ENSSSAG00000038266	AGKD04657129.1	.	protein_coding		
ENSSSAG00000038273	AGKD04335140.1	.	protein_coding		
ENSSSAG00000038275	AGKD04529054.1	.	snRNA	U2	U2 spliceosomal RNA [Source:RFAM%3BAcc:RF00004]
ENSSSAG00000038276	AGKD04247842.1	.	snRNA	U4	U4 spliceosomal RNA [Source:RFAM%3BAcc:RF00015]
ENSSSAG00000038278	AGKD04830522.1	.	snRNA	U2	U2 spliceosomal RNA [Source:RFAM%3BAcc:RF00004]
ENSSSAG00000038285	AGKD04644938.1	.	protein_coding		
ENSSSAG00000038286	ssa02	.	protein_coding	hoxa10b	homeobox protein Hox-A10b-like [Source:NCBI gene%3BAcc:106574476]
ENSSSAG00000038287	AGKD04247842.1	.	snRNA	U4	U4 spliceosomal RNA [Source:RFAM%3BAcc:RF00015]
ENSSSAG00000038290	AGKD04538990.1	.	snRNA	U1	U1 spliceosomal RNA [Source:RFAM%3BAcc:RF00003]
ENSSSAG00000038294	AGKD04534042.1	.	protein_coding		
ENSSSAG00000038295	AGKD04447927.1	.	protein_coding	mrps14	mitochondrial ribosomal protein S14 [Source:ZFIN%3BAcc:ZDB-GENE-060825-75]
ENSSSAG00000038297	AGKD04399096.1	.	protein_coding		
ENSSSAG00000038301	ssa07	.	pseudogene		
ENSSSAG00000038302	AGKD04228237.1	.	protein_coding		
ENSSSAG00000038308	AGKD04425043.1	.	protein_coding		
ENSSSAG00000038309	AGKD04539097.1	.	snRNA	U5	U5 spliceosomal RNA [Source:RFAM%3BAcc:RF00020]
ENSSSAG00000038316	ssa12	.	miRNA	ssa-mir-205a-1	ssa-mir-205a-1 [Source:miRBase%3BAcc:MI0026594]
ENSSSAG00000038322	AGKD04466931.1	.	protein_coding		
ENSSSAG00000038324	AGKD04539221.1	.	protein_coding		
ENSSSAG00000038327	AGKD04831113.1	.	snRNA	U5	U5 spliceosomal RNA [Source:RFAM%3BAcc:RF00020]
ENSSSAG00000038335	ssa12	.	lncRNA		
ENSSSAG00000038338	AGKD04305266.1	.	snRNA	U1	U1 spliceosomal RNA [Source:RFAM%3BAcc:RF00003]
ENSSSAG00000038340	AGKD04562285.1	.	snRNA	U4	U4 spliceosomal RNA [Source:RFAM%3BAcc:RF00015]
ENSSSAG00000038345	AGKD04644995.1	.	snoRNA	U3	Small nucleolar RNA U3 [Source:RFAM%3BAcc:RF00012]
ENSSSAG00000038349	AGKD04831170.1	.	snRNA	U2	U2 spliceosomal RNA [Source:RFAM%3BAcc:RF00004]
ENSSSAG00000038358	AGKD04645070.1	.	snRNA	U2	U2 spliceosomal RNA [Source:RFAM%3BAcc:RF00004]
ENSSSAG00000038362	AGKD04305334.1	.	snRNA	U1	U1 spliceosomal RNA [Source:RFAM%3BAcc:RF00003]
ENSSSAG00000038364	AGKD04425048.1	.	protein_coding		
ENSSSAG00000038373	AGKD04645075.1	.	pseudogene		
ENSSSAG00000038380	AGKD04831267.1	.	snRNA	U2	U2 spliceosomal RNA [Source:RFAM%3BAcc:RF00004]
ENSSSAG00000038381	AGKD04360631.1	.	protein_coding		
ENSSSAG00000038383	AGKD04467044.1	.	protein_coding		
ENSSSAG00000038387	AGKD04539281.1	.	protein_coding		
ENSSSAG00000038410	ssa06	.	lncRNA		
ENSSSAG00000038417	ssa06	.	lncRNA		
ENSSSAG00000038418	AGKD04305458.1	.	protein_coding		
ENSSSAG00000038425	AGKD04645088.1	.	snRNA	U2	U2 spliceosomal RNA [Source:RFAM%3BAcc:RF00004]
ENSSSAG00000038429	AGKD04261673.1	.	protein_coding		
ENSSSAG00000038430	AGKD04831454.1	.	protein_coding		
ENSSSAG00000038439	AGKD04425166.1	.	protein_coding		
ENSSSAG00000038441	AGKD04467094.1	.	pseudogene		
ENSSSAG00000038442	AGKD04447999.1	.	protein_coding		
ENSSSAG00000038448	AGKD04360648.1	.	protein_coding		
ENSSSAG00000038459	AGKD04335253.1	.	protein_coding		
ENSSSAG00000038461	AGKD04399176.1	.	protein_coding		
ENSSSAG00000038469	AGKD04563055.1	.	protein_coding		
ENSSSAG00000038477	AGKD04529928.1	.	snoRNA	U3	Small nucleolar RNA U3 [Source:RFAM%3BAcc:RF00012]
ENSSSAG00000038479	AGKD04831487.1	.	snRNA	U5	U5 spliceosomal RNA [Source:RFAM%3BAcc:RF00020]
ENSSSAG00000038495	AGKD04645536.1	.	protein_coding		
ENSSSAG00000038501	AGKD04261723.1	.	snoRNA		
ENSSSAG00000038506	AGKD04360691.1	.	snRNA	U6	U6 spliceosomal RNA [Source:RFAM%3BAcc:RF00026]
ENSSSAG00000038511	AGKD04261723.1	.	snoRNA	U3	Small nucleolar RNA U3 [Source:RFAM%3BAcc:RF00012]
ENSSSAG00000038516	AGKD04831922.1	.	snRNA	U1	U1 spliceosomal RNA [Source:RFAM%3BAcc:RF00003]
ENSSSAG00000038520	AGKD04261745.1	.	snRNA	U6	U6 spliceosomal RNA [Source:RFAM%3BAcc:RF00026]
ENSSSAG00000038522	AGKD04383327.1	.	snRNA	U1	U1 spliceosomal RNA [Source:RFAM%3BAcc:RF00003]
ENSSSAG00000038523	AGKD04534130.1	.	pseudogene		
ENSSSAG00000038529	AGKD04448307.1	.	protein_coding		
ENSSSAG00000038531	AGKD04832461.1	.	snRNA	U5	U5 spliceosomal RNA [Source:RFAM%3BAcc:RF00020]
ENSSSAG00000038537	AGKD04261768.1	.	protein_coding		
ENSSSAG00000038542	AGKD04833100.1	.	protein_coding		
ENSSSAG00000038544	ssa09	.	miRNA	ssa-mir-20b	ssa-mir-20b [Source:miRBase%3BAcc:MI0026604]
ENSSSAG00000038545	AGKD04530066.1	.	snRNA	U6	U6 spliceosomal RNA [Source:RFAM%3BAcc:RF00026]
ENSSSAG00000038549	AGKD04361113.1	.	protein_coding		
ENSSSAG00000038550	AGKD04399211.1	.	snRNA	U1	U1 spliceosomal RNA [Source:RFAM%3BAcc:RF00003]
ENSSSAG00000038551	ssa09	.	miRNA	ssa-mir-18a	ssa-mir-18a [Source:miRBase%3BAcc:MI0026547]
ENSSSAG00000038559	AGKD04657292.1	.	protein_coding		
ENSSSAG00000038568	AGKD04583476.1	.	snRNA	U1	U1 spliceosomal RNA [Source:RFAM%3BAcc:RF00003]
ENSSSAG00000038571	ssa02	.	protein_coding	JAZF1	juxtaposed with another zinc finger protein 1-like [Source:NCBI gene%3BAcc:106574499]
ENSSSAG00000038574	AGKD04261775.1	.	protein_coding		
ENSSSAG00000038585	AGKD04399308.1	.	protein_coding		
ENSSSAG00000038586	AGKD04833177.1	.	protein_coding		
ENSSSAG00000038587	AGKD04425538.1	.	snoRNA	U3	Small nucleolar RNA U3 [Source:RFAM%3BAcc:RF00012]
ENSSSAG00000038597	ssa11	.	pseudogene		
ENSSSAG00000038607	AGKD04158379.1	.	protein_coding		
ENSSSAG00000038608	AGKD04425595.1	.	protein_coding		
ENSSSAG00000038618	AGKD04583632.1	.	protein_coding		
ENSSSAG00000038619	AGKD04448466.1	.	protein_coding		
ENSSSAG00000038620	AGKD04645565.1	.	snRNA	U1	U1 spliceosomal RNA [Source:RFAM%3BAcc:RF00003]
ENSSSAG00000038625	AGKD04645585.1	.	snRNA	U2	U2 spliceosomal RNA [Source:RFAM%3BAcc:RF00004]
ENSSSAG00000038626	AGKD04361171.1	.	protein_coding		
ENSSSAG00000038635	AGKD04539643.1	.	protein_coding		
ENSSSAG00000038643	AGKD04335668.1	.	snRNA	U1	U1 spliceosomal RNA [Source:RFAM%3BAcc:RF00003]
ENSSSAG00000038646	AGKD04534158.1	.	miRNA	ssa-mir-722-2	ssa-mir-722-2 [Source:miRBase%3BAcc:MI0026723]
ENSSSAG00000038647	AGKD04335695.1	.	snRNA	U5	U5 spliceosomal RNA [Source:RFAM%3BAcc:RF00020]
ENSSSAG00000038648	AGKD04158379.1	.	protein_coding		
ENSSSAG00000038651	AGKD04335695.1	.	snRNA	U2	U2 spliceosomal RNA [Source:RFAM%3BAcc:RF00004]
ENSSSAG00000038658	AGKD04383408.1	.	protein_coding		
ENSSSAG00000038659	AGKD04335806.1	.	snRNA	U1	U1 spliceosomal RNA [Source:RFAM%3BAcc:RF00003]
ENSSSAG00000038666	AGKD04399471.1	.	snRNA	U4	U4 spliceosomal RNA [Source:RFAM%3BAcc:RF00015]
ENSSSAG00000038682	AGKD04539861.1	.	protein_coding		
ENSSSAG00000038684	AGKD04361246.1	.	protein_coding		
ENSSSAG00000038685	AGKD04399665.1	.	snRNA	U1	U1 spliceosomal RNA [Source:RFAM%3BAcc:RF00003]
ENSSSAG00000038687	AGKD04261858.1	.	protein_coding		
ENSSSAG00000038691	AGKD04228355.1	.	protein_coding		
ENSSSAG00000038696	AGKD04335938.1	.	snRNA	U6	U6 spliceosomal RNA [Source:RFAM%3BAcc:RF00026]
ENSSSAG00000038699	AGKD04584313.1	.	protein_coding		
ENSSSAG00000038701	AGKD04383632.1	.	snRNA	U6	U6 spliceosomal RNA [Source:RFAM%3BAcc:RF00026]
ENSSSAG00000038706	AGKD04335960.1	.	snRNA	U6	U6 spliceosomal RNA [Source:RFAM%3BAcc:RF00026]
ENSSSAG00000038708	AGKD04158428.1	.	snRNA	U1	U1 spliceosomal RNA [Source:RFAM%3BAcc:RF00003]
ENSSSAG00000038713	AGKD04534414.1	.	protein_coding		
ENSSSAG00000038714	AGKD04448760.1	.	snRNA	U6	U6 spliceosomal RNA [Source:RFAM%3BAcc:RF00026]
ENSSSAG00000038717	AGKD04336087.1	.	snRNA	U6	U6 spliceosomal RNA [Source:RFAM%3BAcc:RF00026]
ENSSSAG00000038752	AGKD04448988.1	.	snRNA	U1	U1 spliceosomal RNA [Source:RFAM%3BAcc:RF00003]
ENSSSAG00000038762	AGKD04534464.1	.	pseudogene		
ENSSSAG00000038768	AGKD04467500.1	.	snoRNA	U3	Small nucleolar RNA U3 [Source:RFAM%3BAcc:RF00012]
ENSSSAG00000038771	AGKD04399902.1	.	pseudogene		
ENSSSAG00000038774	AGKD04539872.1	.	protein_coding		
ENSSSAG00000038777	AGKD04657868.1	.	snRNA	U4	U4 spliceosomal RNA [Source:RFAM%3BAcc:RF00015]
ENSSSAG00000038778	ssa06	.	protein_coding	SOCS3	suppressor of cytokine signaling 3-like [Source:NCBI gene%3BAcc:106606429]
ENSSSAG00000038789	AGKD04657868.1	.	snRNA	U4	U4 spliceosomal RNA [Source:RFAM%3BAcc:RF00015]
ENSSSAG00000038795	AGKD04449181.1	.	snRNA	U5	U5 spliceosomal RNA [Source:RFAM%3BAcc:RF00020]
ENSSSAG00000038802	AGKD04563364.1	.	snRNA	U4	U4 spliceosomal RNA [Source:RFAM%3BAcc:RF00015]
ENSSSAG00000038806	AGKD04467724.1	.	snRNA	U1	U1 spliceosomal RNA [Source:RFAM%3BAcc:RF00003]
ENSSSAG00000038807	ssa19	.	protein_coding		
ENSSSAG00000038815	AGKD04467802.1	.	snRNA	U1	U1 spliceosomal RNA [Source:RFAM%3BAcc:RF00003]
ENSSSAG00000038818	AGKD04228455.1	.	protein_coding		
ENSSSAG00000038819	ssa06	.	snRNA	U1	U1 spliceosomal RNA [Source:RFAM%3BAcc:RF00003]
ENSSSAG00000038828	ssa06	.	rRNA	5S_rRNA	5S ribosomal RNA [Source:RFAM%3BAcc:RF00001]
ENSSSAG00000038834	ssa06	.	snRNA	U1	U1 spliceosomal RNA [Source:RFAM%3BAcc:RF00003]
ENSSSAG00000038836	AGKD04261905.1	.	snoRNA		
ENSSSAG00000038839	ssa06	.	rRNA	5S_rRNA	5S ribosomal RNA [Source:RFAM%3BAcc:RF00001]
ENSSSAG00000038843	AGKD04261905.1	.	snoRNA	U3	Small nucleolar RNA U3 [Source:RFAM%3BAcc:RF00012]
ENSSSAG00000038846	ssa19	.	protein_coding		
ENSSSAG00000038847	AGKD04563397.1	.	snRNA	U2	U2 spliceosomal RNA [Source:RFAM%3BAcc:RF00004]
ENSSSAG00000038855	ssa02	.	lncRNA		
ENSSSAG00000038857	ssa28	.	snoRNA		
ENSSSAG00000038860	AGKD04563407.1	.	snRNA	U1	U1 spliceosomal RNA [Source:RFAM%3BAcc:RF00003]
ENSSSAG00000038861	ssa02	.	lncRNA		
ENSSSAG00000038865	ssa02	.	lncRNA		
ENSSSAG00000038867	AGKD04449679.1	.	snRNA	U5	U5 spliceosomal RNA [Source:RFAM%3BAcc:RF00020]
ENSSSAG00000038872	AGKD04399915.1	.	snRNA	U2	U2 spliceosomal RNA [Source:RFAM%3BAcc:RF00004]
ENSSSAG00000038873	AGKD04468599.1	.	protein_coding		
ENSSSAG00000038877	ssa02	.	protein_coding		
ENSSSAG00000038879	AGKD04449679.1	.	snRNA	U2	U2 spliceosomal RNA [Source:RFAM%3BAcc:RF00004]
ENSSSAG00000038882	AGKD04261936.1	.	protein_coding		
ENSSSAG00000038889	ssa19	.	lncRNA		
ENSSSAG00000038890	AGKD04539963.1	.	snRNA	U2	U2 spliceosomal RNA [Source:RFAM%3BAcc:RF00004]
ENSSSAG00000038893	AGKD04563656.1	.	snRNA	U1	U1 spliceosomal RNA [Source:RFAM%3BAcc:RF00003]
ENSSSAG00000038902	ssa19	.	protein_coding	nsmce4a	non-structural maintenance of chromosomes element 4 homolog A-like [Source:NCBI gene%3BAcc:106578785]
ENSSSAG00000038937	AGKD04540243.1	.	protein_coding		
ENSSSAG00000038940	AGKD04564362.1	.	snRNA	U1	U1 spliceosomal RNA [Source:RFAM%3BAcc:RF00003]
ENSSSAG00000038950	AGKD04585098.1	.	pseudogene		
ENSSSAG00000038955	ssa12	.	lncRNA		
ENSSSAG00000038960	AGKD04425697.1	.	pseudogene		
ENSSSAG00000038964	AGKD04469086.1	.	protein_coding		
ENSSSAG00000038967	AGKD04261954.1	.	snRNA	U1	U1 spliceosomal RNA [Source:RFAM%3BAcc:RF00003]
ENSSSAG00000039000	AGKD04228791.1	.	snRNA	U1	U1 spliceosomal RNA [Source:RFAM%3BAcc:RF00003]
ENSSSAG00000039004	AGKD04228827.1	.	protein_coding		
ENSSSAG00000039014	ssa11	.	protein_coding	ARIH1	E3 ubiquitin-protein ligase arih1-like [Source:NCBI gene%3BAcc:106562819]
ENSSSAG00000039017	AGKD04535158.1	.	pseudogene		
ENSSSAG00000039018	ssa19	.	protein_coding		
ENSSSAG00000039026	AGKD04228877.1	.	protein_coding		
ENSSSAG00000039027	AGKD04585579.1	.	protein_coding		
ENSSSAG00000039033	AGKD04469087.1	.	snRNA	U1	U1 spliceosomal RNA [Source:RFAM%3BAcc:RF00003]
ENSSSAG00000039036	AGKD04469102.1	.	snRNA	U4	U4 spliceosomal RNA [Source:RFAM%3BAcc:RF00015]
ENSSSAG00000039038	AGKD04564503.1	.	snRNA	U5	U5 spliceosomal RNA [Source:RFAM%3BAcc:RF00020]
ENSSSAG00000039039	ssa07	.	lncRNA		
ENSSSAG00000039041	ssa07	.	lncRNA		
ENSSSAG00000039048	AGKD04228888.1	.	protein_coding		
ENSSSAG00000039056	AGKD04469241.1	.	snRNA	U1	U1 spliceosomal RNA [Source:RFAM%3BAcc:RF00003]
ENSSSAG00000039057	AGKD04564667.1	.	snRNA	U2	U2 spliceosomal RNA [Source:RFAM%3BAcc:RF00004]
ENSSSAG00000039059	ssa11	.	protein_coding		
ENSSSAG00000039068	AGKD04469327.1	.	protein_coding		
ENSSSAG00000039074	AGKD04228917.1	.	snRNA	U5	U5 spliceosomal RNA [Source:RFAM%3BAcc:RF00020]
ENSSSAG00000039078	AGKD04426302.1	.	snRNA	U1	U1 spliceosomal RNA [Source:RFAM%3BAcc:RF00003]
ENSSSAG00000039080	AGKD04228917.1	.	snRNA	U2	U2 spliceosomal RNA [Source:RFAM%3BAcc:RF00004]
ENSSSAG00000039082	ssa11	.	pseudogene		
ENSSSAG00000039085	ssa13	.	lncRNA		
ENSSSAG00000039089	AGKD04564884.1	.	protein_coding		
ENSSSAG00000039098	AGKD04426358.1	.	snRNA	U1	U1 spliceosomal RNA [Source:RFAM%3BAcc:RF00003]
ENSSSAG00000039101	AGKD04228921.1	.	protein_coding		
ENSSSAG00000039104	AGKD04426566.1	.	snRNA	U2	U2 spliceosomal RNA [Source:RFAM%3BAcc:RF00004]
ENSSSAG00000039107	AGKD04585808.1	.	snRNA	U4	U4 spliceosomal RNA [Source:RFAM%3BAcc:RF00015]
ENSSSAG00000039124	AGKD04535354.1	.	pseudogene		
ENSSSAG00000039131	AGKD04426748.1	.	snoRNA	U3	Small nucleolar RNA U3 [Source:RFAM%3BAcc:RF00012]
ENSSSAG00000039133	AGKD04229057.1	.	snRNA	U4	U4 spliceosomal RNA [Source:RFAM%3BAcc:RF00015]
ENSSSAG00000039137	AGKD04469445.1	.	protein_coding		
ENSSSAG00000039139	AGKD04229057.1	.	snRNA	U4	U4 spliceosomal RNA [Source:RFAM%3BAcc:RF00015]
ENSSSAG00000039145	AGKD04229060.1	.	protein_coding		
ENSSSAG00000039150	ssa06	.	snRNA	U12	U12 minor spliceosomal RNA [Source:RFAM%3BAcc:RF00007]
ENSSSAG00000039152	ssa04	.	processed_pseudogene		
ENSSSAG00000039157	ssa13	.	miRNA	ssa-mir-135b-1	ssa-mir-135b-1 [Source:miRBase%3BAcc:MI0026486]
ENSSSAG00000039164	AGKD04229068.1	.	protein_coding		
ENSSSAG00000039169	ssa05	.	protein_coding	zgc:153215	RNA-binding protein 12B-like [Source:NCBI gene%3BAcc:106605943]
ENSSSAG00000039176	AGKD04586174.1	.	snRNA	U6	U6 spliceosomal RNA [Source:RFAM%3BAcc:RF00026]
ENSSSAG00000039182	AGKD04586526.1	.	snRNA	U5	U5 spliceosomal RNA [Source:RFAM%3BAcc:RF00020]
ENSSSAG00000039184	AGKD04535417.1	.	protein_coding	crym	crystallin%2C mu [Source:ZFIN%3BAcc:ZDB-GENE-070112-1782]
ENSSSAG00000039186	AGKD04427058.1	.	snRNA	U2	U2 spliceosomal RNA [Source:RFAM%3BAcc:RF00004]
ENSSSAG00000039197	AGKD04565077.1	.	snRNA	U4	U4 spliceosomal RNA [Source:RFAM%3BAcc:RF00015]
ENSSSAG00000039198	ssa12	.	lncRNA		
ENSSSAG00000039203	ssa02	.	snoRNA		
ENSSSAG00000039230	AGKD04469553.1	.	protein_coding		
ENSSSAG00000039242	AGKD04229106.1	.	protein_coding		
ENSSSAG00000039246	AGKD04009550.1	.	protein_coding		
ENSSSAG00000039258	ssa16	.	lncRNA		
ENSSSAG00000039265	AGKD04469576.1	.	snRNA	U7	U7 small nuclear RNA [Source:RFAM%3BAcc:RF00066]
ENSSSAG00000039270	AGKD04469591.1	.	snRNA	U6	U6 spliceosomal RNA [Source:RFAM%3BAcc:RF00026]
ENSSSAG00000039271	AGKD04036665.1	.	snoRNA		
ENSSSAG00000039275	AGKD04469620.1	.	snRNA	U6	U6 spliceosomal RNA [Source:RFAM%3BAcc:RF00026]
ENSSSAG00000039281	ssa14	.	lncRNA		
ENSSSAG00000039282	AGKD04036665.1	.	snoRNA		
ENSSSAG00000039289	AGKD04036665.1	.	snoRNA		
ENSSSAG00000039298	AGKD04036665.1	.	snoRNA		
ENSSSAG00000039304	ssa09	.	lncRNA		uncharacterized LOC106612884 [Source:NCBI gene%3BAcc:106612884]
ENSSSAG00000039305	AGKD04036678.1	.	protein_coding		
ENSSSAG00000039306	ssa14	.	misc_RNA	Metazoa_SRP	Metazoan signal recognition particle RNA [Source:RFAM%3BAcc:RF00017]
ENSSSAG00000039309	ssa14	.	misc_RNA	Metazoa_SRP	Metazoan signal recognition particle RNA [Source:RFAM%3BAcc:RF00017]
ENSSSAG00000039312	ssa14	.	misc_RNA	Metazoa_SRP	Metazoan signal recognition particle RNA [Source:RFAM%3BAcc:RF00017]
ENSSSAG00000039317	ssa14	.	pseudogene		
ENSSSAG00000039323	ssa15	.	lncRNA		probable isoprenylcysteine alpha-carbonyl methylesterase ICMEL1 [Source:NCBI gene%3BAcc:106570920]
ENSSSAG00000039325	ssa11	.	protein_coding	si:ch211-122f10.4	lysosomal protective protein-like [Source:NCBI gene%3BAcc:106562245]
ENSSSAG00000039331	ssa16	.	lncRNA		
ENSSSAG00000039334	AGKD04036695.1	.	protein_coding		
ENSSSAG00000039343	ssa14	.	lncRNA		
ENSSSAG00000039346	ssa14	.	misc_RNA	Metazoa_SRP	Metazoan signal recognition particle RNA [Source:RFAM%3BAcc:RF00017]
ENSSSAG00000039355	ssa16	.	lncRNA		
ENSSSAG00000039357	ssa16	.	lncRNA		
ENSSSAG00000039363	ssa20	.	lncRNA		
ENSSSAG00000039377	ssa06	.	snRNA	U2	U2 spliceosomal RNA [Source:RFAM%3BAcc:RF00004]
ENSSSAG00000039378	ssa20	.	lncRNA		
ENSSSAG00000039379	ssa06	.	lncRNA		
ENSSSAG00000039380	ssa06	.	snRNA	U5	U5 spliceosomal RNA [Source:RFAM%3BAcc:RF00020]
ENSSSAG00000039381	ssa20	.	lncRNA		
ENSSSAG00000039400	ssa20	.	lncRNA		
ENSSSAG00000039403	ssa15	.	miRNA	ssa-mir-133b-1	ssa-mir-133b-1 [Source:miRBase%3BAcc:MI0026481]
ENSSSAG00000039405	ssa15	.	miRNA	ssa-mir-206	ssa-mir-206 [Source:miRBase%3BAcc:MI0026600]
ENSSSAG00000039414	ssa25	.	lncRNA		
ENSSSAG00000039418	AGKD04009563.1	.	lncRNA		
ENSSSAG00000039422	ssa06	.	lncRNA		
ENSSSAG00000039423	ssa06	.	protein_coding	MAP2K6	dual specificity mitogen-activated protein kinase kinase 6-like [Source:NCBI gene%3BAcc:106606355]
ENSSSAG00000039425	ssa20	.	lncRNA		
ENSSSAG00000039430	ssa20	.	lncRNA		
ENSSSAG00000039437	ssa06	.	lncRNA		
ENSSSAG00000039443	ssa06	.	lncRNA		
ENSSSAG00000039450	ssa06	.	miRNA	ssa-mir-33a-2	ssa-mir-33a-2 [Source:miRBase%3BAcc:MI0026691]
ENSSSAG00000039455	ssa15	.	protein_coding	tdh	L-threonine 3-dehydrogenase%2C mitochondrial-like [Source:NCBI gene%3BAcc:106571022]
ENSSSAG00000039493	ssa06	.	snRNA	U12	U12 minor spliceosomal RNA [Source:RFAM%3BAcc:RF00007]
ENSSSAG00000039506	ssa03	.	miRNA	ssa-mir-193	ssa-mir-193 [Source:miRBase%3BAcc:MI0026554]
ENSSSAG00000039512	ssa04	.	processed_pseudogene		
ENSSSAG00000039515	ssa15	.	protein_coding	sox7	transcription factor Sox-7-like [Source:NCBI gene%3BAcc:106571023]
ENSSSAG00000039517	ssa03	.	protein_coding		
ENSSSAG00000039538	ssa03	.	miRNA	MIR365A	microRNA 365a [Source:HGNC Symbol%3BAcc:HGNC:33692]
ENSSSAG00000039547	ssa14	.	lncRNA		
ENSSSAG00000039548	ssa10	.	snRNA	U5	U5 spliceosomal RNA [Source:RFAM%3BAcc:RF00020]
ENSSSAG00000039550	ssa10	.	snRNA	U2	U2 spliceosomal RNA [Source:RFAM%3BAcc:RF00004]
ENSSSAG00000039552	ssa10	.	snRNA	U5	U5 spliceosomal RNA [Source:RFAM%3BAcc:RF00020]
ENSSSAG00000039555	ssa10	.	snRNA	U2	U2 spliceosomal RNA [Source:RFAM%3BAcc:RF00004]
ENSSSAG00000039559	ssa10	.	snRNA	U5	U5 spliceosomal RNA [Source:RFAM%3BAcc:RF00020]
ENSSSAG00000039563	ssa10	.	snRNA	U1	U1 spliceosomal RNA [Source:RFAM%3BAcc:RF00003]
ENSSSAG00000039566	ssa14	.	lncRNA		
ENSSSAG00000039567	ssa10	.	snRNA	U1	U1 spliceosomal RNA [Source:RFAM%3BAcc:RF00003]
ENSSSAG00000039571	ssa10	.	snRNA	U1	U1 spliceosomal RNA [Source:RFAM%3BAcc:RF00003]
ENSSSAG00000039573	ssa10	.	snRNA	U1	U1 spliceosomal RNA [Source:RFAM%3BAcc:RF00003]
ENSSSAG00000039578	ssa10	.	snRNA	U5	U5 spliceosomal RNA [Source:RFAM%3BAcc:RF00020]
ENSSSAG00000039579	AGKD04009580.1	.	protein_coding	si:ch211-150g13.3	si:ch211-150g13.3 [Source:ZFIN%3BAcc:ZDB-GENE-160728-8]
ENSSSAG00000039580	AGKD04036845.1	.	snRNA	U1	U1 spliceosomal RNA [Source:RFAM%3BAcc:RF00003]
ENSSSAG00000039583	ssa10	.	snRNA	U2	U2 spliceosomal RNA [Source:RFAM%3BAcc:RF00004]
ENSSSAG00000039587	AGKD04036850.1	.	snRNA	U2	U2 spliceosomal RNA [Source:RFAM%3BAcc:RF00004]
ENSSSAG00000039589	ssa10	.	snRNA	U5	U5 spliceosomal RNA [Source:RFAM%3BAcc:RF00020]
ENSSSAG00000039590	ssa15	.	protein_coding	si:dkey-9p24.5	elastase-1-like [Source:NCBI gene%3BAcc:106572787]
ENSSSAG00000039592	AGKD04036850.1	.	snRNA	U5	U5 spliceosomal RNA [Source:RFAM%3BAcc:RF00020]
ENSSSAG00000039594	ssa10	.	snRNA	U2	U2 spliceosomal RNA [Source:RFAM%3BAcc:RF00004]
ENSSSAG00000039595	AGKD04036978.1	.	scaRNA		
ENSSSAG00000039598	ssa10	.	snRNA	U2	U2 spliceosomal RNA [Source:RFAM%3BAcc:RF00004]
ENSSSAG00000039602	ssa10	.	snRNA	U5	U5 spliceosomal RNA [Source:RFAM%3BAcc:RF00020]
ENSSSAG00000039605	ssa10	.	snRNA	U2	U2 spliceosomal RNA [Source:RFAM%3BAcc:RF00004]
ENSSSAG00000039608	AGKD04036983.1	.	protein_coding		
ENSSSAG00000039612	ssa10	.	snRNA	U5	U5 spliceosomal RNA [Source:RFAM%3BAcc:RF00020]
ENSSSAG00000039621	ssa10	.	snRNA	U5	U5 spliceosomal RNA [Source:RFAM%3BAcc:RF00020]
ENSSSAG00000039625	ssa03	.	lncRNA		
ENSSSAG00000039628	ssa20	.	miRNA	ssa-mir-126-1	ssa-mir-126-1 [Source:miRBase%3BAcc:MI0026457]
ENSSSAG00000039637	ssa23	.	protein_coding		proteasome assembly chaperone 4 [Source:NCBI gene%3BAcc:106584001]
ENSSSAG00000039641	ssa16	.	lncRNA		
ENSSSAG00000039656	ssa02	.	lncRNA		
ENSSSAG00000039657	AGKD04036987.1	.	protein_coding		zgc:110425 [Source:ZFIN%3BAcc:ZDB-GENE-050522-103]
ENSSSAG00000039664	ssa15	.	pseudogene		
ENSSSAG00000039670	AGKD04036987.1	.	protein_coding	zgc:173552	zgc:173552 [Source:ZFIN%3BAcc:ZDB-GENE-080220-24]
ENSSSAG00000039698	ssa20	.	protein_coding		extracellular calcium-sensing receptor-like [Source:NCBI gene%3BAcc:106581336]
ENSSSAG00000039700	ssa12	.	lncRNA		
ENSSSAG00000039704	ssa11	.	miRNA	ssa-mir-129-1	ssa-mir-129-1 [Source:miRBase%3BAcc:MI0026465]
ENSSSAG00000039706	ssa16	.	lncRNA		
ENSSSAG00000039710	ssa12	.	lncRNA		
ENSSSAG00000039736	ssa09	.	lncRNA		
ENSSSAG00000039760	ssa09	.	miRNA	ssa-mir-15a	ssa-mir-15a [Source:miRBase%3BAcc:MI0026522]
ENSSSAG00000039766	ssa05	.	lncRNA		
ENSSSAG00000039781	ssa25	.	pseudogene		
ENSSSAG00000039786	ssa09	.	miRNA	ssa-mir-142b	ssa-mir-142b [Source:miRBase%3BAcc:MI0026502]
ENSSSAG00000039818	ssa24	.	pseudogene		
ENSSSAG00000039833	ssa17	.	protein_coding		
ENSSSAG00000039836	ssa16	.	protein_coding		
ENSSSAG00000039859	ssa23	.	lncRNA		
ENSSSAG00000039863	ssa06	.	protein_coding	timm29	uncharacterized protein C19orf52-like [Source:NCBI gene%3BAcc:106606779]
ENSSSAG00000039867	ssa17	.	pseudogene		
ENSSSAG00000039885	AGKD04009605.1	.	miRNA	ssa-mir-137-1	ssa-mir-137-1 [Source:miRBase%3BAcc:MI0026491]
ENSSSAG00000039888	ssa17	.	pseudogene	i17ra	Interleukin-17 receptor A [Source:NCBI gene%3BAcc:100306825]
ENSSSAG00000039910	AGKD04019657.1	.	protein_coding		
ENSSSAG00000039912	ssa03	.	lncRNA		
ENSSSAG00000039925	ssa06	.	protein_coding	si:dkey-204f11.64	guanine nucleotide-binding protein G(I)/G(S)/G(O) subunit gamma-5-like [Source:NCBI gene%3BAcc:106606784]
ENSSSAG00000039926	ssa05	.	lncRNA		
ENSSSAG00000039939	ssa05	.	pseudogene		
ENSSSAG00000039941	ssa16	.	processed_pseudogene		
ENSSSAG00000039949	ssa09	.	lncRNA		
ENSSSAG00000039950	ssa15	.	lncRNA		
ENSSSAG00000039985	ssa05	.	lncRNA		
ENSSSAG00000040000	ssa17	.	protein_coding	LGR5	leucine-rich repeat-containing G-protein coupled receptor 5-like [Source:NCBI gene%3BAcc:106576668]
ENSSSAG00000040007	ssa18	.	pseudogene		baculoviral IAP repeat-containing protein 6-like [Source:NCBI gene%3BAcc:106576946]
ENSSSAG00000040008	ssa18	.	rRNA	5_8S_rRNA	5.8S ribosomal RNA [Source:RFAM%3BAcc:RF00002]
ENSSSAG00000040018	ssa11	.	lncRNA		
ENSSSAG00000040037	ssa09	.	miRNA	ssa-mir-21a-1	ssa-mir-21a-1 [Source:miRBase%3BAcc:MI0026626]
ENSSSAG00000040042	ssa14	.	protein_coding	fsbp	fibrinogen silencer-binding protein-like [Source:NCBI gene%3BAcc:106570748]
ENSSSAG00000040044	ssa15	.	lncRNA		
ENSSSAG00000040055	ssa09	.	lncRNA		
ENSSSAG00000040058	ssa09	.	lncRNA		
ENSSSAG00000040060	ssa15	.	lncRNA		
ENSSSAG00000040066	ssa01	.	lncRNA		
ENSSSAG00000040077	ssa06	.	protein_coding	aldh3b1	aldehyde dehydrogenase family 3 member B1-like [Source:NCBI gene%3BAcc:106606760]
ENSSSAG00000040082	ssa06	.	protein_coding		
ENSSSAG00000040123	ssa06	.	pseudogene		
ENSSSAG00000040127	ssa11	.	lncRNA		
ENSSSAG00000040129	ssa11	.	lncRNA		
ENSSSAG00000040159	ssa15	.	lncRNA		
ENSSSAG00000040166	ssa09	.	lncRNA		
ENSSSAG00000040170	ssa01	.	lncRNA		
ENSSSAG00000040175	ssa15	.	lncRNA		
ENSSSAG00000040191	ssa23	.	lncRNA		
ENSSSAG00000040200	ssa02	.	lncRNA		
ENSSSAG00000040204	ssa12	.	miRNA	ssa-let-7f	ssa-let-7f [Source:miRBase%3BAcc:MI0026425]
ENSSSAG00000040206	ssa12	.	miRNA	ssa-let-7j	ssa-let-7j [Source:miRBase%3BAcc:MI0026422]
ENSSSAG00000040209	ssa16	.	protein_coding	inha	inhibin subunit alpha [Source:ZFIN%3BAcc:ZDB-GENE-060503-554]
ENSSSAG00000040239	ssa04	.	processed_pseudogene		
ENSSSAG00000040261	ssa18	.	lncRNA		
ENSSSAG00000040268	ssa06	.	lncRNA		
ENSSSAG00000040281	ssa26	.	lncRNA		
ENSSSAG00000040292	ssa03	.	lncRNA		
ENSSSAG00000040295	ssa03	.	lncRNA		
ENSSSAG00000040306	ssa03	.	lncRNA		
ENSSSAG00000040310	AGKD04016033.1	.	protein_coding	grna	granulins-like [Source:NCBI gene%3BAcc:106592569]
ENSSSAG00000040314	ssa06	.	snoRNA	U3	Small nucleolar RNA U3 [Source:RFAM%3BAcc:RF00012]
ENSSSAG00000040317	ssa06	.	snoRNA		
ENSSSAG00000040318	ssa06	.	snoRNA	U3	Small nucleolar RNA U3 [Source:RFAM%3BAcc:RF00012]
ENSSSAG00000040319	ssa06	.	snoRNA	U3	Small nucleolar RNA U3 [Source:RFAM%3BAcc:RF00012]
ENSSSAG00000040321	ssa06	.	snoRNA		
ENSSSAG00000040322	ssa06	.	snoRNA	U3	Small nucleolar RNA U3 [Source:RFAM%3BAcc:RF00012]
ENSSSAG00000040327	ssa06	.	snoRNA		
ENSSSAG00000040330	ssa06	.	snoRNA	U3	Small nucleolar RNA U3 [Source:RFAM%3BAcc:RF00012]
ENSSSAG00000040334	ssa26	.	lncRNA		
ENSSSAG00000040337	ssa06	.	snoRNA		
ENSSSAG00000040339	ssa26	.	lncRNA		
ENSSSAG00000040340	ssa06	.	snoRNA	U3	Small nucleolar RNA U3 [Source:RFAM%3BAcc:RF00012]
ENSSSAG00000040341	ssa26	.	lncRNA		
ENSSSAG00000040345	ssa06	.	snoRNA	U3	Small nucleolar RNA U3 [Source:RFAM%3BAcc:RF00012]
ENSSSAG00000040348	ssa06	.	snoRNA		
ENSSSAG00000040349	ssa07	.	pseudogene		
ENSSSAG00000040350	ssa06	.	snoRNA	U3	Small nucleolar RNA U3 [Source:RFAM%3BAcc:RF00012]
ENSSSAG00000040352	ssa09	.	lncRNA		
ENSSSAG00000040354	ssa14	.	lncRNA		
ENSSSAG00000040355	ssa06	.	snoRNA		
ENSSSAG00000040359	ssa06	.	snoRNA	U3	Small nucleolar RNA U3 [Source:RFAM%3BAcc:RF00012]
ENSSSAG00000040363	ssa06	.	snoRNA		
ENSSSAG00000040366	ssa06	.	snoRNA	U3	Small nucleolar RNA U3 [Source:RFAM%3BAcc:RF00012]
ENSSSAG00000040370	ssa10	.	lncRNA		
ENSSSAG00000040372	ssa06	.	snoRNA		
ENSSSAG00000040376	ssa06	.	snoRNA	U3	Small nucleolar RNA U3 [Source:RFAM%3BAcc:RF00012]
ENSSSAG00000040377	ssa06	.	snoRNA		
ENSSSAG00000040379	ssa06	.	snoRNA	U3	Small nucleolar RNA U3 [Source:RFAM%3BAcc:RF00012]
ENSSSAG00000040382	ssa06	.	snoRNA		
ENSSSAG00000040384	ssa02	.	protein_coding		
ENSSSAG00000040385	ssa06	.	snoRNA	U3	Small nucleolar RNA U3 [Source:RFAM%3BAcc:RF00012]
ENSSSAG00000040390	ssa06	.	snoRNA		
ENSSSAG00000040395	ssa06	.	snoRNA	U3	Small nucleolar RNA U3 [Source:RFAM%3BAcc:RF00012]
ENSSSAG00000040396	ssa06	.	snoRNA		
ENSSSAG00000040399	ssa06	.	snoRNA	U3	Small nucleolar RNA U3 [Source:RFAM%3BAcc:RF00012]
ENSSSAG00000040400	ssa06	.	snoRNA	U3	Small nucleolar RNA U3 [Source:RFAM%3BAcc:RF00012]
ENSSSAG00000040401	ssa06	.	snoRNA		
ENSSSAG00000040402	AGKD04029144.1	.	protein_coding	rpn1	dolichyl-diphosphooligosaccharide--protein glycosyltransferase subunit 1-like [Source:NCBI gene%3BAcc:106596710]
ENSSSAG00000040403	ssa06	.	snoRNA	U3	Small nucleolar RNA U3 [Source:RFAM%3BAcc:RF00012]
ENSSSAG00000040404	ssa06	.	snoRNA		
ENSSSAG00000040406	ssa06	.	snoRNA	U3	Small nucleolar RNA U3 [Source:RFAM%3BAcc:RF00012]
ENSSSAG00000040408	ssa06	.	snoRNA		
ENSSSAG00000040411	ssa06	.	snoRNA	U3	Small nucleolar RNA U3 [Source:RFAM%3BAcc:RF00012]
ENSSSAG00000040416	ssa16	.	lncRNA		
ENSSSAG00000040419	ssa16	.	protein_coding		
ENSSSAG00000040436	ssa10	.	lncRNA		
ENSSSAG00000040442	ssa06	.	misc_RNA	Metazoa_SRP	Metazoan signal recognition particle RNA [Source:RFAM%3BAcc:RF00017]
ENSSSAG00000040448	ssa13	.	lncRNA		schwannomin-interacting protein 1-like [Source:NCBI gene%3BAcc:106567900]
ENSSSAG00000040450	ssa03	.	miRNA	ssa-mir-430a	ssa-mir-430a [Source:miRBase%3BAcc:MI0026699]
ENSSSAG00000040456	ssa03	.	miRNA	ssa-mir-430c	ssa-mir-430c [Source:miRBase%3BAcc:MI0026701]
ENSSSAG00000040457	ssa23	.	protein_coding		GDP-L-fucose synthase [Source:NCBI gene%3BAcc:100136418]
ENSSSAG00000040459	ssa03	.	miRNA	ssa-mir-430b	ssa-mir-430b [Source:miRBase%3BAcc:MI0026700]
ENSSSAG00000040463	ssa03	.	miRNA	ssa-mir-430c	ssa-mir-430c [Source:miRBase%3BAcc:MI0026701]
ENSSSAG00000040465	ssa13	.	lncRNA		
ENSSSAG00000040477	AGKD04019666.1	.	protein_coding		
ENSSSAG00000040492	ssa26	.	miRNA	ssa-mir-129-1	ssa-mir-129-1 [Source:miRBase%3BAcc:MI0026465]
ENSSSAG00000040512	ssa02	.	protein_coding	adnp2a	ADNP homeobox protein 2-like [Source:NCBI gene%3BAcc:106573358]
ENSSSAG00000040516	ssa13	.	lncRNA		
ENSSSAG00000040518	ssa13	.	lncRNA		
ENSSSAG00000040528	ssa13	.	lncRNA		uncharacterized LOC106567895 [Source:NCBI gene%3BAcc:106567895]
ENSSSAG00000040549	ssa03	.	snoRNA		
ENSSSAG00000040554	ssa03	.	snoRNA		
ENSSSAG00000040565	ssa13	.	lncRNA		
ENSSSAG00000040574	ssa25	.	lncRNA		
ENSSSAG00000040591	ssa03	.	lncRNA		
ENSSSAG00000040593	ssa03	.	lncRNA		
ENSSSAG00000040594	ssa03	.	processed_pseudogene		
ENSSSAG00000040601	ssa27	.	lncRNA		
ENSSSAG00000040603	ssa01	.	lncRNA		
ENSSSAG00000040614	ssa02	.	protein_coding	macc1	metastasis-associated in colon cancer protein 1-like [Source:NCBI gene%3BAcc:106573372]
ENSSSAG00000040625	AGKD04029159.1	.	protein_coding	lsm8	U6 snRNA-associated Sm-like protein LSm8 [Source:NCBI gene%3BAcc:106596712]
ENSSSAG00000040626	ssa14	.	pseudogene		
ENSSSAG00000040634	ssa13	.	lncRNA		
ENSSSAG00000040652	ssa15	.	protein_coding	CF130	O-acetyl-ADP-ribose deacetylase 1-like [Source:NCBI gene%3BAcc:106572424]
ENSSSAG00000040689	AGKD04029177.1	.	snRNA	U1	U1 spliceosomal RNA [Source:RFAM%3BAcc:RF00003]
ENSSSAG00000040709	ssa13	.	pseudogene		
ENSSSAG00000040743	ssa12	.	lncRNA		
ENSSSAG00000040744	AGKD04029203.1	.	protein_coding	ubqln4	ubiquilin-4-like [Source:NCBI gene%3BAcc:106596717]
ENSSSAG00000040753	ssa06	.	pseudogene		midasin AAA ATPase 1 [Source:NCBI gene%3BAcc:106607713]
ENSSSAG00000040760	ssa18	.	pseudogene		
ENSSSAG00000040775	ssa10	.	protein_coding		
ENSSSAG00000040785	ssa09	.	lncRNA		
ENSSSAG00000040787	ssa09	.	lncRNA		
ENSSSAG00000040793	ssa10	.	protein_coding		
ENSSSAG00000040794	ssa18	.	lncRNA		
ENSSSAG00000040800	ssa10	.	protein_coding		
ENSSSAG00000040803	ssa19	.	lncRNA		
ENSSSAG00000040811	ssa16	.	snRNA	U2	U2 spliceosomal RNA [Source:RFAM%3BAcc:RF00004]
ENSSSAG00000040817	ssa01	.	miRNA	ssa-mir-219a-2	ssa-mir-219a-2 [Source:miRBase%3BAcc:MI0026621]
ENSSSAG00000040832	ssa10	.	lncRNA		
ENSSSAG00000040833	ssa10	.	lncRNA		
ENSSSAG00000040834	ssa13	.	lncRNA		
ENSSSAG00000040836	ssa13	.	lncRNA		
ENSSSAG00000040848	ssa18	.	lncRNA		
ENSSSAG00000040854	ssa18	.	lncRNA		
ENSSSAG00000040856	ssa18	.	pseudogene		
ENSSSAG00000040859	ssa18	.	lncRNA		
ENSSSAG00000040861	ssa13	.	lncRNA		
ENSSSAG00000040867	ssa16	.	lncRNA		
ENSSSAG00000040868	ssa01	.	lncRNA		
ENSSSAG00000040870	AGKD04029215.1	.	pseudogene		
ENSSSAG00000040878	ssa01	.	lncRNA		SH2 domain-containing protein 3C-like [Source:NCBI gene%3BAcc:106561608]
ENSSSAG00000040884	AGKD04029233.1	.	protein_coding		
ENSSSAG00000040887	ssa18	.	protein_coding		fibrinogen-like 2a [Source:ZFIN%3BAcc:ZDB-GENE-030131-9506]
ENSSSAG00000040892	AGKD04010148.1	.	protein_coding	mgst1.1	microsomal glutathione S-transferase 1-like [Source:NCBI gene%3BAcc:106590880]
ENSSSAG00000040905	AGKD04029234.1	.	protein_coding		
ENSSSAG00000040906	ssa08	.	lncRNA		
ENSSSAG00000040907	ssa03	.	lncRNA		
ENSSSAG00000040912	ssa15	.	lncRNA		
ENSSSAG00000040914	AGKD04010186.1	.	misc_RNA	Metazoa_SRP	Metazoan signal recognition particle RNA [Source:RFAM%3BAcc:RF00017]
ENSSSAG00000040916	ssa15	.	lncRNA		
ENSSSAG00000040918	AGKD04010186.1	.	misc_RNA	Metazoa_SRP	Metazoan signal recognition particle RNA [Source:RFAM%3BAcc:RF00017]
ENSSSAG00000040920	ssa15	.	pseudogene		
ENSSSAG00000040925	AGKD04029244.1	.	protein_coding		
ENSSSAG00000040932	ssa15	.	lncRNA		
ENSSSAG00000040939	ssa03	.	protein_coding	gcat	2-amino-3-ketobutyrate coenzyme A ligase%2C mitochondrial-like [Source:NCBI gene%3BAcc:106601299]
ENSSSAG00000040943	ssa03	.	lncRNA		
ENSSSAG00000040947	ssa25	.	lncRNA		
ENSSSAG00000040948	AGKD04029270.1	.	protein_coding	HoxB4aa	homeobox protein Hox-B4a-like [Source:NCBI gene%3BAcc:106596733]
ENSSSAG00000040965	ssa03	.	protein_coding		
ENSSSAG00000040979	ssa03	.	protein_coding	mcm5	MCM5 minichromosome maintenance deficient 5 (S. cerevisiae) [Source:NCBI gene%3BAcc:100194792]
ENSSSAG00000041004	ssa06	.	pseudogene		
ENSSSAG00000041021	ssa18	.	scaRNA		
ENSSSAG00000041022	ssa18	.	scaRNA		small Cajal body-specific RNA 8 [Source:HGNC Symbol%3BAcc:HGNC:32564]
ENSSSAG00000041031	AGKD04029320.1	.	snRNA	U1	U1 spliceosomal RNA [Source:RFAM%3BAcc:RF00003]
ENSSSAG00000041034	ssa16	.	protein_coding		
ENSSSAG00000041041	ssa18	.	processed_pseudogene		
ENSSSAG00000041049	ssa10	.	lncRNA		
ENSSSAG00000041060	ssa15	.	protein_coding	k0090	K0090 protein [Source:NCBI gene%3BAcc:100194843]
ENSSSAG00000041063	ssa18	.	lncRNA		
ENSSSAG00000041067	ssa03	.	lncRNA		
ENSSSAG00000041071	ssa09	.	lncRNA		
ENSSSAG00000041094	ssa06	.	lncRNA		
ENSSSAG00000041108	ssa06	.	lncRNA		
ENSSSAG00000041111	ssa16	.	snRNA		
ENSSSAG00000041136	ssa26	.	miRNA	ssa-mir-9a-6	ssa-mir-9a-6 [Source:miRBase%3BAcc:MI0026774]
ENSSSAG00000041142	ssa25	.	lncRNA		
ENSSSAG00000041144	ssa26	.	protein_coding	atp6v0d1	V-type proton ATPase subunit d 1 [Source:NCBI gene%3BAcc:106588021]
ENSSSAG00000041146	AGKD04024943.1	.	protein_coding	si:ch211-243a20.3	si:ch211-243a20.3 [Source:ZFIN%3BAcc:ZDB-GENE-061207-28]
ENSSSAG00000041155	AGKD04010279.1	.	pseudogene		
ENSSSAG00000041188	ssa25	.	lncRNA		
ENSSSAG00000041190	ssa25	.	lncRNA		
ENSSSAG00000041191	ssa25	.	lncRNA		uncharacterized protein KIAA2012 homolog [Source:NCBI gene%3BAcc:106586942]
ENSSSAG00000041195	ssa25	.	lncRNA		
ENSSSAG00000041204	ssa01	.	lncRNA		
ENSSSAG00000041208	AGKD04030197.1	.	protein_coding	PSMA4	proteasome 20S subunit alpha 4 [Source:ZFIN%3BAcc:ZDB-GENE-040426-1932]
ENSSSAG00000041209	ssa01	.	lncRNA		
ENSSSAG00000041225	ssa02	.	protein_coding	ano10a	anoctamin 10 [Source:NCBI gene%3BAcc:106573505]
ENSSSAG00000041230	ssa06	.	protein_coding	tspan10	tetraspanin-10-like [Source:NCBI gene%3BAcc:106606372]
ENSSSAG00000041240	ssa02	.	lncRNA		
ENSSSAG00000041244	ssa04	.	lncRNA		
ENSSSAG00000041247	ssa20	.	snoRNA		
ENSSSAG00000041251	ssa03	.	lncRNA		
ENSSSAG00000041253	ssa03	.	lncRNA		
ENSSSAG00000041256	AGKD04025053.1	.	pseudogene		
ENSSSAG00000041279	ssa05	.	lncRNA		
ENSSSAG00000041280	ssa05	.	lncRNA		
ENSSSAG00000041292	ssa19	.	lncRNA		
ENSSSAG00000041296	ssa15	.	protein_coding	sel1l	protein sel-1 homolog 1-like [Source:NCBI gene%3BAcc:106571688]
ENSSSAG00000041297	ssa16	.	miRNA	ssa-mir-128-1	ssa-mir-128-1 [Source:miRBase%3BAcc:MI0026461]
ENSSSAG00000041328	ssa06	.	protein_coding	cd2bp2	CD2 antigen cytoplasmic tail-binding protein 2-like [Source:NCBI gene%3BAcc:106606875]
ENSSSAG00000041334	ssa11	.	lncRNA		
ENSSSAG00000041340	ssa04	.	protein_coding		
ENSSSAG00000041344	AGKD04010572.1	.	snRNA	U5	U5 spliceosomal RNA [Source:RFAM%3BAcc:RF00020]
ENSSSAG00000041361	ssa04	.	lncRNA		
ENSSSAG00000041363	ssa04	.	lncRNA		
ENSSSAG00000041386	ssa26	.	lncRNA		
ENSSSAG00000041389	ssa05	.	protein_coding	fsbp	fibrinogen silencer-binding protein-like [Source:NCBI gene%3BAcc:106605947]
ENSSSAG00000041401	ssa26	.	lncRNA		
ENSSSAG00000041402	ssa04	.	protein_coding		
ENSSSAG00000041410	ssa26	.	lncRNA		
ENSSSAG00000041412	ssa26	.	lncRNA		
ENSSSAG00000041430	ssa09	.	miRNA	ssa-mir-551	ssa-mir-551 [Source:miRBase%3BAcc:MI0026720]
ENSSSAG00000041432	ssa22	.	lncRNA		uncharacterized protein C6orf132-like [Source:NCBI gene%3BAcc:106583069]
ENSSSAG00000041435	ssa04	.	protein_coding	chic2	cysteine-rich hydrophobic domain-containing protein 2 [Source:NCBI gene%3BAcc:106602128]
ENSSSAG00000041452	ssa22	.	lncRNA		
ENSSSAG00000041453	ssa08	.	lncRNA		
ENSSSAG00000041454	ssa22	.	lncRNA		
ENSSSAG00000041474	ssa23	.	lncRNA		
ENSSSAG00000041479	ssa19	.	snoRNA		
ENSSSAG00000041482	ssa09	.	protein_coding		
ENSSSAG00000041486	ssa25	.	lncRNA		
ENSSSAG00000041488	ssa22	.	lncRNA		
ENSSSAG00000041491	ssa16	.	protein_coding		
ENSSSAG00000041521	ssa16	.	protein_coding		transcription factor Dp-1-like [Source:NCBI gene%3BAcc:106574843]
ENSSSAG00000041538	ssa23	.	pseudogene		rho GTPase-activating protein 39-like [Source:NCBI gene%3BAcc:106584197]
ENSSSAG00000041542	ssa04	.	protein_coding		
ENSSSAG00000041547	ssa16	.	lncRNA		
ENSSSAG00000041558	ssa28	.	snoRNA		
ENSSSAG00000041560	ssa04	.	protein_coding		D(1) dopamine receptor-like [Source:NCBI gene%3BAcc:106602141]
ENSSSAG00000041568	ssa04	.	protein_coding		UPF0462 protein C4orf33 homolog [Source:NCBI gene%3BAcc:106602149]
ENSSSAG00000041580	ssa14	.	lncRNA		
ENSSSAG00000041591	ssa02	.	lncRNA		
ENSSSAG00000041593	ssa02	.	lncRNA		
ENSSSAG00000041625	ssa01	.	lncRNA		
ENSSSAG00000041655	ssa23	.	lncRNA		
ENSSSAG00000041659	ssa11	.	lncRNA		uncharacterized LOC106562304 [Source:NCBI gene%3BAcc:106562304]
ENSSSAG00000041669	ssa09	.	lncRNA		
ENSSSAG00000041672	ssa09	.	lncRNA		
ENSSSAG00000041674	ssa27	.	lncRNA		
ENSSSAG00000041677	ssa16	.	miRNA	ssa-mir-9b	ssa-mir-9b [Source:miRBase%3BAcc:MI0026777]
ENSSSAG00000041682	ssa13	.	rRNA	5S_rRNA	5S ribosomal RNA [Source:RFAM%3BAcc:RF00001]
ENSSSAG00000041687	ssa17	.	lncRNA		
ENSSSAG00000041694	ssa13	.	ribozyme	RNaseP_nuc	Nuclear RNase P [Source:RFAM%3BAcc:RF00009]
ENSSSAG00000041709	ssa12	.	lncRNA		
ENSSSAG00000041712	ssa12	.	lncRNA		
ENSSSAG00000041714	ssa04	.	lncRNA		
ENSSSAG00000041724	ssa18	.	snoRNA		
ENSSSAG00000041725	ssa17	.	rRNA	5_8S_rRNA	5.8S ribosomal RNA [Source:RFAM%3BAcc:RF00002]
ENSSSAG00000041729	ssa18	.	snoRNA		
ENSSSAG00000041731	ssa17	.	rRNA		
ENSSSAG00000041734	ssa18	.	snoRNA		
ENSSSAG00000041746	ssa04	.	protein_coding	ATP1A1	sodium/potassium-transporting ATPase subunit alpha-1-like [Source:NCBI gene%3BAcc:106602157]
ENSSSAG00000041753	ssa17	.	lncRNA		
ENSSSAG00000041758	ssa06	.	lncRNA		
ENSSSAG00000041759	ssa03	.	miRNA	ssa-mir-137-1	ssa-mir-137-1 [Source:miRBase%3BAcc:MI0026491]
ENSSSAG00000041762	ssa09	.	lncRNA		
ENSSSAG00000041780	ssa18	.	protein_coding		FERM domain-containing protein 7-like [Source:NCBI gene%3BAcc:106578154]
ENSSSAG00000041787	ssa18	.	lncRNA		
ENSSSAG00000041788	ssa18	.	lncRNA		
ENSSSAG00000041802	ssa09	.	lncRNA		
ENSSSAG00000041804	ssa06	.	lncRNA		
ENSSSAG00000041812	ssa12	.	snoRNA	SNORD58	Small nucleolar RNA SNORD58 [Source:RFAM%3BAcc:RF00151]
ENSSSAG00000041832	ssa25	.	pseudogene		
ENSSSAG00000041846	ssa14	.	pseudogene		
ENSSSAG00000041847	ssa06	.	protein_coding		actin%2C non-muscle 6.2 [Source:NCBI gene%3BAcc:106606386]
ENSSSAG00000041849	ssa18	.	lncRNA		
ENSSSAG00000041869	ssa27	.	lncRNA		
ENSSSAG00000041870	ssa03	.	lncRNA		
ENSSSAG00000041871	ssa03	.	protein_coding		
ENSSSAG00000041872	ssa04	.	snRNA	U7	U7 small nuclear RNA [Source:RFAM%3BAcc:RF00066]
ENSSSAG00000041873	ssa15	.	lncRNA		
ENSSSAG00000041882	ssa16	.	pseudogene		
ENSSSAG00000041886	AGKD04030232.1	.	protein_coding		exosome complex component RRP45-like [Source:NCBI gene%3BAcc:106596929]
ENSSSAG00000041894	AGKD04030234.1	.	protein_coding	rpn1	dolichyl-diphosphooligosaccharide--protein glycosyltransferase subunit 1-like [Source:NCBI gene%3BAcc:106596931]
ENSSSAG00000041898	ssa26	.	pseudogene		
ENSSSAG00000041901	ssa04	.	snoRNA		
ENSSSAG00000041903	ssa16	.	miRNA	mir140	microRNA 140 [Source:ZFIN%3BAcc:ZDB-MIRNAG-081006-2]
ENSSSAG00000041922	ssa26	.	lncRNA		
ENSSSAG00000041928	ssa14	.	lncRNA		predicted GPI-anchored protein 58 [Source:NCBI gene%3BAcc:106570785]
ENSSSAG00000041929	ssa14	.	lncRNA		
ENSSSAG00000041950	ssa14	.	lncRNA		
ENSSSAG00000041965	ssa07	.	lncRNA		
ENSSSAG00000041972	ssa10	.	pseudogene		
ENSSSAG00000042003	AGKD04030246.1	.	snRNA	U6	U6 spliceosomal RNA [Source:RFAM%3BAcc:RF00026]
ENSSSAG00000042012	AGKD04030306.1	.	protein_coding	ubil	Ubiquitin-like protein [Source:NCBI gene%3BAcc:100196293]
ENSSSAG00000042017	ssa16	.	miRNA	ssa-mir-128-1	ssa-mir-128-1 [Source:miRBase%3BAcc:MI0026461]
ENSSSAG00000042022	ssa26	.	protein_coding	qser1	glutamine and serine-rich protein 1-like [Source:NCBI gene%3BAcc:106587871]
ENSSSAG00000042029	AGKD04030315.1	.	protein_coding		
ENSSSAG00000042037	ssa07	.	protein_coding		
ENSSSAG00000042045	ssa09	.	lncRNA		
ENSSSAG00000042054	ssa07	.	protein_coding		
ENSSSAG00000042063	ssa07	.	protein_coding		
ENSSSAG00000042066	ssa03	.	pseudogene		
ENSSSAG00000042067	ssa10	.	snRNA	U5	U5 spliceosomal RNA [Source:RFAM%3BAcc:RF00020]
ENSSSAG00000042068	ssa10	.	snRNA	U2	U2 spliceosomal RNA [Source:RFAM%3BAcc:RF00004]
ENSSSAG00000042083	ssa09	.	snRNA	U7	U7 small nuclear RNA [Source:RFAM%3BAcc:RF00066]
ENSSSAG00000042084	ssa15	.	snoRNA	SNORA73	Small nucleolar RNA SNORA73 family [Source:RFAM%3BAcc:RF00045]
ENSSSAG00000042087	ssa15	.	snoRNA	SNORA73	Small nucleolar RNA SNORA73 family [Source:RFAM%3BAcc:RF00045]
ENSSSAG00000042092	ssa07	.	protein_coding		
ENSSSAG00000042093	ssa15	.	snoRNA	SNORA73	Small nucleolar RNA SNORA73 family [Source:RFAM%3BAcc:RF00045]
ENSSSAG00000042095	ssa15	.	snoRNA	SNORA73	Small nucleolar RNA SNORA73 family [Source:RFAM%3BAcc:RF00045]
ENSSSAG00000042115	ssa25	.	lncRNA		
ENSSSAG00000042127	ssa07	.	protein_coding		
ENSSSAG00000042135	ssa13	.	lncRNA		
ENSSSAG00000042136	ssa13	.	lncRNA		
ENSSSAG00000042137	ssa11	.	lncRNA		
ENSSSAG00000042145	ssa26	.	protein_coding		guanylyl cyclase-activating protein 2-like [Source:NCBI gene%3BAcc:106587889]
ENSSSAG00000042148	ssa07	.	protein_coding		
ENSSSAG00000042164	ssa07	.	protein_coding		
ENSSSAG00000042178	ssa07	.	protein_coding		
ENSSSAG00000042183	ssa28	.	lncRNA		
ENSSSAG00000042208	ssa16	.	lncRNA		
ENSSSAG00000042209	ssa15	.	scaRNA		
ENSSSAG00000042212	ssa06	.	protein_coding	ASF1B	histone chaperone asf1b-B [Source:NCBI gene%3BAcc:106606512]
ENSSSAG00000042219	ssa05	.	protein_coding	smyd5	SET and MYND domain-containing protein 5-like [Source:NCBI gene%3BAcc:106604471]
ENSSSAG00000042240	AGKD04030485.1	.	protein_coding		butyrophilin subfamily 1 member A1-like [Source:NCBI gene%3BAcc:106596975]
ENSSSAG00000042242	ssa18	.	lncRNA		
ENSSSAG00000042253	AGKD04030492.1	.	protein_coding		
ENSSSAG00000042259	ssa13	.	snRNA	U7	U7 small nuclear RNA [Source:RFAM%3BAcc:RF00066]
ENSSSAG00000042267	ssa18	.	lncRNA		
ENSSSAG00000042268	ssa06	.	snoRNA		
ENSSSAG00000042269	ssa11	.	snRNA	U7	U7 small nuclear RNA [Source:RFAM%3BAcc:RF00066]
ENSSSAG00000042270	AGKD04030502.1	.	snRNA	U2	U2 spliceosomal RNA [Source:RFAM%3BAcc:RF00004]
ENSSSAG00000042271	ssa06	.	snoRNA		
ENSSSAG00000042274	AGKD04030502.1	.	snRNA	U5	U5 spliceosomal RNA [Source:RFAM%3BAcc:RF00020]
ENSSSAG00000042277	ssa05	.	protein_coding		cysteine-rich and transmembrane domain-containing protein 1-like [Source:NCBI gene%3BAcc:106604329]
ENSSSAG00000042302	ssa06	.	protein_coding	akts1	Proline-rich AKT1 substrate 1 [Source:NCBI gene%3BAcc:100380484]
ENSSSAG00000042323	AGKD04030527.1	.	protein_coding	josd2	josephin-2-like [Source:NCBI gene%3BAcc:106596986]
ENSSSAG00000042330	ssa26	.	protein_coding	hdc	histidine decarboxylase-like [Source:NCBI gene%3BAcc:106587893]
ENSSSAG00000042333	AGKD04030547.1	.	protein_coding	josd2	josephin-2-like [Source:NCBI gene%3BAcc:106596990]
ENSSSAG00000042335	ssa09	.	lncRNA		
ENSSSAG00000042349	ssa12	.	protein_coding	mfsd4aa	major facilitator superfamily domain-containing protein 4-A-like [Source:NCBI gene%3BAcc:106565628]
ENSSSAG00000042356	ssa09	.	lncRNA		
ENSSSAG00000042358	ssa11	.	protein_coding	CRY2	cryptochrome-2-like [Source:NCBI gene%3BAcc:106562510]
ENSSSAG00000042375	ssa05	.	protein_coding	pnrc2	proline-rich nuclear receptor coactivator 2-like [Source:NCBI gene%3BAcc:106605140]
ENSSSAG00000042376	ssa03	.	pseudogene		
ENSSSAG00000042385	ssa07	.	lncRNA		
ENSSSAG00000042388	ssa09	.	lncRNA		
ENSSSAG00000042389	ssa09	.	lncRNA		
ENSSSAG00000042392	ssa11	.	pseudogene		
ENSSSAG00000042408	ssa02	.	lncRNA		
ENSSSAG00000042409	ssa02	.	lncRNA		
ENSSSAG00000042410	ssa04	.	snoRNA		
ENSSSAG00000042414	ssa04	.	snoRNA		
ENSSSAG00000042415	ssa04	.	snoRNA		
ENSSSAG00000042433	ssa12	.	lncRNA		
ENSSSAG00000042435	ssa12	.	lncRNA		
ENSSSAG00000042443	ssa09	.	lncRNA		
ENSSSAG00000042448	ssa02	.	snoRNA		
ENSSSAG00000042451	ssa02	.	snoRNA		
ENSSSAG00000042453	ssa02	.	snoRNA		
ENSSSAG00000042454	ssa02	.	snoRNA		
ENSSSAG00000042463	ssa09	.	protein_coding	npy7r	neuropeptide Y receptor Y7 [Source:ZFIN%3BAcc:ZDB-GENE-040924-9]
ENSSSAG00000042483	ssa23	.	pseudogene		
ENSSSAG00000042579	ssa06	.	misc_RNA	Metazoa_SRP	Metazoan signal recognition particle RNA [Source:RFAM%3BAcc:RF00017]
ENSSSAG00000042582	ssa06	.	misc_RNA	Metazoa_SRP	Metazoan signal recognition particle RNA [Source:RFAM%3BAcc:RF00017]
ENSSSAG00000042592	AGKD04030579.1	.	snRNA	U6	U6 spliceosomal RNA [Source:RFAM%3BAcc:RF00026]
ENSSSAG00000042594	AGKD04030595.1	.	protein_coding		
ENSSSAG00000042613	ssa09	.	pseudogene		
ENSSSAG00000042628	ssa15	.	lncRNA		
ENSSSAG00000042634	AGKD04030614.1	.	scaRNA		
ENSSSAG00000042637	AGKD04030617.1	.	protein_coding		actin%2C non-muscle 6.2 [Source:NCBI gene%3BAcc:106597006]
ENSSSAG00000042640	ssa01	.	lncRNA		
ENSSSAG00000042703	ssa18	.	lncRNA		uncharacterized LOC106577995 [Source:NCBI gene%3BAcc:106577995]
ENSSSAG00000042729	ssa09	.	protein_coding	fermt3b	fermitin family homolog 3-like [Source:NCBI gene%3BAcc:106612070]
ENSSSAG00000042734	ssa25	.	protein_coding	mid1	E3 ubiquitin-protein ligase Midline-1-like [Source:NCBI gene%3BAcc:106586808]
ENSSSAG00000042738	AGKD04019679.1	.	snoRNA		
ENSSSAG00000042742	ssa05	.	lncRNA		
ENSSSAG00000042743	ssa18	.	lncRNA		
ENSSSAG00000042746	ssa18	.	lncRNA		putative ferric-chelate reductase 1 [Source:NCBI gene%3BAcc:106577994]
ENSSSAG00000042752	ssa05	.	miRNA	ssa-mir-458	ssa-mir-458 [Source:miRBase%3BAcc:MI0026708]
ENSSSAG00000042758	ssa06	.	lncRNA		
ENSSSAG00000042767	AGKD04030628.1	.	protein_coding		
ENSSSAG00000042770	ssa13	.	lncRNA		
ENSSSAG00000042772	ssa17	.	protein_coding	pctk2	Serine/threonine-protein kinase PCTAIRE-2 [Source:NCBI gene%3BAcc:100380451]
ENSSSAG00000042774	ssa14	.	misc_RNA	Metazoa_SRP	Metazoan signal recognition particle RNA [Source:RFAM%3BAcc:RF00017]
ENSSSAG00000042776	ssa06	.	lncRNA		
ENSSSAG00000042778	ssa14	.	misc_RNA	Metazoa_SRP	Metazoan signal recognition particle RNA [Source:RFAM%3BAcc:RF00017]
ENSSSAG00000042780	ssa10	.	snRNA	U2	U2 spliceosomal RNA [Source:RFAM%3BAcc:RF00004]
ENSSSAG00000042783	ssa13	.	miRNA		microRNA 101-2 [Source:HGNC Symbol%3BAcc:HGNC:31489]
ENSSSAG00000042786	AGKD04030651.1	.	protein_coding		
ENSSSAG00000042801	ssa18	.	pseudogene		
ENSSSAG00000042806	ssa09	.	pseudogene		
ENSSSAG00000042808	ssa14	.	miRNA	ssa-mir-138-3	ssa-mir-138-3 [Source:miRBase%3BAcc:MI0026495]
ENSSSAG00000042810	AGKD04030662.1	.	protein_coding		
ENSSSAG00000042817	AGKD04030662.1	.	protein_coding		
ENSSSAG00000042824	AGKD04030662.1	.	pseudogene		
ENSSSAG00000042827	ssa02	.	lncRNA		
ENSSSAG00000042842	ssa08	.	lncRNA		SLAM family member 5-like [Source:NCBI gene%3BAcc:106609968]
ENSSSAG00000042859	ssa03	.	lncRNA		
ENSSSAG00000042872	ssa27	.	miRNA	ssa-mir-30e-1	ssa-mir-30e-1 [Source:miRBase%3BAcc:MI0026683]
ENSSSAG00000042876	ssa10	.	pseudogene		
ENSSSAG00000042885	ssa16	.	lncRNA		
ENSSSAG00000042895	ssa14	.	protein_coding	ppp1r11	protein phosphatase 1 regulatory subunit 11-like [Source:NCBI gene%3BAcc:106570657]
ENSSSAG00000042903	ssa14	.	snoRNA	SNORD33	Small nucleolar RNA Z195/SNORD33/SNORD32 family [Source:RFAM%3BAcc:RF00133]
ENSSSAG00000042906	ssa17	.	lncRNA		
ENSSSAG00000042907	ssa14	.	lncRNA		
ENSSSAG00000042911	ssa06	.	protein_coding		histone-lysine N-methyltransferase SUV420H2-like [Source:NCBI gene%3BAcc:106606882]
ENSSSAG00000042925	ssa17	.	miRNA	ssa-mir-92a-4	ssa-mir-92a-4 [Source:miRBase%3BAcc:MI0026761]
ENSSSAG00000042926	ssa14	.	lncRNA		
ENSSSAG00000042940	ssa12	.	pseudogene		
ENSSSAG00000042942	ssa21	.	lncRNA		
ENSSSAG00000042973	ssa08	.	lncRNA		
ENSSSAG00000042983	ssa09	.	vault_RNA	Vault	Vault RNA [Source:RFAM%3BAcc:RF00006]
ENSSSAG00000042999	ssa18	.	lncRNA		
ENSSSAG00000043021	ssa10	.	lncRNA		
ENSSSAG00000043027	AGKD04019725.1	.	pseudogene		
ENSSSAG00000043029	ssa02	.	lncRNA		
ENSSSAG00000043030	ssa18	.	lncRNA		
ENSSSAG00000043040	ssa17	.	protein_coding		POU domain%2C class 2%2C transcription factor 1-like [Source:NCBI gene%3BAcc:106575732]
ENSSSAG00000043058	ssa09	.	scaRNA		
ENSSSAG00000043075	ssa18	.	snoRNA		
ENSSSAG00000043078	ssa18	.	lncRNA		
ENSSSAG00000043079	ssa18	.	snoRNA		
ENSSSAG00000043084	ssa18	.	snoRNA	SNORD31	Small nucleolar RNA SNORD31 [Source:RFAM%3BAcc:RF00089]
ENSSSAG00000043086	ssa18	.	snoRNA	SNORD31	Small nucleolar RNA SNORD31 [Source:RFAM%3BAcc:RF00089]
ENSSSAG00000043088	ssa18	.	lncRNA		
ENSSSAG00000043102	ssa10	.	lncRNA		
ENSSSAG00000043110	ssa17	.	lncRNA		
ENSSSAG00000043116	ssa18	.	lncRNA		
ENSSSAG00000043117	ssa03	.	pseudogene		bromodomain-containing protein 4-like [Source:NCBI gene%3BAcc:106600922]
ENSSSAG00000043130	ssa02	.	protein_coding		sialic acid-binding Ig-like lectin 15 [Source:NCBI gene%3BAcc:106585528]
ENSSSAG00000043132	ssa12	.	pseudogene		
ENSSSAG00000043136	ssa16	.	pseudogene		
ENSSSAG00000043137	ssa17	.	protein_coding	setdb2	histone-lysine N-methyltransferase SETDB2-like [Source:NCBI gene%3BAcc:106575729]
ENSSSAG00000043138	ssa02	.	lncRNA		
ENSSSAG00000043140	ssa02	.	lncRNA		
ENSSSAG00000043143	ssa02	.	lncRNA		
ENSSSAG00000043144	ssa02	.	lncRNA		
ENSSSAG00000043146	ssa02	.	lncRNA		
ENSSSAG00000043171	ssa18	.	snoRNA	SNORD31	Small nucleolar RNA SNORD31 [Source:RFAM%3BAcc:RF00089]
ENSSSAG00000043172	ssa17	.	pseudogene		
ENSSSAG00000043173	ssa18	.	snoRNA	SNORD31	Small nucleolar RNA SNORD31 [Source:RFAM%3BAcc:RF00089]
ENSSSAG00000043177	ssa18	.	snoRNA	SNORD22	Small nucleolar RNA SNORD22 [Source:RFAM%3BAcc:RF00099]
ENSSSAG00000043178	ssa18	.	snoRNA	SNORD30	Small nucleolar RNA SNORD30 [Source:RFAM%3BAcc:RF00088]
ENSSSAG00000043182	ssa18	.	snoRNA	SNORD29	Small nucleolar RNA SNORD29 [Source:RFAM%3BAcc:RF00070]
ENSSSAG00000043183	ssa18	.	snoRNA	SNORD29	Small nucleolar RNA SNORD29 [Source:RFAM%3BAcc:RF00070]
ENSSSAG00000043187	ssa18	.	lncRNA		
ENSSSAG00000043190	ssa15	.	lncRNA		
ENSSSAG00000043191	ssa15	.	lncRNA		
ENSSSAG00000043195	ssa18	.	snoRNA	SNORD30	Small nucleolar RNA SNORD30 [Source:RFAM%3BAcc:RF00088]
ENSSSAG00000043198	ssa18	.	snoRNA	SNORD22	Small nucleolar RNA SNORD22 [Source:RFAM%3BAcc:RF00099]
ENSSSAG00000043199	ssa27	.	lncRNA		
ENSSSAG00000043200	ssa18	.	snoRNA	SNORD31	Small nucleolar RNA SNORD31 [Source:RFAM%3BAcc:RF00089]
ENSSSAG00000043203	ssa18	.	snoRNA	SNORD22	Small nucleolar RNA SNORD22 [Source:RFAM%3BAcc:RF00099]
ENSSSAG00000043204	ssa27	.	lncRNA		
ENSSSAG00000043205	ssa18	.	snoRNA	SNORD31	Small nucleolar RNA SNORD31 [Source:RFAM%3BAcc:RF00089]
ENSSSAG00000043208	ssa18	.	lncRNA		
ENSSSAG00000043211	ssa18	.	snoRNA	SNORD30	Small nucleolar RNA SNORD30 [Source:RFAM%3BAcc:RF00088]
ENSSSAG00000043213	ssa18	.	snoRNA	SNORD22	Small nucleolar RNA SNORD22 [Source:RFAM%3BAcc:RF00099]
ENSSSAG00000043216	ssa18	.	snoRNA	SNORD31	Small nucleolar RNA SNORD31 [Source:RFAM%3BAcc:RF00089]
ENSSSAG00000043220	ssa18	.	lncRNA		
ENSSSAG00000043224	ssa18	.	snoRNA	SNORD30	Small nucleolar RNA SNORD30 [Source:RFAM%3BAcc:RF00088]
ENSSSAG00000043227	ssa18	.	snoRNA	SNORD30	Small nucleolar RNA SNORD30 [Source:RFAM%3BAcc:RF00088]
ENSSSAG00000043229	ssa18	.	snoRNA	SNORD22	Small nucleolar RNA SNORD22 [Source:RFAM%3BAcc:RF00099]
ENSSSAG00000043232	ssa18	.	snoRNA	SNORD31	Small nucleolar RNA SNORD31 [Source:RFAM%3BAcc:RF00089]
ENSSSAG00000043235	ssa18	.	snoRNA	SNORD31	Small nucleolar RNA SNORD31 [Source:RFAM%3BAcc:RF00089]
ENSSSAG00000043238	ssa18	.	snoRNA	SNORD31	Small nucleolar RNA SNORD31 [Source:RFAM%3BAcc:RF00089]
ENSSSAG00000043241	ssa18	.	lncRNA		
ENSSSAG00000043250	AGKD04077516.1	.	protein_coding		
ENSSSAG00000043251	ssa17	.	protein_coding	pcid2	PCI domain-containing protein 2-like [Source:NCBI gene%3BAcc:106575737]
ENSSSAG00000043261	AGKD04077548.1	.	snoRNA	U3	Small nucleolar RNA U3 [Source:RFAM%3BAcc:RF00012]
ENSSSAG00000043263	AGKD04077548.1	.	snoRNA	U3	Small nucleolar RNA U3 [Source:RFAM%3BAcc:RF00012]
ENSSSAG00000043302	ssa20	.	lncRNA		
ENSSSAG00000043304	ssa20	.	lncRNA		
ENSSSAG00000043306	ssa20	.	lncRNA		
ENSSSAG00000043314	ssa05	.	snRNA	U7	U7 small nuclear RNA [Source:RFAM%3BAcc:RF00066]
ENSSSAG00000043328	ssa17	.	pseudogene		
ENSSSAG00000043332	ssa05	.	lncRNA		
ENSSSAG00000043352	ssa09	.	miRNA	ssa-mir-100a-1	ssa-mir-100a-1 [Source:miRBase%3BAcc:MI0026431]
ENSSSAG00000043355	ssa09	.	miRNA		
ENSSSAG00000043360	ssa09	.	lncRNA		
ENSSSAG00000043391	ssa17	.	snRNA	U2	U2 spliceosomal RNA [Source:RFAM%3BAcc:RF00004]
ENSSSAG00000043394	ssa10	.	lncRNA		
ENSSSAG00000043395	ssa17	.	snRNA	U2	U2 spliceosomal RNA [Source:RFAM%3BAcc:RF00004]
ENSSSAG00000043398	ssa26	.	pseudogene		
ENSSSAG00000043400	ssa17	.	protein_coding	ihhb	Indian hedgehog signaling molecule b [Source:NCBI gene%3BAcc:30299]
ENSSSAG00000043407	ssa26	.	protein_coding		
ENSSSAG00000043442	ssa25	.	lncRNA		
ENSSSAG00000043448	ssa25	.	lncRNA		
ENSSSAG00000043483	ssa09	.	lncRNA		
ENSSSAG00000043484	ssa06	.	protein_coding		nucleobindin-1-like [Source:NCBI gene%3BAcc:106606902]
ENSSSAG00000043485	ssa10	.	lncRNA		
ENSSSAG00000043486	ssa09	.	lncRNA		
ENSSSAG00000043494	ssa01	.	snRNA	U7	U7 small nuclear RNA [Source:RFAM%3BAcc:RF00066]
ENSSSAG00000043497	ssa25	.	miRNA	ssa-mir-26a-5	ssa-mir-26a-5 [Source:miRBase%3BAcc:MI0026653]
ENSSSAG00000043513	ssa06	.	protein_coding		histone-lysine N-methyltransferase SETD1A-like [Source:NCBI gene%3BAcc:106606908]
ENSSSAG00000043544	ssa16	.	lncRNA		
ENSSSAG00000043550	ssa10	.	snoRNA		
ENSSSAG00000043559	ssa10	.	pseudogene		
ENSSSAG00000043572	ssa10	.	lncRNA		
ENSSSAG00000043574	ssa10	.	lncRNA		
ENSSSAG00000043575	ssa10	.	lncRNA		
ENSSSAG00000043582	ssa06	.	protein_coding	parp1	poly(ADP-ribose) polymerase 1 [Source:NCBI gene%3BAcc:100380653]
ENSSSAG00000043603	ssa06	.	pseudogene		
ENSSSAG00000043607	ssa10	.	lncRNA		
ENSSSAG00000043609	ssa10	.	protein_coding		
ENSSSAG00000043616	ssa23	.	lncRNA		
ENSSSAG00000043617	ssa11	.	miRNA	ssa-mir-9a-7	ssa-mir-9a-7 [Source:miRBase%3BAcc:MI0026775]
ENSSSAG00000043621	ssa10	.	protein_coding		paired box protein Pax-4-like [Source:NCBI gene%3BAcc:106560743]
ENSSSAG00000043640	ssa10	.	snRNA	U7	U7 small nuclear RNA [Source:RFAM%3BAcc:RF00066]
ENSSSAG00000043652	ssa11	.	miRNA	ssa-mir-7a-5	ssa-mir-7a-5 [Source:miRBase%3BAcc:MI0026749]
ENSSSAG00000043672	ssa06	.	lncRNA		
ENSSSAG00000043673	ssa06	.	lncRNA		
ENSSSAG00000043695	ssa02	.	lncRNA		
ENSSSAG00000043696	ssa27	.	lncRNA		
ENSSSAG00000043703	ssa01	.	lncRNA		
ENSSSAG00000043722	ssa09	.	scaRNA	SCARNA6	small Cajal body-specific RNA 6 [Source:HGNC Symbol%3BAcc:HGNC:32562]
ENSSSAG00000043723	ssa13	.	pseudogene		
ENSSSAG00000043726	ssa06	.	misc_RNA	Metazoa_SRP	Metazoan signal recognition particle RNA [Source:RFAM%3BAcc:RF00017]
ENSSSAG00000043730	AGKD04019821.1	.	lncRNA		
ENSSSAG00000043749	ssa11	.	lncRNA		
ENSSSAG00000043784	ssa23	.	snoRNA	U3	Small nucleolar RNA U3 [Source:RFAM%3BAcc:RF00012]
ENSSSAG00000043786	ssa23	.	snoRNA	U3	Small nucleolar RNA U3 [Source:RFAM%3BAcc:RF00012]
ENSSSAG00000043789	ssa23	.	snoRNA		
ENSSSAG00000043790	ssa23	.	snoRNA	U3	Small nucleolar RNA U3 [Source:RFAM%3BAcc:RF00012]
ENSSSAG00000043791	ssa23	.	snoRNA		
ENSSSAG00000043792	ssa23	.	snoRNA	U3	Small nucleolar RNA U3 [Source:RFAM%3BAcc:RF00012]
ENSSSAG00000043795	ssa23	.	snoRNA		
ENSSSAG00000043797	ssa23	.	snoRNA	U3	Small nucleolar RNA U3 [Source:RFAM%3BAcc:RF00012]
ENSSSAG00000043799	ssa23	.	snoRNA		
ENSSSAG00000043800	ssa23	.	snoRNA	U3	Small nucleolar RNA U3 [Source:RFAM%3BAcc:RF00012]
ENSSSAG00000043801	ssa23	.	snoRNA		
ENSSSAG00000043803	ssa23	.	snoRNA	U3	Small nucleolar RNA U3 [Source:RFAM%3BAcc:RF00012]
ENSSSAG00000043805	ssa23	.	snoRNA	U3	Small nucleolar RNA U3 [Source:RFAM%3BAcc:RF00012]
ENSSSAG00000043806	ssa23	.	snoRNA		
ENSSSAG00000043808	ssa23	.	snoRNA	U3	Small nucleolar RNA U3 [Source:RFAM%3BAcc:RF00012]
ENSSSAG00000043809	ssa23	.	snoRNA		
ENSSSAG00000043813	ssa23	.	snoRNA	U3	Small nucleolar RNA U3 [Source:RFAM%3BAcc:RF00012]
ENSSSAG00000043814	ssa18	.	lncRNA		
ENSSSAG00000043815	ssa23	.	snoRNA	U3	Small nucleolar RNA U3 [Source:RFAM%3BAcc:RF00012]
ENSSSAG00000043818	ssa23	.	snoRNA		
ENSSSAG00000043822	ssa23	.	snoRNA	U3	Small nucleolar RNA U3 [Source:RFAM%3BAcc:RF00012]
ENSSSAG00000043826	ssa23	.	snoRNA		
ENSSSAG00000043828	ssa23	.	snoRNA	U3	Small nucleolar RNA U3 [Source:RFAM%3BAcc:RF00012]
ENSSSAG00000043830	ssa23	.	snoRNA		
ENSSSAG00000043831	ssa29	.	snoRNA		
ENSSSAG00000043832	ssa23	.	snoRNA	U3	Small nucleolar RNA U3 [Source:RFAM%3BAcc:RF00012]
ENSSSAG00000043833	ssa23	.	snoRNA		
ENSSSAG00000043834	ssa23	.	snoRNA	U3	Small nucleolar RNA U3 [Source:RFAM%3BAcc:RF00012]
ENSSSAG00000043836	ssa23	.	snoRNA		
ENSSSAG00000043839	ssa23	.	snoRNA	U3	Small nucleolar RNA U3 [Source:RFAM%3BAcc:RF00012]
ENSSSAG00000043841	ssa23	.	snoRNA		
ENSSSAG00000043843	ssa23	.	snoRNA	U3	Small nucleolar RNA U3 [Source:RFAM%3BAcc:RF00012]
ENSSSAG00000043846	ssa23	.	snoRNA		
ENSSSAG00000043847	ssa23	.	snoRNA	U3	Small nucleolar RNA U3 [Source:RFAM%3BAcc:RF00012]
ENSSSAG00000043848	ssa23	.	snoRNA		
ENSSSAG00000043849	ssa23	.	snoRNA	U3	Small nucleolar RNA U3 [Source:RFAM%3BAcc:RF00012]
ENSSSAG00000043851	ssa01	.	protein_coding	nars1	asparagine--tRNA ligase%2C cytoplasmic-like [Source:NCBI gene%3BAcc:106572225]
ENSSSAG00000043852	ssa23	.	snoRNA		
ENSSSAG00000043854	ssa23	.	snoRNA	U3	Small nucleolar RNA U3 [Source:RFAM%3BAcc:RF00012]
ENSSSAG00000043855	ssa23	.	snoRNA		
ENSSSAG00000043858	ssa23	.	snoRNA	U3	Small nucleolar RNA U3 [Source:RFAM%3BAcc:RF00012]
ENSSSAG00000043859	ssa23	.	snoRNA	U3	Small nucleolar RNA U3 [Source:RFAM%3BAcc:RF00012]
ENSSSAG00000043860	ssa23	.	snoRNA		
ENSSSAG00000043862	ssa23	.	snoRNA	U3	Small nucleolar RNA U3 [Source:RFAM%3BAcc:RF00012]
ENSSSAG00000043864	ssa23	.	snoRNA		
ENSSSAG00000043865	ssa23	.	snoRNA	U3	Small nucleolar RNA U3 [Source:RFAM%3BAcc:RF00012]
ENSSSAG00000043866	ssa23	.	snoRNA		
ENSSSAG00000043867	ssa16	.	lncRNA		
ENSSSAG00000043868	ssa23	.	snoRNA	U3	Small nucleolar RNA U3 [Source:RFAM%3BAcc:RF00012]
ENSSSAG00000043870	ssa23	.	snoRNA	U3	Small nucleolar RNA U3 [Source:RFAM%3BAcc:RF00012]
ENSSSAG00000043873	ssa23	.	snoRNA		
ENSSSAG00000043875	ssa23	.	snoRNA	U3	Small nucleolar RNA U3 [Source:RFAM%3BAcc:RF00012]
ENSSSAG00000043876	ssa23	.	snoRNA		
ENSSSAG00000043877	ssa23	.	snoRNA	U3	Small nucleolar RNA U3 [Source:RFAM%3BAcc:RF00012]
ENSSSAG00000043878	ssa23	.	snoRNA		
ENSSSAG00000043879	ssa23	.	snoRNA	U3	Small nucleolar RNA U3 [Source:RFAM%3BAcc:RF00012]
ENSSSAG00000043881	ssa23	.	snoRNA		
ENSSSAG00000043882	ssa23	.	snoRNA	U3	Small nucleolar RNA U3 [Source:RFAM%3BAcc:RF00012]
ENSSSAG00000043883	ssa23	.	snoRNA		
ENSSSAG00000043885	ssa23	.	snoRNA	U3	Small nucleolar RNA U3 [Source:RFAM%3BAcc:RF00012]
ENSSSAG00000043886	ssa23	.	snoRNA		
ENSSSAG00000043889	ssa23	.	snoRNA	U3	Small nucleolar RNA U3 [Source:RFAM%3BAcc:RF00012]
ENSSSAG00000043891	ssa23	.	snoRNA		
ENSSSAG00000043902	ssa09	.	processed_pseudogene		
ENSSSAG00000043928	ssa09	.	snRNA	U7	U7 small nuclear RNA [Source:RFAM%3BAcc:RF00066]
ENSSSAG00000043949	ssa11	.	pseudogene		D-glucuronyl C5-epimerase-like [Source:NCBI gene%3BAcc:106562708]
ENSSSAG00000043964	AGKD04087294.1	.	protein_coding		
ENSSSAG00000043971	AGKD04019855.1	.	snRNA	U2	U2 spliceosomal RNA [Source:RFAM%3BAcc:RF00004]
ENSSSAG00000043984	ssa20	.	pseudogene		
ENSSSAG00000043992	AGKD04087385.1	.	snRNA	U1	U1 spliceosomal RNA [Source:RFAM%3BAcc:RF00003]
ENSSSAG00000043993	AGKD04019855.1	.	snRNA	U2	U2 spliceosomal RNA [Source:RFAM%3BAcc:RF00004]
ENSSSAG00000044000	ssa19	.	lncRNA		
ENSSSAG00000044003	AGKD04087425.1	.	protein_coding		
ENSSSAG00000044025	ssa19	.	protein_coding	gcp2	Gamma-tubulin complex component 2 [Source:NCBI gene%3BAcc:100306764]
ENSSSAG00000044031	ssa18	.	protein_coding		kelch domain-containing protein 1-like [Source:NCBI gene%3BAcc:106577299]
ENSSSAG00000044035	AGKD04087483.1	.	snRNA	U6	U6 spliceosomal RNA [Source:RFAM%3BAcc:RF00026]
ENSSSAG00000044038	AGKD04087483.1	.	snRNA	U6	U6 spliceosomal RNA [Source:RFAM%3BAcc:RF00026]
ENSSSAG00000044050	ssa25	.	lncRNA		
ENSSSAG00000044071	ssa11	.	protein_coding	sycc	Cysteinyl-tRNA synthetase%2C cytoplasmic [Source:NCBI gene%3BAcc:100194891]
ENSSSAG00000044088	AGKD04087568.1	.	snoRNA	U3	Small nucleolar RNA U3 [Source:RFAM%3BAcc:RF00012]
ENSSSAG00000044090	AGKD04087568.1	.	snoRNA	U3	Small nucleolar RNA U3 [Source:RFAM%3BAcc:RF00012]
ENSSSAG00000044094	AGKD04087578.1	.	protein_coding		
ENSSSAG00000044097	ssa08	.	protein_coding		PC4 and SFRS1-interacting protein-like [Source:NCBI gene%3BAcc:106610301]
ENSSSAG00000044105	ssa06	.	lncRNA		
ENSSSAG00000044110	ssa02	.	lncRNA		
ENSSSAG00000044131	ssa09	.	pseudogene		
ENSSSAG00000044142	ssa27	.	lncRNA		uncharacterized LOC106588788 [Source:NCBI gene%3BAcc:106588788]
ENSSSAG00000044148	ssa12	.	lncRNA		
ENSSSAG00000044154	ssa18	.	lncRNA		
ENSSSAG00000044170	ssa06	.	processed_pseudogene		
ENSSSAG00000044176	ssa08	.	protein_coding		tetratricopeptide repeat protein 39B-like [Source:NCBI gene%3BAcc:106610300]
ENSSSAG00000044197	ssa05	.	lncRNA		
ENSSSAG00000044201	ssa19	.	snoRNA		
ENSSSAG00000044202	AGKD04010894.1	.	protein_coding	GIMA7	GTPase IMAP family member 7-like [Source:NCBI gene%3BAcc:106591005]
ENSSSAG00000044204	ssa19	.	snoRNA		
ENSSSAG00000044207	ssa19	.	snoRNA		
ENSSSAG00000044209	ssa19	.	snoRNA		
ENSSSAG00000044212	ssa19	.	snoRNA		
ENSSSAG00000044229	ssa03	.	snoRNA		
ENSSSAG00000044231	ssa24	.	lncRNA		
ENSSSAG00000044265	AGKD04010902.1	.	misc_RNA	Metazoa_SRP	Metazoan signal recognition particle RNA [Source:RFAM%3BAcc:RF00017]
ENSSSAG00000044268	AGKD04010902.1	.	misc_RNA	Metazoa_SRP	Metazoan signal recognition particle RNA [Source:RFAM%3BAcc:RF00017]
ENSSSAG00000044269	AGKD04010902.1	.	misc_RNA	Metazoa_SRP	Metazoan signal recognition particle RNA [Source:RFAM%3BAcc:RF00017]
ENSSSAG00000044270	AGKD04010902.1	.	misc_RNA	Metazoa_SRP	Metazoan signal recognition particle RNA [Source:RFAM%3BAcc:RF00017]
ENSSSAG00000044280	AGKD04010905.1	.	lncRNA		
ENSSSAG00000044283	AGKD04010905.1	.	lncRNA		
ENSSSAG00000044295	ssa19	.	lncRNA		
ENSSSAG00000044319	ssa04	.	pseudogene		
ENSSSAG00000044321	ssa16	.	protein_coding	b3gnt3	UDP-GlcNAc:betaGal beta-1%2C3-N-acetylglucosaminyltransferase 3 [Source:NCBI gene%3BAcc:106573871]
ENSSSAG00000044329	ssa09	.	snoRNA		
ENSSSAG00000044333	ssa09	.	snoRNA		
ENSSSAG00000044335	ssa09	.	snoRNA		
ENSSSAG00000044336	ssa09	.	snoRNA		
ENSSSAG00000044340	AGKD04019914.1	.	snRNA	U5	U5 spliceosomal RNA [Source:RFAM%3BAcc:RF00020]
ENSSSAG00000044347	AGKD04010911.1	.	snoRNA		
ENSSSAG00000044355	ssa01	.	lncRNA		
ENSSSAG00000044362	AGKD04019918.1	.	snRNA	U5	U5 spliceosomal RNA [Source:RFAM%3BAcc:RF00020]
ENSSSAG00000044365	ssa01	.	protein_coding	nars1	asparagine--tRNA ligase%2C cytoplasmic-like [Source:NCBI gene%3BAcc:106572236]
ENSSSAG00000044366	ssa24	.	snRNA	U7	U7 small nuclear RNA [Source:RFAM%3BAcc:RF00066]
ENSSSAG00000044379	ssa06	.	protein_coding	si:dkeyp-72e1.6	si:dkeyp-72e1.6 [Source:ZFIN%3BAcc:ZDB-GENE-120215-228]
ENSSSAG00000044399	AGKD04010948.1	.	protein_coding		
ENSSSAG00000044403	AGKD04010948.1	.	protein_coding		
ENSSSAG00000044421	AGKD04010954.1	.	lncRNA		
ENSSSAG00000044424	ssa17	.	protein_coding	u2af1	splicing factor U2AF 35 kDa subunit-like [Source:NCBI gene%3BAcc:106575755]
ENSSSAG00000044429	ssa21	.	lncRNA		
ENSSSAG00000044434	ssa12	.	lncRNA		
ENSSSAG00000044462	ssa09	.	pseudogene		
ENSSSAG00000044464	ssa15	.	pseudogene		
ENSSSAG00000044471	ssa14	.	snoRNA	SNORD33	Small nucleolar RNA Z195/SNORD33/SNORD32 family [Source:RFAM%3BAcc:RF00133]
ENSSSAG00000044520	AGKD04120312.1	.	snRNA	U1	U1 spliceosomal RNA [Source:RFAM%3BAcc:RF00003]
ENSSSAG00000044532	ssa14	.	lncRNA		
ENSSSAG00000044537	ssa02	.	pseudogene		
ENSSSAG00000044579	ssa06	.	protein_coding	akt1s1	AKT1 substrate 1 [Source:NCBI gene%3BAcc:106606916]
ENSSSAG00000044584	ssa09	.	lncRNA		glutamic acid-rich protein-like [Source:NCBI gene%3BAcc:106612621]
ENSSSAG00000044605	ssa13	.	lncRNA		
ENSSSAG00000044606	ssa05	.	protein_coding	rest	RE1-silencing transcription factor B-like [Source:NCBI gene%3BAcc:106604639]
ENSSSAG00000044610	ssa13	.	lncRNA		
ENSSSAG00000044649	AGKD04120759.1	.	protein_coding		
ENSSSAG00000044652	ssa25	.	lncRNA		
ENSSSAG00000044672	AGKD04120804.1	.	protein_coding		
ENSSSAG00000044680	ssa01	.	pseudogene		
ENSSSAG00000044691	AGKD04120886.1	.	snRNA	U2	U2 spliceosomal RNA [Source:RFAM%3BAcc:RF00004]
ENSSSAG00000044693	AGKD04120886.1	.	snRNA	U5	U5 spliceosomal RNA [Source:RFAM%3BAcc:RF00020]
ENSSSAG00000044696	AGKD04120899.1	.	snRNA	U1	U1 spliceosomal RNA [Source:RFAM%3BAcc:RF00003]
ENSSSAG00000044723	ssa11	.	lncRNA		
ENSSSAG00000044738	ssa09	.	miRNA	ssa-mir-722-2	ssa-mir-722-2 [Source:miRBase%3BAcc:MI0026723]
ENSSSAG00000044746	ssa09	.	lncRNA		
ENSSSAG00000044751	AGKD04121027.1	.	protein_coding		
ENSSSAG00000044756	ssa11	.	lncRNA		
ENSSSAG00000044757	ssa18	.	miRNA	ssa-mir-456-1	ssa-mir-456-1 [Source:miRBase%3BAcc:MI0026706]
ENSSSAG00000044789	ssa13	.	lncRNA		
ENSSSAG00000044794	ssa13	.	lncRNA		
ENSSSAG00000044812	ssa11	.	protein_coding		
ENSSSAG00000044814	ssa02	.	lncRNA		
ENSSSAG00000044826	ssa16	.	miRNA	ssa-mir-725-1	ssa-mir-725-1 [Source:miRBase%3BAcc:MI0026730]
ENSSSAG00000044842	ssa11	.	protein_coding		proline-serine-threonine phosphatase-interacting protein 1-like [Source:NCBI gene%3BAcc:106562401]
ENSSSAG00000044862	ssa25	.	lncRNA		uncharacterized LOC106586840 [Source:NCBI gene%3BAcc:106586840]
ENSSSAG00000044875	ssa25	.	miRNA	ssa-mir-17-1	ssa-mir-17-1 [Source:miRBase%3BAcc:MI0026535]
ENSSSAG00000044877	ssa25	.	miRNA	ssa-mir-18b	ssa-mir-18b [Source:miRBase%3BAcc:MI0026548]
ENSSSAG00000044878	ssa25	.	miRNA	ssa-mir-19a-1	ssa-mir-19a-1 [Source:miRBase%3BAcc:MI0026569]
ENSSSAG00000044880	ssa25	.	miRNA	ssa-mir-20a-3	ssa-mir-20a-3 [Source:miRBase%3BAcc:MI0026603]
ENSSSAG00000044882	ssa25	.	miRNA	ssa-mir-19c-3	ssa-mir-19c-3 [Source:miRBase%3BAcc:MI0026574]
ENSSSAG00000044884	ssa25	.	miRNA	ssa-mir-92a-2	ssa-mir-92a-2 [Source:miRBase%3BAcc:MI0026759]
ENSSSAG00000044895	ssa21	.	lncRNA		
ENSSSAG00000044904	ssa22	.	lncRNA		
ENSSSAG00000044905	ssa22	.	lncRNA		
ENSSSAG00000044923	ssa03	.	ribozyme	RNaseP_nuc	Nuclear RNase P [Source:RFAM%3BAcc:RF00009]
ENSSSAG00000044925	ssa13	.	lncRNA		
ENSSSAG00000044926	ssa17	.	lncRNA		
ENSSSAG00000044927	ssa03	.	ribozyme	RNaseP_nuc	Nuclear RNase P [Source:RFAM%3BAcc:RF00009]
ENSSSAG00000044929	ssa03	.	ribozyme	RNaseP_nuc	Nuclear RNase P [Source:RFAM%3BAcc:RF00009]
ENSSSAG00000044934	ssa03	.	ribozyme	RNaseP_nuc	Nuclear RNase P [Source:RFAM%3BAcc:RF00009]
ENSSSAG00000044935	ssa03	.	ribozyme	RNaseP_nuc	Nuclear RNase P [Source:RFAM%3BAcc:RF00009]
ENSSSAG00000044938	ssa03	.	ribozyme	RNaseP_nuc	Nuclear RNase P [Source:RFAM%3BAcc:RF00009]
ENSSSAG00000044939	ssa03	.	ribozyme	RNaseP_nuc	Nuclear RNase P [Source:RFAM%3BAcc:RF00009]
ENSSSAG00000044941	ssa03	.	ribozyme	RNaseP_nuc	Nuclear RNase P [Source:RFAM%3BAcc:RF00009]
ENSSSAG00000044943	ssa03	.	ribozyme	RNaseP_nuc	Nuclear RNase P [Source:RFAM%3BAcc:RF00009]
ENSSSAG00000044944	ssa09	.	lncRNA		
ENSSSAG00000044954	ssa10	.	protein_coding	slc24a1	solute carrier family 24 member 1 [Source:ZFIN%3BAcc:ZDB-GENE-060503-191]
ENSSSAG00000044961	ssa01	.	pseudogene		
ENSSSAG00000044970	ssa17	.	protein_coding		plasma membrane calcium-transporting ATPase 1-like [Source:NCBI gene%3BAcc:106576147]
ENSSSAG00000044982	ssa15	.	lncRNA		
ENSSSAG00000044984	ssa02	.	lncRNA		
ENSSSAG00000044986	ssa15	.	lncRNA		uncharacterized LOC106570961 [Source:NCBI gene%3BAcc:106570961]
ENSSSAG00000044991	ssa18	.	protein_coding		serum albumin 2 [Source:NCBI gene%3BAcc:100136922]
ENSSSAG00000044996	ssa15	.	lncRNA		
ENSSSAG00000044997	ssa15	.	lncRNA		
ENSSSAG00000045002	ssa10	.	protein_coding		uncharacterized LOC106561847 [Source:NCBI gene%3BAcc:106561847]
ENSSSAG00000045006	ssa10	.	lncRNA		uncharacterized LOC106560505 [Source:NCBI gene%3BAcc:106560505]
ENSSSAG00000045025	ssa03	.	pseudogene		
ENSSSAG00000045056	ssa03	.	protein_coding	btr02	zinc finger protein RFP-like [Source:NCBI gene%3BAcc:106601956]
ENSSSAG00000045075	ssa12	.	lncRNA		
ENSSSAG00000045079	ssa03	.	protein_coding		
ENSSSAG00000045080	ssa10	.	protein_coding	hexa	hexosaminidase A (alpha polypeptide) [Source:NCBI gene%3BAcc:100195429]
ENSSSAG00000045092	ssa01	.	lncRNA		
ENSSSAG00000045093	ssa01	.	lncRNA		
ENSSSAG00000045094	ssa15	.	pseudogene		
ENSSSAG00000045097	ssa01	.	lncRNA		
ENSSSAG00000045100	ssa01	.	lncRNA		
ENSSSAG00000045106	ssa06	.	lncRNA		
ENSSSAG00000045127	AGKD04153210.1	.	snRNA	U1	U1 spliceosomal RNA [Source:RFAM%3BAcc:RF00003]
ENSSSAG00000045129	ssa24	.	protein_coding	pde4d	cAMP-specific 3%2C5-cyclic phosphodiesterase 4D [Source:NCBI gene%3BAcc:100195692]
ENSSSAG00000045130	ssa06	.	rRNA	5S_rRNA	5S ribosomal RNA [Source:RFAM%3BAcc:RF00001]
ENSSSAG00000045133	ssa06	.	rRNA	5S_rRNA	5S ribosomal RNA [Source:RFAM%3BAcc:RF00001]
ENSSSAG00000045159	ssa14	.	snoRNA		
ENSSSAG00000045198	ssa24	.	protein_coding	pde4d	cAMP-specific 3'%2C5'-cyclic phosphodiesterase 4D-like [Source:NCBI gene%3BAcc:106585720]
ENSSSAG00000045204	ssa06	.	lncRNA		immunoglobulin superfamily member 6-like [Source:NCBI gene%3BAcc:106606748]
ENSSSAG00000045208	ssa06	.	snoRNA		
ENSSSAG00000045212	ssa06	.	snoRNA		
ENSSSAG00000045216	ssa03	.	lncRNA		
ENSSSAG00000045217	ssa06	.	snoRNA		
ENSSSAG00000045220	ssa11	.	protein_coding		
ENSSSAG00000045221	ssa06	.	snoRNA		
ENSSSAG00000045231	ssa27	.	snRNA	U2	U2 spliceosomal RNA [Source:RFAM%3BAcc:RF00004]
ENSSSAG00000045232	ssa27	.	snRNA	U5	U5 spliceosomal RNA [Source:RFAM%3BAcc:RF00020]
ENSSSAG00000045235	ssa27	.	lncRNA		
ENSSSAG00000045238	ssa04	.	lncRNA		
ENSSSAG00000045240	ssa04	.	lncRNA		
ENSSSAG00000045288	ssa10	.	lncRNA		
ENSSSAG00000045292	AGKD04153771.1	.	protein_coding		
ENSSSAG00000045294	ssa18	.	protein_coding		proto-oncogene c-Rel-like [Source:NCBI gene%3BAcc:106577316]
ENSSSAG00000045297	ssa10	.	snoRNA		small nucleolar RNA%2C C/D box 94 [Source:HGNC Symbol%3BAcc:HGNC:32756]
ENSSSAG00000045303	ssa05	.	lncRNA		
ENSSSAG00000045304	ssa05	.	lncRNA		
ENSSSAG00000045311	AGKD04154276.1	.	protein_coding		
ENSSSAG00000045315	ssa27	.	pseudogene		
ENSSSAG00000045319	ssa04	.	processed_pseudogene		
ENSSSAG00000045331	ssa18	.	lncRNA		
ENSSSAG00000045347	ssa17	.	lncRNA		uncharacterized LOC106576255 [Source:NCBI gene%3BAcc:106576255]
ENSSSAG00000045351	AGKD04154766.1	.	snRNA	U1	U1 spliceosomal RNA [Source:RFAM%3BAcc:RF00003]
ENSSSAG00000045364	AGKD04155145.1	.	protein_coding		
ENSSSAG00000045366	ssa06	.	protein_coding	ddx42	ATP-dependent RNA helicase DDX42-like [Source:NCBI gene%3BAcc:106606756]
ENSSSAG00000045368	ssa06	.	miRNA	ssa-mir-24a-4	ssa-mir-24a-4 [Source:miRBase%3BAcc:MI0026641]
ENSSSAG00000045370	ssa06	.	miRNA	ssa-mir-27d	ssa-mir-27d [Source:miRBase%3BAcc:MI0026663]
ENSSSAG00000045373	ssa06	.	miRNA	ssa-mir-23a-3	ssa-mir-23a-3 [Source:miRBase%3BAcc:MI0026636]
ENSSSAG00000045382	AGKD04155363.1	.	misc_RNA	Metazoa_SRP	Metazoan signal recognition particle RNA [Source:RFAM%3BAcc:RF00017]
ENSSSAG00000045392	ssa06	.	protein_coding		
ENSSSAG00000045412	ssa15	.	lncRNA		
ENSSSAG00000045431	AGKD04155654.1	.	protein_coding		
ENSSSAG00000045435	AGKD04155654.1	.	protein_coding		
ENSSSAG00000045440	ssa02	.	miRNA	ssa-mir-92b	ssa-mir-92b [Source:miRBase%3BAcc:MI0026762]
ENSSSAG00000045450	ssa12	.	lncRNA		
ENSSSAG00000045466	ssa12	.	lncRNA		
ENSSSAG00000045475	ssa18	.	lncRNA		
ENSSSAG00000045476	ssa01	.	pseudogene		
ENSSSAG00000045485	ssa20	.	pseudogene		
ENSSSAG00000045487	ssa12	.	lncRNA		
ENSSSAG00000045501	ssa19	.	rRNA	5S_rRNA	5S ribosomal RNA [Source:RFAM%3BAcc:RF00001]
ENSSSAG00000045507	ssa04	.	lncRNA		uncharacterized LOC106602212 [Source:NCBI gene%3BAcc:106602212]
ENSSSAG00000045557	ssa06	.	pseudogene		voltage-dependent P/Q-type calcium channel subunit alpha-1A-like [Source:NCBI gene%3BAcc:106606804]
ENSSSAG00000045569	ssa20	.	lncRNA		
ENSSSAG00000045573	ssa20	.	protein_coding		
ENSSSAG00000045574	ssa02	.	lncRNA		
ENSSSAG00000045582	ssa19	.	pseudogene		
ENSSSAG00000045596	ssa11	.	miRNA	ssa-mir-130d-3	ssa-mir-130d-3 [Source:miRBase%3BAcc:MI0026474]
ENSSSAG00000045613	ssa04	.	lncRNA		
ENSSSAG00000045664	ssa06	.	lncRNA		
ENSSSAG00000045666	ssa06	.	lncRNA		
ENSSSAG00000045668	ssa24	.	rRNA	5_8S_rRNA	5.8S ribosomal RNA [Source:RFAM%3BAcc:RF00002]
ENSSSAG00000045670	ssa06	.	lncRNA		
ENSSSAG00000045673	ssa06	.	lncRNA		
ENSSSAG00000045685	ssa28	.	lncRNA		
ENSSSAG00000045691	ssa06	.	lncRNA		
ENSSSAG00000045703	ssa04	.	lncRNA		
ENSSSAG00000045704	ssa04	.	lncRNA		uncharacterized LOC106602815 [Source:NCBI gene%3BAcc:106602815]
ENSSSAG00000045709	ssa02	.	miRNA	ssa-mir-7132b	ssa-mir-7132b [Source:miRBase%3BAcc:MI0026778]
ENSSSAG00000045722	ssa02	.	protein_coding	polr3glb	DNA-directed RNA polymerase III subunit RPC7-like [Source:NCBI gene%3BAcc:106580193]
ENSSSAG00000045737	AGKD04270920.1	.	snRNA	U1	U1 spliceosomal RNA [Source:RFAM%3BAcc:RF00003]
ENSSSAG00000045738	ssa02	.	protein_coding	ANKRD34A	ankyrin repeat domain-containing protein 34A-like [Source:NCBI gene%3BAcc:106580187]
ENSSSAG00000045746	AGKD04270958.1	.	pseudogene		
ENSSSAG00000045754	AGKD04271157.1	.	snRNA	U1	U1 spliceosomal RNA [Source:RFAM%3BAcc:RF00003]
ENSSSAG00000045764	ssa06	.	lncRNA		
ENSSSAG00000045766	AGKD04271162.1	.	protein_coding		
ENSSSAG00000045780	ssa06	.	lncRNA		
ENSSSAG00000045781	ssa02	.	pseudogene		
ENSSSAG00000045792	AGKD04271646.1	.	snRNA	U1	U1 spliceosomal RNA [Source:RFAM%3BAcc:RF00003]
ENSSSAG00000045818	ssa02	.	protein_coding	pik3r4	phosphoinositide 3-kinase regulatory subunit 4-like [Source:NCBI gene%3BAcc:106574714]
ENSSSAG00000045828	AGKD04272101.1	.	protein_coding		
ENSSSAG00000045851	ssa12	.	lncRNA		
ENSSSAG00000045864	AGKD04272395.1	.	protein_coding		
ENSSSAG00000045869	AGKD04272409.1	.	protein_coding		
ENSSSAG00000045882	ssa15	.	pseudogene		
ENSSSAG00000045883	AGKD04272438.1	.	protein_coding		
ENSSSAG00000045890	ssa15	.	pseudogene		
ENSSSAG00000045898	AGKD04272498.1	.	protein_coding		
ENSSSAG00000045909	AGKD04272558.1	.	protein_coding		
ENSSSAG00000045919	AGKD04272572.1	.	protein_coding		
ENSSSAG00000045934	ssa04	.	lncRNA		
ENSSSAG00000045958	AGKD04272853.1	.	protein_coding		
ENSSSAG00000045971	AGKD04272897.1	.	snRNA	U1	U1 spliceosomal RNA [Source:RFAM%3BAcc:RF00003]
ENSSSAG00000045982	AGKD04272948.1	.	protein_coding		
ENSSSAG00000046000	ssa16	.	lncRNA		
ENSSSAG00000046004	AGKD04273015.1	.	pseudogene		
ENSSSAG00000046016	ssa02	.	protein_coding		
ENSSSAG00000046025	AGKD04273118.1	.	snRNA	U5	U5 spliceosomal RNA [Source:RFAM%3BAcc:RF00020]
ENSSSAG00000046038	ssa02	.	lncRNA		
ENSSSAG00000046039	ssa02	.	lncRNA		
ENSSSAG00000046076	ssa16	.	lncRNA		
ENSSSAG00000046082	ssa02	.	lncRNA		
ENSSSAG00000046086	ssa02	.	pseudogene		
ENSSSAG00000046089	ssa25	.	miRNA	ssa-mir-128-2	ssa-mir-128-2 [Source:miRBase%3BAcc:MI0026462]
ENSSSAG00000046091	ssa25	.	lncRNA		
ENSSSAG00000046107	ssa06	.	protein_coding	cdip1	cell death-inducing p53-target protein 1-like [Source:NCBI gene%3BAcc:106607364]
ENSSSAG00000046111	ssa13	.	lncRNA		
ENSSSAG00000046150	ssa15	.	rRNA		
ENSSSAG00000046154	ssa06	.	lncRNA		
ENSSSAG00000046192	ssa16	.	lncRNA		
ENSSSAG00000046198	ssa18	.	protein_coding	PAX2	paired box protein Pax-2-B-like [Source:NCBI gene%3BAcc:106577321]
ENSSSAG00000046205	ssa02	.	protein_coding		
ENSSSAG00000046208	ssa02	.	protein_coding	cc127	Coiled-coil domain-containing protein 127 [Source:NCBI gene%3BAcc:100196364]
ENSSSAG00000046215	ssa18	.	protein_coding		
ENSSSAG00000046220	ssa09	.	lncRNA		
ENSSSAG00000046221	ssa20	.	pseudogene		
ENSSSAG00000046227	ssa20	.	pseudogene		
ENSSSAG00000046237	ssa02	.	protein_coding	NHLRC1	E3 ubiquitin-protein ligase NHLRC1-like [Source:NCBI gene%3BAcc:106574154]
ENSSSAG00000046240	ssa12	.	lncRNA		
ENSSSAG00000046247	ssa12	.	lncRNA		
ENSSSAG00000046249	ssa12	.	lncRNA		
ENSSSAG00000046259	ssa20	.	lncRNA		
ENSSSAG00000046271	ssa06	.	lncRNA		
ENSSSAG00000046287	ssa11	.	protein_coding		tropomyosin alpha-1 chain-like [Source:NCBI gene%3BAcc:106562411]
ENSSSAG00000046288	ssa18	.	protein_coding	otx1	homeobox protein OTX1 B-like [Source:NCBI gene%3BAcc:106577327]
ENSSSAG00000046290	ssa12	.	lncRNA		
ENSSSAG00000046309	ssa18	.	protein_coding		
ENSSSAG00000046319	ssa10	.	pseudogene		
ENSSSAG00000046320	ssa09	.	protein_coding	bud23	BUD23 rRNA methyltransferase and ribosome maturation factor [Source:ZFIN%3BAcc:ZDB-GENE-070410-68]
ENSSSAG00000046321	ssa06	.	lncRNA		
ENSSSAG00000046324	ssa06	.	lncRNA		
ENSSSAG00000046346	AGKD04383798.1	.	snRNA	U6	U6 spliceosomal RNA [Source:RFAM%3BAcc:RF00026]
ENSSSAG00000046372	AGKD04384155.1	.	protein_coding		
ENSSSAG00000046381	ssa14	.	lncRNA		
ENSSSAG00000046387	ssa23	.	lncRNA		
ENSSSAG00000046389	ssa10	.	rRNA	5_8S_rRNA	5.8S ribosomal RNA [Source:RFAM%3BAcc:RF00002]
ENSSSAG00000046401	ssa10	.	lncRNA		
ENSSSAG00000046404	ssa10	.	lncRNA		
ENSSSAG00000046411	AGKD04384535.1	.	protein_coding		
ENSSSAG00000046415	ssa10	.	snRNA	U7	U7 small nuclear RNA [Source:RFAM%3BAcc:RF00066]
ENSSSAG00000046416	AGKD04384555.1	.	protein_coding		
ENSSSAG00000046417	AGKD04016788.1	.	protein_coding	carm1	histone-arginine methyltransferase CARM1 [Source:NCBI gene%3BAcc:106592975]
ENSSSAG00000046424	AGKD04384562.1	.	protein_coding		
ENSSSAG00000046429	ssa12	.	lncRNA		
ENSSSAG00000046444	ssa02	.	lncRNA		
ENSSSAG00000046451	AGKD04384867.1	.	snRNA	U5	U5 spliceosomal RNA [Source:RFAM%3BAcc:RF00020]
ENSSSAG00000046455	ssa14	.	protein_coding	col8a2	collagen alpha-2(VIII) chain-like [Source:NCBI gene%3BAcc:106570550]
ENSSSAG00000046457	AGKD04384891.1	.	protein_coding		
ENSSSAG00000046460	ssa10	.	lncRNA		
ENSSSAG00000046468	ssa02	.	protein_coding		complement C1r-A subcomponent-like [Source:NCBI gene%3BAcc:106574204]
ENSSSAG00000046469	ssa08	.	protein_coding	dnajb14	dnaJ homolog subfamily B member 14-like [Source:NCBI gene%3BAcc:106610303]
ENSSSAG00000046476	ssa19	.	lncRNA		
ENSSSAG00000046477	ssa16	.	protein_coding	sft2d2b	vesicle transport protein SFT2B-like [Source:NCBI gene%3BAcc:106574874]
ENSSSAG00000046489	ssa01	.	lncRNA		
ENSSSAG00000046497	AGKD04385077.1	.	snRNA	U2	U2 spliceosomal RNA [Source:RFAM%3BAcc:RF00004]
ENSSSAG00000046501	AGKD04385084.1	.	protein_coding		
ENSSSAG00000046508	ssa06	.	protein_coding	RL17	60S ribosomal protein L27 [Source:NCBI gene%3BAcc:106606924]
ENSSSAG00000046513	AGKD04385248.1	.	protein_coding		
ENSSSAG00000046520	ssa15	.	misc_RNA	Metazoa_SRP	Metazoan signal recognition particle RNA [Source:RFAM%3BAcc:RF00017]
ENSSSAG00000046522	ssa15	.	misc_RNA	Metazoa_SRP	Metazoan signal recognition particle RNA [Source:RFAM%3BAcc:RF00017]
ENSSSAG00000046525	ssa14	.	protein_coding	mylipa	E3 ubiquitin-protein ligase MYLIP-A-like [Source:NCBI gene%3BAcc:106570554]
ENSSSAG00000046527	ssa12	.	lncRNA		
ENSSSAG00000046529	ssa06	.	snRNA	U7	U7 small nuclear RNA [Source:RFAM%3BAcc:RF00066]
ENSSSAG00000046536	AGKD04385350.1	.	snRNA	U6	U6 spliceosomal RNA [Source:RFAM%3BAcc:RF00026]
ENSSSAG00000046549	AGKD04385493.1	.	snRNA	U6	U6 spliceosomal RNA [Source:RFAM%3BAcc:RF00026]
ENSSSAG00000046551	ssa09	.	protein_coding	hnf1ba	hepatocyte nuclear factor 1-beta-A-like [Source:NCBI gene%3BAcc:106612790]
ENSSSAG00000046554	ssa16	.	protein_coding	als2b	alsin-like [Source:NCBI gene%3BAcc:106574246]
ENSSSAG00000046562	ssa06	.	protein_coding		
ENSSSAG00000046570	ssa06	.	protein_coding	rhot1a	mitochondrial Rho GTPase 1-A-like [Source:NCBI gene%3BAcc:106606570]
ENSSSAG00000046572	AGKD04385692.1	.	protein_coding		
ENSSSAG00000046582	ssa01	.	lncRNA		
ENSSSAG00000046583	AGKD04385815.1	.	protein_coding		
ENSSSAG00000046584	ssa01	.	lncRNA		
ENSSSAG00000046600	ssa09	.	lncRNA		uncharacterized LOC106611750 [Source:NCBI gene%3BAcc:106611750]
ENSSSAG00000046605	AGKD04385873.1	.	protein_coding	slc10a4	solute carrier family 10 member 4 [Source:ZFIN%3BAcc:ZDB-GENE-041014-249]
ENSSSAG00000046614	AGKD04385955.1	.	snRNA	U2	U2 spliceosomal RNA [Source:RFAM%3BAcc:RF00004]
ENSSSAG00000046615	ssa10	.	snoRNA	SNORA63	Small nucleolar RNA SNORA63 [Source:RFAM%3BAcc:RF00092]
ENSSSAG00000046625	AGKD04386049.1	.	protein_coding		
ENSSSAG00000046627	ssa14	.	pseudogene		
ENSSSAG00000046630	ssa01	.	lncRNA		
ENSSSAG00000046631	ssa08	.	protein_coding	snapc3	snRNA-activating protein complex subunit 3-like [Source:NCBI gene%3BAcc:106610347]
ENSSSAG00000046632	ssa01	.	lncRNA		
ENSSSAG00000046640	AGKD04386151.1	.	protein_coding		
ENSSSAG00000046649	AGKD04386395.1	.	snoRNA	U3	Small nucleolar RNA U3 [Source:RFAM%3BAcc:RF00012]
ENSSSAG00000046650	AGKD04386469.1	.	protein_coding		
ENSSSAG00000046651	ssa06	.	lncRNA		
ENSSSAG00000046655	ssa20	.	lncRNA		
ENSSSAG00000046663	AGKD04386688.1	.	snRNA	U4	U4 spliceosomal RNA [Source:RFAM%3BAcc:RF00015]
ENSSSAG00000046682	AGKD04386801.1	.	protein_coding		
ENSSSAG00000046687	ssa12	.	protein_coding	QPRT	nicotinate-nucleotide pyrophosphorylase [carboxylating]-like [Source:NCBI gene%3BAcc:106564934]
ENSSSAG00000046691	ssa06	.	protein_coding	tecpr1b	tectonin beta-propeller repeat containing 1b [Source:ZFIN%3BAcc:ZDB-GENE-100812-12]
ENSSSAG00000046694	ssa02	.	snRNA	U7	U7 small nuclear RNA [Source:RFAM%3BAcc:RF00066]
ENSSSAG00000046695	ssa15	.	lncRNA		
ENSSSAG00000046698	ssa02	.	protein_coding	TR11B	tumor necrosis factor receptor superfamily member 11B-like [Source:NCBI gene%3BAcc:106574253]
ENSSSAG00000046706	ssa03	.	miRNA	ssa-mir-727-2	ssa-mir-727-2 [Source:miRBase%3BAcc:MI0026733]
ENSSSAG00000046724	ssa11	.	protein_coding	tln2a	talin-2-like [Source:NCBI gene%3BAcc:106562413]
ENSSSAG00000046728	ssa15	.	misc_RNA	Metazoa_SRP	Metazoan signal recognition particle RNA [Source:RFAM%3BAcc:RF00017]
ENSSSAG00000046742	ssa01	.	lncRNA		
ENSSSAG00000046746	ssa03	.	lncRNA		
ENSSSAG00000046747	ssa03	.	lncRNA		
ENSSSAG00000046751	ssa02	.	protein_coding	si:dkey-23o4.6	retinol dehydrogenase 13-like [Source:NCBI gene%3BAcc:106574256]
ENSSSAG00000046771	ssa06	.	snoRNA		
ENSSSAG00000046772	ssa06	.	snoRNA		small nucleolar RNA%2C C/D box 83A [Source:HGNC Symbol%3BAcc:HGNC:17131]
ENSSSAG00000046773	ssa06	.	snoRNA		
ENSSSAG00000046788	ssa20	.	lncRNA		
ENSSSAG00000046812	ssa18	.	lncRNA		
ENSSSAG00000046841	ssa02	.	lncRNA		
ENSSSAG00000046860	ssa02	.	lncRNA		
ENSSSAG00000046868	ssa06	.	lncRNA		
ENSSSAG00000046894	ssa10	.	lncRNA		
ENSSSAG00000046896	ssa18	.	lncRNA		
ENSSSAG00000046897	ssa10	.	lncRNA		
ENSSSAG00000046901	ssa05	.	lncRNA		uncharacterized LOC106604896 [Source:NCBI gene%3BAcc:106604896]
ENSSSAG00000046902	ssa05	.	lncRNA		
ENSSSAG00000046903	ssa15	.	lncRNA		
ENSSSAG00000046904	ssa10	.	pseudogene		
ENSSSAG00000046910	ssa09	.	lncRNA		
ENSSSAG00000046911	ssa14	.	miRNA	ssa-mir-489-2	ssa-mir-489-2 [Source:miRBase%3BAcc:MI0026715]
ENSSSAG00000046912	ssa09	.	lncRNA		
ENSSSAG00000046945	ssa14	.	protein_coding	bet1	BET1 homolog [Source:NCBI gene%3BAcc:106570488]
ENSSSAG00000046951	ssa04	.	lncRNA		
ENSSSAG00000046958	ssa04	.	lncRNA		
ENSSSAG00000046966	ssa14	.	lncRNA		
ENSSSAG00000046983	ssa26	.	lncRNA		
ENSSSAG00000046993	ssa05	.	lncRNA		
ENSSSAG00000046995	ssa05	.	lncRNA		
ENSSSAG00000047001	AGKD04435764.1	.	snRNA	U5	U5 spliceosomal RNA [Source:RFAM%3BAcc:RF00020]
ENSSSAG00000047002	AGKD04435764.1	.	snRNA	U2	U2 spliceosomal RNA [Source:RFAM%3BAcc:RF00004]
ENSSSAG00000047003	ssa18	.	protein_coding		
ENSSSAG00000047005	AGKD04435916.1	.	snRNA	U1	U1 spliceosomal RNA [Source:RFAM%3BAcc:RF00003]
ENSSSAG00000047016	AGKD04436217.1	.	snRNA	U1	U1 spliceosomal RNA [Source:RFAM%3BAcc:RF00003]
ENSSSAG00000047019	AGKD04436242.1	.	protein_coding		
ENSSSAG00000047023	AGKD04436268.1	.	snRNA	U4	U4 spliceosomal RNA [Source:RFAM%3BAcc:RF00015]
ENSSSAG00000047024	ssa20	.	lncRNA		
ENSSSAG00000047025	AGKD04436268.1	.	snRNA	U4	U4 spliceosomal RNA [Source:RFAM%3BAcc:RF00015]
ENSSSAG00000047026	ssa20	.	lncRNA		
ENSSSAG00000047031	AGKD04436444.1	.	snRNA	U1	U1 spliceosomal RNA [Source:RFAM%3BAcc:RF00003]
ENSSSAG00000047056	AGKD04436564.1	.	snRNA	U6	U6 spliceosomal RNA [Source:RFAM%3BAcc:RF00026]
ENSSSAG00000047057	AGKD04436677.1	.	snRNA	U6	U6 spliceosomal RNA [Source:RFAM%3BAcc:RF00026]
ENSSSAG00000047061	AGKD04436826.1	.	protein_coding		
ENSSSAG00000047074	AGKD04437216.1	.	snRNA	U1	U1 spliceosomal RNA [Source:RFAM%3BAcc:RF00003]
ENSSSAG00000047083	AGKD04437306.1	.	snRNA	U2	U2 spliceosomal RNA [Source:RFAM%3BAcc:RF00004]
ENSSSAG00000047085	AGKD04437306.1	.	snRNA	U5	U5 spliceosomal RNA [Source:RFAM%3BAcc:RF00020]
ENSSSAG00000047089	AGKD04437438.1	.	snRNA	U2	U2 spliceosomal RNA [Source:RFAM%3BAcc:RF00004]
ENSSSAG00000047090	AGKD04437438.1	.	snRNA	U5	U5 spliceosomal RNA [Source:RFAM%3BAcc:RF00020]
ENSSSAG00000047091	ssa05	.	miRNA	ssa-mir-218-2	ssa-mir-218-2 [Source:miRBase%3BAcc:MI0026619]
ENSSSAG00000047092	AGKD04437499.1	.	protein_coding	mpdu1b	mannose-P-dolichol utilization defect 1b [Source:ZFIN%3BAcc:ZDB-GENE-040625-135]
ENSSSAG00000047107	ssa18	.	protein_coding	fbx37	Salmo salar F-box only protein 37 (fbx37)%2C mRNA. [Source:RefSeq mRNA%3BAcc:NM_001140409]
ENSSSAG00000047109	ssa16	.	lncRNA		
ENSSSAG00000047112	AGKD04437664.1	.	snRNA	U1	U1 spliceosomal RNA [Source:RFAM%3BAcc:RF00003]
ENSSSAG00000047115	ssa09	.	pseudogene		heterogeneous nuclear ribonucleoprotein A0-like [Source:NCBI gene%3BAcc:106611971]
ENSSSAG00000047118	ssa27	.	miRNA	ssa-mir-30a-4	ssa-mir-30a-4 [Source:miRBase%3BAcc:MI0026675]
ENSSSAG00000047120	ssa27	.	miRNA	ssa-mir-30c-1	ssa-mir-30c-1 [Source:miRBase%3BAcc:MI0026679]
ENSSSAG00000047134	AGKD04438155.1	.	snRNA	U1	U1 spliceosomal RNA [Source:RFAM%3BAcc:RF00003]
ENSSSAG00000047136	AGKD04438268.1	.	snRNA	U7	U7 small nuclear RNA [Source:RFAM%3BAcc:RF00066]
ENSSSAG00000047149	ssa16	.	lncRNA		
ENSSSAG00000047155	AGKD04438719.1	.	protein_coding		
ENSSSAG00000047161	ssa18	.	lncRNA		uncharacterized LOC106577356 [Source:NCBI gene%3BAcc:106577356]
ENSSSAG00000047173	AGKD04438868.1	.	protein_coding		
ENSSSAG00000047206	AGKD04439322.1	.	snoRNA	U3	Small nucleolar RNA U3 [Source:RFAM%3BAcc:RF00012]
ENSSSAG00000047214	AGKD04439460.1	.	protein_coding		
ENSSSAG00000047225	AGKD04439623.1	.	protein_coding		
ENSSSAG00000047232	AGKD04439684.1	.	snRNA	U1	U1 spliceosomal RNA [Source:RFAM%3BAcc:RF00003]
ENSSSAG00000047243	ssa14	.	lncRNA		
ENSSSAG00000047275	ssa19	.	lncRNA		
ENSSSAG00000047277	ssa09	.	miRNA	ssa-mir-145-1	ssa-mir-145-1 [Source:miRBase%3BAcc:MI0026505]
ENSSSAG00000047280	ssa19	.	lncRNA		
ENSSSAG00000047281	ssa09	.	miRNA	ssa-mir-143	ssa-mir-143 [Source:miRBase%3BAcc:MI0026503]
ENSSSAG00000047289	ssa17	.	lncRNA		
ENSSSAG00000047301	ssa02	.	lncRNA		
ENSSSAG00000047316	ssa10	.	snoRNA		
ENSSSAG00000047327	ssa14	.	lncRNA		
ENSSSAG00000047330	ssa24	.	lncRNA		
ENSSSAG00000047331	ssa24	.	lncRNA		
ENSSSAG00000047334	ssa20	.	pseudogene		
ENSSSAG00000047341	ssa20	.	pseudogene		
ENSSSAG00000047346	ssa15	.	lncRNA		
ENSSSAG00000047347	ssa15	.	lncRNA		
ENSSSAG00000047372	ssa29	.	lncRNA		
ENSSSAG00000047383	ssa10	.	snRNA	U7	U7 small nuclear RNA [Source:RFAM%3BAcc:RF00066]
ENSSSAG00000047384	ssa10	.	snRNA	U4	U4 spliceosomal RNA [Source:RFAM%3BAcc:RF00015]
ENSSSAG00000047391	ssa27	.	lncRNA		aurora kinase A and ninein interacting protein [Source:NCBI gene%3BAcc:106588903]
ENSSSAG00000047392	ssa18	.	snoRNA		
ENSSSAG00000047396	ssa18	.	snoRNA		
ENSSSAG00000047414	ssa05	.	lncRNA		trichohyalin-like [Source:NCBI gene%3BAcc:106604845]
ENSSSAG00000047418	ssa20	.	miRNA	ssa-mir-7a-3	ssa-mir-7a-3 [Source:miRBase%3BAcc:MI0026747]
ENSSSAG00000047419	ssa10	.	lncRNA		
ENSSSAG00000047420	ssa20	.	lncRNA		
ENSSSAG00000047426	AGKD04450006.1	.	snoRNA		
ENSSSAG00000047428	AGKD04450006.1	.	snoRNA	U3	Small nucleolar RNA U3 [Source:RFAM%3BAcc:RF00012]
ENSSSAG00000047439	ssa22	.	snoRNA	SNORA73	Small nucleolar RNA SNORA73 family [Source:RFAM%3BAcc:RF00045]
ENSSSAG00000047441	AGKD04450401.1	.	misc_RNA	Metazoa_SRP	Metazoan signal recognition particle RNA [Source:RFAM%3BAcc:RF00017]
ENSSSAG00000047446	AGKD04450530.1	.	snRNA	U5	U5 spliceosomal RNA [Source:RFAM%3BAcc:RF00020]
ENSSSAG00000047456	AGKD04450693.1	.	snRNA	U4	U4 spliceosomal RNA [Source:RFAM%3BAcc:RF00015]
ENSSSAG00000047457	AGKD04450695.1	.	protein_coding		
ENSSSAG00000047470	AGKD04450932.1	.	protein_coding		
ENSSSAG00000047476	ssa29	.	snRNA	U2	U2 spliceosomal RNA [Source:RFAM%3BAcc:RF00004]
ENSSSAG00000047478	ssa05	.	miRNA	ssa-mir-145-2	ssa-mir-145-2 [Source:miRBase%3BAcc:MI0026506]
ENSSSAG00000047483	ssa05	.	miRNA	ssa-mir-143	ssa-mir-143 [Source:miRBase%3BAcc:MI0026503]
ENSSSAG00000047496	AGKD04451250.1	.	protein_coding		
ENSSSAG00000047519	AGKD04451557.1	.	protein_coding		
ENSSSAG00000047524	ssa05	.	protein_coding		peroxisomal carnitine O-octanoyltransferase-like [Source:NCBI gene%3BAcc:106605983]
ENSSSAG00000047526	ssa19	.	snRNA	U7	U7 small nuclear RNA [Source:RFAM%3BAcc:RF00066]
ENSSSAG00000047529	AGKD04451767.1	.	pseudogene		
ENSSSAG00000047534	AGKD04479314.1	.	snRNA	U5	U5 spliceosomal RNA [Source:RFAM%3BAcc:RF00020]
ENSSSAG00000047540	AGKD04479394.1	.	protein_coding		
ENSSSAG00000047546	AGKD04451948.1	.	snRNA	U2	U2 spliceosomal RNA [Source:RFAM%3BAcc:RF00004]
ENSSSAG00000047547	ssa05	.	protein_coding	rundc3b	RUN domain-containing protein 3B-like [Source:NCBI gene%3BAcc:106605986]
ENSSSAG00000047551	ssa09	.	lncRNA		uncharacterized LOC106612081 [Source:NCBI gene%3BAcc:106612081]
ENSSSAG00000047568	ssa01	.	lncRNA		
ENSSSAG00000047570	AGKD04452504.1	.	protein_coding		
ENSSSAG00000047573	ssa06	.	snoRNA		
ENSSSAG00000047576	ssa06	.	snoRNA		
ENSSSAG00000047579	ssa06	.	snoRNA		
ENSSSAG00000047586	ssa18	.	snRNA	U1	U1 spliceosomal RNA [Source:RFAM%3BAcc:RF00003]
ENSSSAG00000047598	AGKD04452762.1	.	protein_coding		
ENSSSAG00000047609	AGKD04452813.1	.	snRNA	U1	U1 spliceosomal RNA [Source:RFAM%3BAcc:RF00003]
ENSSSAG00000047622	AGKD04453067.1	.	snRNA	U1	U1 spliceosomal RNA [Source:RFAM%3BAcc:RF00003]
ENSSSAG00000047628	AGKD04453096.1	.	protein_coding		
ENSSSAG00000047637	AGKD04480117.1	.	protein_coding		
ENSSSAG00000047639	AGKD04453562.1	.	protein_coding		
ENSSSAG00000047645	AGKD04480366.1	.	snoRNA	U3	Small nucleolar RNA U3 [Source:RFAM%3BAcc:RF00012]
ENSSSAG00000047651	AGKD04480524.1	.	snRNA	U2	U2 spliceosomal RNA [Source:RFAM%3BAcc:RF00004]
ENSSSAG00000047654	AGKD04480608.1	.	miRNA	ssa-mir-93a-2	ssa-mir-93a-2 [Source:miRBase%3BAcc:MI0026764]
ENSSSAG00000047657	AGKD04480608.1	.	miRNA	ssa-mir-106b	ssa-mir-106b [Source:miRBase%3BAcc:MI0026440]
ENSSSAG00000047660	AGKD04480631.1	.	snRNA	U1	U1 spliceosomal RNA [Source:RFAM%3BAcc:RF00003]
ENSSSAG00000047661	AGKD04453811.1	.	snRNA	U1	U1 spliceosomal RNA [Source:RFAM%3BAcc:RF00003]
ENSSSAG00000047664	AGKD04453880.1	.	snRNA	U2	U2 spliceosomal RNA [Source:RFAM%3BAcc:RF00004]
ENSSSAG00000047666	AGKD04480711.1	.	protein_coding		
ENSSSAG00000047670	AGKD04453925.1	.	protein_coding		
ENSSSAG00000047671	AGKD04480837.1	.	protein_coding		
ENSSSAG00000047677	AGKD04454133.1	.	protein_coding		
ENSSSAG00000047679	AGKD04454242.1	.	snRNA	U1	U1 spliceosomal RNA [Source:RFAM%3BAcc:RF00003]
ENSSSAG00000047686	AGKD04454290.1	.	pseudogene		
ENSSSAG00000047689	AGKD04481118.1	.	protein_coding		
ENSSSAG00000047690	AGKD04454526.1	.	snRNA	U6	U6 spliceosomal RNA [Source:RFAM%3BAcc:RF00026]
ENSSSAG00000047692	AGKD04454536.1	.	pseudogene		
ENSSSAG00000047696	ssa12	.	lncRNA		
ENSSSAG00000047698	ssa12	.	lncRNA		
ENSSSAG00000047699	AGKD04454575.1	.	snoRNA	U3	Small nucleolar RNA U3 [Source:RFAM%3BAcc:RF00012]
ENSSSAG00000047707	AGKD04481299.1	.	protein_coding		
ENSSSAG00000047716	ssa10	.	snRNA	U5	U5 spliceosomal RNA [Source:RFAM%3BAcc:RF00020]
ENSSSAG00000047718	AGKD04481595.1	.	protein_coding		
ENSSSAG00000047719	ssa10	.	lncRNA		
ENSSSAG00000047732	ssa10	.	lncRNA		
ENSSSAG00000047736	AGKD04455326.1	.	snRNA	U1	U1 spliceosomal RNA [Source:RFAM%3BAcc:RF00003]
ENSSSAG00000047740	AGKD04481692.1	.	protein_coding		
ENSSSAG00000047741	AGKD04481716.1	.	protein_coding		
ENSSSAG00000047744	ssa20	.	lncRNA		
ENSSSAG00000047745	ssa20	.	lncRNA		
ENSSSAG00000047749	ssa20	.	lncRNA		
ENSSSAG00000047762	AGKD04482018.1	.	snRNA	U1	U1 spliceosomal RNA [Source:RFAM%3BAcc:RF00003]
ENSSSAG00000047763	AGKD04482058.1	.	snoRNA		
ENSSSAG00000047767	AGKD04482058.1	.	snoRNA		
ENSSSAG00000047768	AGKD04482058.1	.	snoRNA		
ENSSSAG00000047780	AGKD04482466.1	.	snRNA	U1	U1 spliceosomal RNA [Source:RFAM%3BAcc:RF00003]
ENSSSAG00000047781	AGKD04482555.1	.	snRNA	U1	U1 spliceosomal RNA [Source:RFAM%3BAcc:RF00003]
ENSSSAG00000047785	AGKD04482585.1	.	protein_coding		
ENSSSAG00000047788	AGKD04482615.1	.	snRNA	U1	U1 spliceosomal RNA [Source:RFAM%3BAcc:RF00003]
ENSSSAG00000047792	AGKD04482637.1	.	protein_coding		
ENSSSAG00000047798	AGKD04482789.1	.	protein_coding		
ENSSSAG00000047801	ssa06	.	lncRNA		
ENSSSAG00000047803	ssa06	.	lncRNA		
ENSSSAG00000047810	ssa05	.	lncRNA		
ENSSSAG00000047811	ssa05	.	lncRNA		
ENSSSAG00000047814	ssa21	.	lncRNA		
ENSSSAG00000047827	ssa01	.	lncRNA		
ENSSSAG00000047830	ssa01	.	protein_coding		claudin 23a [Source:ZFIN%3BAcc:ZDB-GENE-091204-28]
ENSSSAG00000047836	AGKD04483712.1	.	protein_coding		ferritin heavy chain 1 [Source:HGNC Symbol%3BAcc:HGNC:3976]
ENSSSAG00000047846	AGKD04483712.1	.	protein_coding		
ENSSSAG00000047860	AGKD04484013.1	.	protein_coding		
ENSSSAG00000047908	ssa03	.	snoRNA		
ENSSSAG00000047909	ssa03	.	snoRNA		
ENSSSAG00000047910	ssa03	.	snoRNA		
ENSSSAG00000047912	ssa03	.	snoRNA		
ENSSSAG00000047914	ssa03	.	snoRNA		
ENSSSAG00000047915	ssa03	.	snoRNA		
ENSSSAG00000047916	ssa03	.	snoRNA		
ENSSSAG00000047930	ssa05	.	snoRNA	SNORA74	Small nucleolar RNA SNORA74 [Source:RFAM%3BAcc:RF00090]
ENSSSAG00000047933	ssa21	.	protein_coding	edar	tumor necrosis factor receptor superfamily member EDAR-like [Source:NCBI gene%3BAcc:106582166]
ENSSSAG00000047934	ssa11	.	pseudogene		
ENSSSAG00000047936	ssa15	.	lncRNA		
ENSSSAG00000047937	ssa15	.	lncRNA		
ENSSSAG00000047951	ssa24	.	lncRNA		
ENSSSAG00000047952	ssa11	.	protein_coding	mrps24	28S ribosomal protein S24%2C mitochondrial-like [Source:NCBI gene%3BAcc:106562909]
ENSSSAG00000047961	ssa21	.	protein_coding	cld14	Claudin-14 [Source:NCBI gene%3BAcc:100195294]
ENSSSAG00000047966	ssa10	.	lncRNA		
ENSSSAG00000047967	ssa24	.	pseudogene		
ENSSSAG00000047973	ssa18	.	protein_coding		
ENSSSAG00000047974	ssa21	.	protein_coding	SLC5A7	high-affinity choline transporter 1-like [Source:NCBI gene%3BAcc:106582209]
ENSSSAG00000047980	ssa18	.	protein_coding		
ENSSSAG00000047986	ssa18	.	lncRNA		
ENSSSAG00000047991	ssa18	.	lncRNA		
ENSSSAG00000047993	AGKD04518144.1	.	snRNA	U5	U5 spliceosomal RNA [Source:RFAM%3BAcc:RF00020]
ENSSSAG00000047994	AGKD04518363.1	.	snoRNA		
ENSSSAG00000047995	AGKD04518363.1	.	snoRNA	U3	Small nucleolar RNA U3 [Source:RFAM%3BAcc:RF00012]
ENSSSAG00000047996	ssa18	.	lncRNA		
ENSSSAG00000047998	AGKD04518535.1	.	snRNA	U4	U4 spliceosomal RNA [Source:RFAM%3BAcc:RF00015]
ENSSSAG00000048008	AGKD04519015.1	.	misc_RNA	Metazoa_SRP	Metazoan signal recognition particle RNA [Source:RFAM%3BAcc:RF00017]
ENSSSAG00000048013	AGKD04519158.1	.	snRNA	U4	U4 spliceosomal RNA [Source:RFAM%3BAcc:RF00015]
ENSSSAG00000048015	AGKD04519158.1	.	snRNA	U4	U4 spliceosomal RNA [Source:RFAM%3BAcc:RF00015]
ENSSSAG00000048016	AGKD04519210.1	.	snRNA	U1	U1 spliceosomal RNA [Source:RFAM%3BAcc:RF00003]
ENSSSAG00000048019	AGKD04519289.1	.	protein_coding		
ENSSSAG00000048032	ssa05	.	pseudogene		
ENSSSAG00000048043	ssa15	.	miRNA	ssa-mir-203b	ssa-mir-203b [Source:miRBase%3BAcc:MI0026589]
ENSSSAG00000048082	AGKD04520116.1	.	protein_coding		
ENSSSAG00000048096	AGKD04520481.1	.	protein_coding		
ENSSSAG00000048106	AGKD04520776.1	.	protein_coding		
ENSSSAG00000048108	AGKD04520850.1	.	snRNA	U5	U5 spliceosomal RNA [Source:RFAM%3BAcc:RF00020]
ENSSSAG00000048121	AGKD04521277.1	.	snRNA	U1	U1 spliceosomal RNA [Source:RFAM%3BAcc:RF00003]
ENSSSAG00000048123	AGKD04521396.1	.	snRNA	U1	U1 spliceosomal RNA [Source:RFAM%3BAcc:RF00003]
ENSSSAG00000048125	AGKD04521534.1	.	snRNA	U1	U1 spliceosomal RNA [Source:RFAM%3BAcc:RF00003]
ENSSSAG00000048132	AGKD04521578.1	.	snoRNA	U3	Small nucleolar RNA U3 [Source:RFAM%3BAcc:RF00012]
ENSSSAG00000048136	AGKD04521661.1	.	snRNA	U1	U1 spliceosomal RNA [Source:RFAM%3BAcc:RF00003]
ENSSSAG00000048149	AGKD04521743.1	.	snRNA	U1	U1 spliceosomal RNA [Source:RFAM%3BAcc:RF00003]
ENSSSAG00000048158	AGKD04522355.1	.	snRNA	U4	U4 spliceosomal RNA [Source:RFAM%3BAcc:RF00015]
ENSSSAG00000048161	AGKD04432042.1	.	protein_coding		
ENSSSAG00000048163	AGKD04522484.1	.	snRNA	U5	U5 spliceosomal RNA [Source:RFAM%3BAcc:RF00020]
ENSSSAG00000048166	AGKD04522549.1	.	snRNA	U1	U1 spliceosomal RNA [Source:RFAM%3BAcc:RF00003]
ENSSSAG00000048170	AGKD04522588.1	.	protein_coding		
ENSSSAG00000048174	ssa03	.	lncRNA		
ENSSSAG00000048177	AGKD04432124.1	.	protein_coding		
ENSSSAG00000048180	AGKD04565090.1	.	protein_coding		
ENSSSAG00000048181	ssa18	.	processed_pseudogene		
ENSSSAG00000048182	AGKD04522695.1	.	pseudogene		
ENSSSAG00000048183	AGKD04432132.1	.	snRNA	U2	U2 spliceosomal RNA [Source:RFAM%3BAcc:RF00004]
ENSSSAG00000048191	AGKD04565268.1	.	protein_coding		
ENSSSAG00000048192	ssa13	.	lncRNA		
ENSSSAG00000048196	AGKD04432236.1	.	snRNA	U5	U5 spliceosomal RNA [Source:RFAM%3BAcc:RF00020]
ENSSSAG00000048199	AGKD04565487.1	.	snRNA	U1	U1 spliceosomal RNA [Source:RFAM%3BAcc:RF00003]
ENSSSAG00000048214	AGKD04565757.1	.	protein_coding		
ENSSSAG00000048217	AGKD04432601.1	.	protein_coding		
ENSSSAG00000048235	AGKD04523127.1	.	snRNA	U4	U4 spliceosomal RNA [Source:RFAM%3BAcc:RF00015]
ENSSSAG00000048245	AGKD04565943.1	.	snoRNA	U3	Small nucleolar RNA U3 [Source:RFAM%3BAcc:RF00012]
ENSSSAG00000048248	AGKD04432963.1	.	protein_coding		
ENSSSAG00000048253	AGKD04433032.1	.	pseudogene		
ENSSSAG00000048258	AGKD04523381.1	.	snRNA	U1	U1 spliceosomal RNA [Source:RFAM%3BAcc:RF00003]
ENSSSAG00000048259	AGKD04566155.1	.	protein_coding		
ENSSSAG00000048267	ssa03	.	lncRNA		
ENSSSAG00000048273	AGKD04523580.1	.	snRNA	U6	U6 spliceosomal RNA [Source:RFAM%3BAcc:RF00026]
ENSSSAG00000048274	ssa16	.	lncRNA		
ENSSSAG00000048275	ssa03	.	lncRNA		
ENSSSAG00000048280	AGKD04523788.1	.	snRNA	U5	U5 spliceosomal RNA [Source:RFAM%3BAcc:RF00020]
ENSSSAG00000048281	AGKD04433077.1	.	protein_coding		
ENSSSAG00000048289	AGKD04433187.1	.	protein_coding		
ENSSSAG00000048290	AGKD04523918.1	.	protein_coding		
ENSSSAG00000048295	AGKD04433193.1	.	snoRNA	U3	Small nucleolar RNA U3 [Source:RFAM%3BAcc:RF00012]
ENSSSAG00000048297	ssa16	.	lncRNA		
ENSSSAG00000048304	AGKD04566445.1	.	protein_coding		
ENSSSAG00000048308	AGKD04433269.1	.	protein_coding		
ENSSSAG00000048311	ssa10	.	lncRNA		
ENSSSAG00000048315	ssa10	.	miRNA	ssa-mir-129-2	ssa-mir-129-2 [Source:miRBase%3BAcc:MI0026466]
ENSSSAG00000048319	ssa03	.	pseudogene		
ENSSSAG00000048323	AGKD04566790.1	.	protein_coding		
ENSSSAG00000048330	AGKD04566895.1	.	snRNA	U1	U1 spliceosomal RNA [Source:RFAM%3BAcc:RF00003]
ENSSSAG00000048331	AGKD04566993.1	.	snRNA	U1	U1 spliceosomal RNA [Source:RFAM%3BAcc:RF00003]
ENSSSAG00000048337	AGKD04433638.1	.	snRNA	U1	U1 spliceosomal RNA [Source:RFAM%3BAcc:RF00003]
ENSSSAG00000048350	AGKD04434136.1	.	protein_coding		
ENSSSAG00000048352	AGKD04567196.1	.	snRNA	U2	U2 spliceosomal RNA [Source:RFAM%3BAcc:RF00004]
ENSSSAG00000048357	AGKD04567292.1	.	protein_coding		
ENSSSAG00000048359	AGKD04434196.1	.	protein_coding		
ENSSSAG00000048367	AGKD04567468.1	.	protein_coding		
ENSSSAG00000048371	AGKD04434314.1	.	snRNA	U1	U1 spliceosomal RNA [Source:RFAM%3BAcc:RF00003]
ENSSSAG00000048390	AGKD04567780.1	.	snRNA	U5	U5 spliceosomal RNA [Source:RFAM%3BAcc:RF00020]
ENSSSAG00000048403	AGKD04434526.1	.	snRNA	U5	U5 spliceosomal RNA [Source:RFAM%3BAcc:RF00020]
ENSSSAG00000048404	AGKD04434526.1	.	snRNA	U2	U2 spliceosomal RNA [Source:RFAM%3BAcc:RF00004]
ENSSSAG00000048409	ssa14	.	lncRNA		
ENSSSAG00000048418	ssa28	.	protein_coding	pgp	phosphoglycolate phosphatase [Source:NCBI gene%3BAcc:100196145]
ENSSSAG00000048428	AGKD04434687.1	.	pseudogene		
ENSSSAG00000048432	AGKD04569043.1	.	pseudogene		
ENSSSAG00000048440	AGKD04434729.1	.	protein_coding		
ENSSSAG00000048441	AGKD04569251.1	.	snRNA	U4	U4 spliceosomal RNA [Source:RFAM%3BAcc:RF00015]
ENSSSAG00000048446	AGKD04434760.1	.	snRNA	U1	U1 spliceosomal RNA [Source:RFAM%3BAcc:RF00003]
ENSSSAG00000048448	AGKD04434772.1	.	protein_coding	mrps33	mitochondrial ribosomal protein S33 [Source:ZFIN%3BAcc:ZDB-GENE-040715-6]
ENSSSAG00000048449	AGKD04569508.1	.	protein_coding		
ENSSSAG00000048453	AGKD04434861.1	.	snRNA	U6	U6 spliceosomal RNA [Source:RFAM%3BAcc:RF00026]
ENSSSAG00000048455	AGKD04434937.1	.	snRNA	U5	U5 spliceosomal RNA [Source:RFAM%3BAcc:RF00020]
ENSSSAG00000048462	AGKD04569615.1	.	pseudogene		
ENSSSAG00000048470	AGKD04435044.1	.	snRNA	U5	U5 spliceosomal RNA [Source:RFAM%3BAcc:RF00020]
ENSSSAG00000048472	AGKD04569630.1	.	protein_coding		
ENSSSAG00000048474	AGKD04435044.1	.	snRNA	U2	U2 spliceosomal RNA [Source:RFAM%3BAcc:RF00004]
ENSSSAG00000048475	AGKD04435129.1	.	snoRNA	U3	Small nucleolar RNA U3 [Source:RFAM%3BAcc:RF00012]
ENSSSAG00000048481	AGKD04435417.1	.	pseudogene		
ENSSSAG00000048485	ssa13	.	miRNA		microRNA 124-3 [Source:HGNC Symbol%3BAcc:HGNC:31504]
ENSSSAG00000048492	AGKD04435546.1	.	protein_coding		
ENSSSAG00000048497	AGKD04569708.1	.	protein_coding		
ENSSSAG00000048500	AGKD04569887.1	.	snoRNA	U3	Small nucleolar RNA U3 [Source:RFAM%3BAcc:RF00012]
ENSSSAG00000048506	AGKD04435729.1	.	snRNA	U1	U1 spliceosomal RNA [Source:RFAM%3BAcc:RF00003]
ENSSSAG00000048507	ssa01	.	protein_coding		
ENSSSAG00000048526	AGKD04570243.1	.	protein_coding	mrps21	mitochondrial ribosomal protein S21 [Source:ZFIN%3BAcc:ZDB-GENE-070615-13]
ENSSSAG00000048533	AGKD04570388.1	.	protein_coding		
ENSSSAG00000048541	ssa28	.	lncRNA		
ENSSSAG00000048553	AGKD04571299.1	.	protein_coding		
ENSSSAG00000048554	ssa27	.	lncRNA		
ENSSSAG00000048557	ssa27	.	lncRNA		
ENSSSAG00000048559	AGKD04571452.1	.	snoRNA		
ENSSSAG00000048564	AGKD04571658.1	.	snRNA	U1	U1 spliceosomal RNA [Source:RFAM%3BAcc:RF00003]
ENSSSAG00000048565	AGKD04571693.1	.	snRNA	U2	U2 spliceosomal RNA [Source:RFAM%3BAcc:RF00004]
ENSSSAG00000048569	AGKD04571800.1	.	snRNA	U1	U1 spliceosomal RNA [Source:RFAM%3BAcc:RF00003]
ENSSSAG00000048572	AGKD04571892.1	.	snRNA	U5	U5 spliceosomal RNA [Source:RFAM%3BAcc:RF00020]
ENSSSAG00000048575	AGKD04571892.1	.	snRNA	U2	U2 spliceosomal RNA [Source:RFAM%3BAcc:RF00004]
ENSSSAG00000048576	ssa17	.	snoRNA		
ENSSSAG00000048584	ssa21	.	protein_coding		E3 SUMO-protein ligase RanBP2-like [Source:NCBI gene%3BAcc:106582213]
ENSSSAG00000048585	AGKD04571928.1	.	protein_coding		
ENSSSAG00000048595	ssa15	.	snRNA	U7	U7 small nuclear RNA [Source:RFAM%3BAcc:RF00066]
ENSSSAG00000048596	ssa17	.	protein_coding	np1l1	Nucleosome assembly protein 1-like 1 [Source:NCBI gene%3BAcc:100195065]
ENSSSAG00000048600	ssa17	.	snoRNA		
ENSSSAG00000048603	ssa10	.	snoRNA	SNORD18	Small nucleolar RNA SNORD18 [Source:RFAM%3BAcc:RF00093]
ENSSSAG00000048607	ssa10	.	snoRNA	SNORD18	Small nucleolar RNA SNORD18 [Source:RFAM%3BAcc:RF00093]
ENSSSAG00000048609	ssa13	.	lncRNA		
ENSSSAG00000048611	ssa10	.	snoRNA	SNORD16	Small nucleolar RNA SNORD16 [Source:RFAM%3BAcc:RF00138]
ENSSSAG00000048620	ssa13	.	miRNA	ssa-mir-724-3	ssa-mir-724-3 [Source:miRBase%3BAcc:MI0026728]
ENSSSAG00000048628	ssa13	.	protein_coding		protein-L-isoaspartate O-methyltransferase domain-containing protein 2-like [Source:NCBI gene%3BAcc:106566428]
ENSSSAG00000048632	ssa10	.	snoRNA	SNORD18	Small nucleolar RNA SNORD18 [Source:RFAM%3BAcc:RF00093]
ENSSSAG00000048633	ssa10	.	snoRNA	SNORD16	Small nucleolar RNA SNORD16 [Source:RFAM%3BAcc:RF00138]
ENSSSAG00000048652	ssa27	.	lncRNA		
ENSSSAG00000048665	ssa10	.	protein_coding	islr2	immunoglobulin superfamily containing leucine-rich repeat protein 2-like [Source:NCBI gene%3BAcc:106561861]
ENSSSAG00000048670	ssa10	.	protein_coding	comd4	COMM domain-containing protein 4 [Source:NCBI gene%3BAcc:100195629]
ENSSSAG00000048675	ssa25	.	lncRNA		
ENSSSAG00000048695	ssa10	.	lncRNA		
ENSSSAG00000048711	ssa20	.	pseudogene		
ENSSSAG00000048722	ssa20	.	pseudogene		
ENSSSAG00000048742	ssa05	.	miRNA	ssa-mir-190b	ssa-mir-190b [Source:miRBase%3BAcc:MI0026550]
ENSSSAG00000048743	ssa12	.	protein_coding	ssuh2.1	protein SSUH2 homolog [Source:NCBI gene%3BAcc:106566200]
ENSSSAG00000048782	ssa06	.	protein_coding	ier2a	immediate early response gene 2 protein-like [Source:NCBI gene%3BAcc:106606793]
ENSSSAG00000048793	ssa15	.	pseudogene		
ENSSSAG00000048799	ssa07	.	lncRNA		
ENSSSAG00000048805	AGKD04551695.1	.	snRNA	U2	U2 spliceosomal RNA [Source:RFAM%3BAcc:RF00004]
ENSSSAG00000048809	AGKD04551695.1	.	snRNA	U5	U5 spliceosomal RNA [Source:RFAM%3BAcc:RF00020]
ENSSSAG00000048824	ssa06	.	protein_coding		
ENSSSAG00000048827	AGKD04551838.1	.	protein_coding		
ENSSSAG00000048834	ssa14	.	lncRNA		
ENSSSAG00000048835	AGKD04551964.1	.	protein_coding		
ENSSSAG00000048836	ssa14	.	lncRNA		
ENSSSAG00000048837	AGKD04552021.1	.	protein_coding		
ENSSSAG00000048848	AGKD04552172.1	.	snRNA	U2	U2 spliceosomal RNA [Source:RFAM%3BAcc:RF00004]
ENSSSAG00000048849	AGKD04552257.1	.	snRNA	U1	U1 spliceosomal RNA [Source:RFAM%3BAcc:RF00003]
ENSSSAG00000048850	ssa14	.	miRNA	ssa-mir-219c-2	ssa-mir-219c-2 [Source:miRBase%3BAcc:MI0026625]
ENSSSAG00000048865	AGKD04552829.1	.	protein_coding		
ENSSSAG00000048878	AGKD04553113.1	.	protein_coding		
ENSSSAG00000048890	AGKD04553171.1	.	protein_coding		
ENSSSAG00000048901	AGKD04553441.1	.	snRNA	U1	U1 spliceosomal RNA [Source:RFAM%3BAcc:RF00003]
ENSSSAG00000048903	AGKD04553581.1	.	snRNA	U5	U5 spliceosomal RNA [Source:RFAM%3BAcc:RF00020]
ENSSSAG00000048907	AGKD04553638.1	.	snRNA	U5	U5 spliceosomal RNA [Source:RFAM%3BAcc:RF00020]
ENSSSAG00000048910	AGKD04553926.1	.	snRNA	U2	U2 spliceosomal RNA [Source:RFAM%3BAcc:RF00004]
ENSSSAG00000048917	AGKD04553983.1	.	snRNA	U5	U5 spliceosomal RNA [Source:RFAM%3BAcc:RF00020]
ENSSSAG00000048925	ssa28	.	lncRNA		
ENSSSAG00000048926	ssa15	.	snoRNA		
ENSSSAG00000048929	ssa28	.	miRNA	ssa-mir-7552a-2	ssa-mir-7552a-2 [Source:miRBase%3BAcc:MI0026789]
ENSSSAG00000048930	AGKD04554518.1	.	snRNA	U1	U1 spliceosomal RNA [Source:RFAM%3BAcc:RF00003]
ENSSSAG00000048967	ssa02	.	protein_coding	CI023	ribonuclease P protein subunit p25-like protein [Source:NCBI gene%3BAcc:106574794]
ENSSSAG00000048968	AGKD04555839.1	.	protein_coding		
ENSSSAG00000048971	AGKD04555946.1	.	pseudogene		
ENSSSAG00000048995	AGKD04474444.1	.	snRNA	U1	U1 spliceosomal RNA [Source:RFAM%3BAcc:RF00003]
ENSSSAG00000049004	AGKD04556335.1	.	snRNA	U1	U1 spliceosomal RNA [Source:RFAM%3BAcc:RF00003]
ENSSSAG00000049013	AGKD04556402.1	.	snRNA	U6	U6 spliceosomal RNA [Source:RFAM%3BAcc:RF00026]
ENSSSAG00000049016	AGKD04556576.1	.	snRNA	U1	U1 spliceosomal RNA [Source:RFAM%3BAcc:RF00003]
ENSSSAG00000049045	AGKD04475783.1	.	snRNA	U2	U2 spliceosomal RNA [Source:RFAM%3BAcc:RF00004]
ENSSSAG00000049047	AGKD04475806.1	.	protein_coding		
ENSSSAG00000049051	AGKD04475892.1	.	snRNA	U1	U1 spliceosomal RNA [Source:RFAM%3BAcc:RF00003]
ENSSSAG00000049055	AGKD04475951.1	.	protein_coding		
ENSSSAG00000049056	AGKD04557262.1	.	protein_coding		
ENSSSAG00000049057	AGKD04475994.1	.	protein_coding		
ENSSSAG00000049062	AGKD04476008.1	.	protein_coding		
ENSSSAG00000049063	ssa02	.	protein_coding	cpne4a	copine-4 [Source:NCBI gene%3BAcc:106574842]
ENSSSAG00000049068	AGKD04557767.1	.	snRNA	U5	U5 spliceosomal RNA [Source:RFAM%3BAcc:RF00020]
ENSSSAG00000049071	AGKD04557767.1	.	snRNA	U2	U2 spliceosomal RNA [Source:RFAM%3BAcc:RF00004]
ENSSSAG00000049072	AGKD04476151.1	.	pseudogene		
ENSSSAG00000049076	AGKD04631622.1	.	protein_coding		
ENSSSAG00000049081	AGKD04631893.1	.	pseudogene		
ENSSSAG00000049085	AGKD04558306.1	.	protein_coding		
ENSSSAG00000049090	AGKD04632117.1	.	pseudogene		
ENSSSAG00000049091	AGKD04476393.1	.	snRNA	U2	U2 spliceosomal RNA [Source:RFAM%3BAcc:RF00004]
ENSSSAG00000049100	AGKD04476495.1	.	protein_coding		
ENSSSAG00000049111	AGKD04476850.1	.	protein_coding		
ENSSSAG00000049118	AGKD04632738.1	.	protein_coding		
ENSSSAG00000049120	AGKD04476885.1	.	protein_coding		
ENSSSAG00000049125	AGKD04476897.1	.	protein_coding		
ENSSSAG00000049131	AGKD04477072.1	.	misc_RNA	Metazoa_SRP	Metazoan signal recognition particle RNA [Source:RFAM%3BAcc:RF00017]
ENSSSAG00000049136	AGKD04477122.1	.	protein_coding	STX11	syntaxin 11 [Source:HGNC Symbol%3BAcc:HGNC:11429]
ENSSSAG00000049138	AGKD04632966.1	.	protein_coding		
ENSSSAG00000049142	ssa13	.	lncRNA		
ENSSSAG00000049144	ssa13	.	lncRNA		
ENSSSAG00000049145	AGKD04632983.1	.	protein_coding		H3 clustered histone 15 [Source:HGNC Symbol%3BAcc:HGNC:20505]
ENSSSAG00000049146	ssa09	.	lncRNA		
ENSSSAG00000049147	ssa09	.	lncRNA		
ENSSSAG00000049150	ssa09	.	lncRNA		
ENSSSAG00000049168	AGKD04633339.1	.	protein_coding		
ENSSSAG00000049175	AGKD04477515.1	.	protein_coding		
ENSSSAG00000049184	AGKD04477595.1	.	snRNA	U4	U4 spliceosomal RNA [Source:RFAM%3BAcc:RF00015]
ENSSSAG00000049190	AGKD04477750.1	.	protein_coding		
ENSSSAG00000049194	ssa13	.	protein_coding	atp1b2b	sodium/potassium-transporting ATPase subunit beta-2-like [Source:NCBI gene%3BAcc:106567875]
ENSSSAG00000049195	AGKD04633673.1	.	snRNA	U2	U2 spliceosomal RNA [Source:RFAM%3BAcc:RF00004]
ENSSSAG00000049205	AGKD04478397.1	.	protein_coding		
ENSSSAG00000049215	AGKD04634291.1	.	protein_coding		
ENSSSAG00000049224	ssa13	.	lncRNA		
ENSSSAG00000049225	AGKD04478755.1	.	snRNA	U1	U1 spliceosomal RNA [Source:RFAM%3BAcc:RF00003]
ENSSSAG00000049231	AGKD04016807.1	.	miRNA	ssa-mir-155-2	ssa-mir-155-2 [Source:miRBase%3BAcc:MI0026521]
ENSSSAG00000049233	AGKD04478821.1	.	pseudogene		
ENSSSAG00000049235	AGKD04634705.1	.	protein_coding		
ENSSSAG00000049239	ssa21	.	protein_coding		
ENSSSAG00000049246	AGKD04634814.1	.	snRNA	U5	U5 spliceosomal RNA [Source:RFAM%3BAcc:RF00020]
ENSSSAG00000049266	AGKD04478990.1	.	snRNA	U5	U5 spliceosomal RNA [Source:RFAM%3BAcc:RF00020]
ENSSSAG00000049268	ssa15	.	pseudogene		
ENSSSAG00000049274	AGKD04634930.1	.	snRNA	U5	U5 spliceosomal RNA [Source:RFAM%3BAcc:RF00020]
ENSSSAG00000049292	ssa12	.	snRNA	U2	U2 spliceosomal RNA [Source:RFAM%3BAcc:RF00004]
ENSSSAG00000049294	AGKD04479087.1	.	snRNA	U1	U1 spliceosomal RNA [Source:RFAM%3BAcc:RF00003]
ENSSSAG00000049296	AGKD04635121.1	.	protein_coding		
ENSSSAG00000049325	AGKD04635325.1	.	snRNA	U5	U5 spliceosomal RNA [Source:RFAM%3BAcc:RF00020]
ENSSSAG00000049328	AGKD04635522.1	.	misc_RNA	Metazoa_SRP	Metazoan signal recognition particle RNA [Source:RFAM%3BAcc:RF00017]
ENSSSAG00000049337	AGKD04225746.1	.	snRNA	U1	U1 spliceosomal RNA [Source:RFAM%3BAcc:RF00003]
ENSSSAG00000049338	ssa28	.	snRNA	U7	U7 small nuclear RNA [Source:RFAM%3BAcc:RF00066]
ENSSSAG00000049345	AGKD04635810.1	.	snRNA	U4	U4 spliceosomal RNA [Source:RFAM%3BAcc:RF00015]
ENSSSAG00000049359	AGKD04636050.1	.	protein_coding		
ENSSSAG00000049376	AGKD04225886.1	.	snRNA	U1	U1 spliceosomal RNA [Source:RFAM%3BAcc:RF00003]
ENSSSAG00000049381	AGKD04225898.1	.	protein_coding		
ENSSSAG00000049383	ssa11	.	lncRNA		
ENSSSAG00000049385	AGKD04636287.1	.	protein_coding		
ENSSSAG00000049394	AGKD04636334.1	.	protein_coding		
ENSSSAG00000049403	AGKD04636347.1	.	protein_coding		
ENSSSAG00000049412	ssa03	.	lncRNA		
ENSSSAG00000049418	AGKD04636379.1	.	snRNA	U4	U4 spliceosomal RNA [Source:RFAM%3BAcc:RF00015]
ENSSSAG00000049433	AGKD04226063.1	.	snRNA	U1	U1 spliceosomal RNA [Source:RFAM%3BAcc:RF00003]
ENSSSAG00000049448	AGKD04226124.1	.	snRNA	U5	U5 spliceosomal RNA [Source:RFAM%3BAcc:RF00020]
ENSSSAG00000049449	AGKD04636740.1	.	snRNA	U5	U5 spliceosomal RNA [Source:RFAM%3BAcc:RF00020]
ENSSSAG00000049451	AGKD04084255.1	.	protein_coding		
ENSSSAG00000049453	AGKD04226124.1	.	snRNA	U2	U2 spliceosomal RNA [Source:RFAM%3BAcc:RF00004]
ENSSSAG00000049456	AGKD04226194.1	.	snoRNA		
ENSSSAG00000049462	AGKD04226194.1	.	snoRNA	U3	Small nucleolar RNA U3 [Source:RFAM%3BAcc:RF00012]
ENSSSAG00000049466	ssa06	.	lncRNA		
ENSSSAG00000049469	AGKD04226278.1	.	protein_coding		
ENSSSAG00000049474	AGKD04226281.1	.	protein_coding		
ENSSSAG00000049482	ssa14	.	lncRNA		
ENSSSAG00000049485	AGKD04637116.1	.	protein_coding		
ENSSSAG00000049492	AGKD04226306.1	.	pseudogene		
ENSSSAG00000049493	AGKD04637129.1	.	snoRNA		
ENSSSAG00000049506	ssa23	.	snRNA	U4	U4 spliceosomal RNA [Source:RFAM%3BAcc:RF00015]
ENSSSAG00000049512	AGKD04637557.1	.	snRNA	U5	U5 spliceosomal RNA [Source:RFAM%3BAcc:RF00020]
ENSSSAG00000049519	AGKD04226345.1	.	protein_coding		
ENSSSAG00000049520	AGKD04637731.1	.	protein_coding		
ENSSSAG00000049521	ssa11	.	protein_coding		AFG3-like protein 1 [Source:NCBI gene%3BAcc:106562288]
ENSSSAG00000049537	AGKD04637831.1	.	protein_coding		
ENSSSAG00000049538	AGKD04226375.1	.	snRNA	U2	U2 spliceosomal RNA [Source:RFAM%3BAcc:RF00004]
ENSSSAG00000049541	AGKD04226375.1	.	snRNA	U5	U5 spliceosomal RNA [Source:RFAM%3BAcc:RF00020]
ENSSSAG00000049546	ssa15	.	lncRNA		
ENSSSAG00000049556	AGKD04226399.1	.	snRNA	U1	U1 spliceosomal RNA [Source:RFAM%3BAcc:RF00003]
ENSSSAG00000049565	ssa03	.	lncRNA		
ENSSSAG00000049567	ssa03	.	lncRNA		
ENSSSAG00000049568	AGKD04637959.1	.	protein_coding		
ENSSSAG00000049576	ssa23	.	pseudogene		
ENSSSAG00000049577	AGKD04638005.1	.	snRNA	U5	U5 spliceosomal RNA [Source:RFAM%3BAcc:RF00020]
ENSSSAG00000049581	AGKD04638005.1	.	snRNA	U2	U2 spliceosomal RNA [Source:RFAM%3BAcc:RF00004]
ENSSSAG00000049593	ssa06	.	lncRNA		uncharacterized LOC106607189 [Source:NCBI gene%3BAcc:106607189]
ENSSSAG00000049598	ssa02	.	protein_coding	tcaim	T cell activation inhibitor%2C mitochondrial [Source:ZFIN%3BAcc:ZDB-GENE-160113-67]
ENSSSAG00000049599	AGKD04226533.1	.	protein_coding		
ENSSSAG00000049603	AGKD04226544.1	.	protein_coding		
ENSSSAG00000049614	ssa02	.	misc_RNA	Metazoa_SRP	Metazoan signal recognition particle RNA [Source:RFAM%3BAcc:RF00017]
ENSSSAG00000049617	ssa09	.	lncRNA		
ENSSSAG00000049618	AGKD04226570.1	.	protein_coding		
ENSSSAG00000049623	ssa02	.	lncRNA		
ENSSSAG00000049624	AGKD04226575.1	.	protein_coding		
ENSSSAG00000049626	ssa15	.	ribozyme	RNaseP_nuc	Nuclear RNase P [Source:RFAM%3BAcc:RF00009]
ENSSSAG00000049630	AGKD04226589.1	.	protein_coding		
ENSSSAG00000049631	ssa02	.	lncRNA		
ENSSSAG00000049632	ssa09	.	protein_coding	AP2S1	adaptor related protein complex 2 subunit sigma 1 [Source:NCBI gene%3BAcc:106612373]
ENSSSAG00000049633	AGKD04226620.1	.	protein_coding		
ENSSSAG00000049642	AGKD04226632.1	.	snRNA	U1	U1 spliceosomal RNA [Source:RFAM%3BAcc:RF00003]
ENSSSAG00000049644	ssa15	.	lncRNA		
ENSSSAG00000049646	AGKD04226638.1	.	protein_coding		
ENSSSAG00000049647	ssa02	.	snRNA	U7	U7 small nuclear RNA [Source:RFAM%3BAcc:RF00066]
ENSSSAG00000049650	ssa16	.	protein_coding	UBE3A	ubiquitin-protein ligase E3A [Source:NCBI gene%3BAcc:106574742]
ENSSSAG00000049652	AGKD04226690.1	.	protein_coding		
ENSSSAG00000049654	ssa23	.	lncRNA		
ENSSSAG00000049658	AGKD04226726.1	.	ribozyme	RNaseP_nuc	Nuclear RNase P [Source:RFAM%3BAcc:RF00009]
ENSSSAG00000049659	ssa12	.	lncRNA		
ENSSSAG00000049661	AGKD04226726.1	.	ribozyme	RNaseP_nuc	Nuclear RNase P [Source:RFAM%3BAcc:RF00009]
ENSSSAG00000049665	AGKD04226733.1	.	protein_coding		
ENSSSAG00000049669	AGKD04226740.1	.	snoRNA	U3	Small nucleolar RNA U3 [Source:RFAM%3BAcc:RF00012]
ENSSSAG00000049670	AGKD04226772.1	.	snRNA	U1	U1 spliceosomal RNA [Source:RFAM%3BAcc:RF00003]
ENSSSAG00000049674	AGKD04226785.1	.	protein_coding		
ENSSSAG00000049680	AGKD04226828.1	.	protein_coding		
ENSSSAG00000049681	ssa14	.	pseudogene		
ENSSSAG00000049699	AGKD04226973.1	.	protein_coding		
ENSSSAG00000049701	AGKD04227040.1	.	protein_coding		
ENSSSAG00000049705	AGKD04227043.1	.	snRNA	U4	U4 spliceosomal RNA [Source:RFAM%3BAcc:RF00015]
ENSSSAG00000049709	AGKD04227043.1	.	snRNA	U4	U4 spliceosomal RNA [Source:RFAM%3BAcc:RF00015]
ENSSSAG00000049710	AGKD04227117.1	.	snRNA	U5	U5 spliceosomal RNA [Source:RFAM%3BAcc:RF00020]
ENSSSAG00000049716	ssa02	.	protein_coding	tbce	tubulin folding cofactor E [Source:NCBI gene%3BAcc:664760]
ENSSSAG00000049722	AGKD04227241.1	.	misc_RNA	Metazoa_SRP	Metazoan signal recognition particle RNA [Source:RFAM%3BAcc:RF00017]
ENSSSAG00000049727	ssa14	.	pseudogene		
ENSSSAG00000049759	ssa19	.	miRNA	ssa-mir-7552a-1	ssa-mir-7552a-1 [Source:miRBase%3BAcc:MI0026788]
ENSSSAG00000049767	ssa10	.	lncRNA		
ENSSSAG00000049769	ssa13	.	snRNA	U7	U7 small nuclear RNA [Source:RFAM%3BAcc:RF00066]
ENSSSAG00000049770	ssa06	.	lncRNA		uncharacterized LOC106606831 [Source:NCBI gene%3BAcc:106606831]
ENSSSAG00000049775	ssa06	.	snRNA	U5	U5 spliceosomal RNA [Source:RFAM%3BAcc:RF00020]
ENSSSAG00000049777	ssa06	.	snRNA	U2	U2 spliceosomal RNA [Source:RFAM%3BAcc:RF00004]
ENSSSAG00000049785	ssa15	.	pseudogene		
ENSSSAG00000049808	ssa04	.	lncRNA		
ENSSSAG00000049834	AGKD04701260.1	.	snRNA	U2	U2 spliceosomal RNA [Source:RFAM%3BAcc:RF00004]
ENSSSAG00000049842	AGKD04701409.1	.	snRNA	U5	U5 spliceosomal RNA [Source:RFAM%3BAcc:RF00020]
ENSSSAG00000049860	AGKD04701691.1	.	protein_coding		
ENSSSAG00000049863	ssa12	.	snoRNA		small nucleolar RNA%2C C/D box 57 [Source:HGNC Symbol%3BAcc:HGNC:10207]
ENSSSAG00000049865	ssa12	.	snoRNA		
ENSSSAG00000049871	AGKD04701826.1	.	protein_coding		
ENSSSAG00000049875	AGKD04701835.1	.	snRNA	U6	U6 spliceosomal RNA [Source:RFAM%3BAcc:RF00026]
ENSSSAG00000049876	AGKD04701840.1	.	snRNA	U2	U2 spliceosomal RNA [Source:RFAM%3BAcc:RF00004]
ENSSSAG00000049891	AGKD04702257.1	.	snRNA	U5	U5 spliceosomal RNA [Source:RFAM%3BAcc:RF00020]
ENSSSAG00000049898	AGKD04702650.1	.	snRNA	U5	U5 spliceosomal RNA [Source:RFAM%3BAcc:RF00020]
ENSSSAG00000049901	ssa25	.	pseudogene		
ENSSSAG00000049906	AGKD04703016.1	.	snRNA	U5	U5 spliceosomal RNA [Source:RFAM%3BAcc:RF00020]
ENSSSAG00000049908	AGKD04703060.1	.	snRNA	U2	U2 spliceosomal RNA [Source:RFAM%3BAcc:RF00004]
ENSSSAG00000049912	AGKD04703072.1	.	snRNA	U5	U5 spliceosomal RNA [Source:RFAM%3BAcc:RF00020]
ENSSSAG00000049913	AGKD04703072.1	.	snRNA	U2	U2 spliceosomal RNA [Source:RFAM%3BAcc:RF00004]
ENSSSAG00000049920	AGKD04703130.1	.	pseudogene		
ENSSSAG00000049932	AGKD04703216.1	.	protein_coding		
ENSSSAG00000049954	AGKD04703621.1	.	protein_coding		
ENSSSAG00000049957	AGKD04703670.1	.	snRNA	U1	U1 spliceosomal RNA [Source:RFAM%3BAcc:RF00003]
ENSSSAG00000049963	AGKD04704001.1	.	protein_coding		
ENSSSAG00000049975	AGKD04704689.1	.	protein_coding		
ENSSSAG00000049987	ssa25	.	protein_coding		uncharacterized LOC106586872 [Source:NCBI gene%3BAcc:106586872]
ENSSSAG00000049993	ssa06	.	lncRNA		
ENSSSAG00000049994	ssa16	.	miRNA	ssa-mir-26b	ssa-mir-26b [Source:miRBase%3BAcc:MI0026655]
ENSSSAG00000049995	AGKD04705128.1	.	protein_coding		
ENSSSAG00000049996	AGKD04619759.1	.	snRNA	U5	U5 spliceosomal RNA [Source:RFAM%3BAcc:RF00020]
ENSSSAG00000049999	AGKD04619882.1	.	pseudogene		
ENSSSAG00000050002	AGKD04705431.1	.	miRNA	ssa-mir-193	ssa-mir-193 [Source:miRBase%3BAcc:MI0026554]
ENSSSAG00000050003	ssa10	.	lncRNA		
ENSSSAG00000050008	AGKD04705431.1	.	miRNA	MIR365A	microRNA 365a [Source:HGNC Symbol%3BAcc:HGNC:33692]
ENSSSAG00000050016	AGKD04620011.1	.	snRNA	U4	U4 spliceosomal RNA [Source:RFAM%3BAcc:RF00015]
ENSSSAG00000050018	AGKD04705487.1	.	pseudogene		
ENSSSAG00000050019	ssa06	.	lncRNA		
ENSSSAG00000050022	AGKD04705505.1	.	protein_coding		
ENSSSAG00000050028	AGKD04705509.1	.	snRNA	U5	U5 spliceosomal RNA [Source:RFAM%3BAcc:RF00020]
ENSSSAG00000050032	ssa26	.	lncRNA		
ENSSSAG00000050036	ssa26	.	lncRNA		
ENSSSAG00000050039	AGKD04705783.1	.	snRNA	U4	U4 spliceosomal RNA [Source:RFAM%3BAcc:RF00015]
ENSSSAG00000050041	AGKD04620502.1	.	snoRNA	U3	Small nucleolar RNA U3 [Source:RFAM%3BAcc:RF00012]
ENSSSAG00000050042	AGKD04705840.1	.	snRNA	U5	U5 spliceosomal RNA [Source:RFAM%3BAcc:RF00020]
ENSSSAG00000050043	AGKD04705879.1	.	snRNA	U2	U2 spliceosomal RNA [Source:RFAM%3BAcc:RF00004]
ENSSSAG00000050045	AGKD04620550.1	.	protein_coding		
ENSSSAG00000050052	ssa21	.	pseudogene		
ENSSSAG00000050055	ssa26	.	protein_coding	LMO1	LIM domain only 1 [Source:HGNC Symbol%3BAcc:HGNC:6641]
ENSSSAG00000050059	AGKD04706286.1	.	protein_coding		
ENSSSAG00000050069	AGKD04621015.1	.	snRNA	U2	U2 spliceosomal RNA [Source:RFAM%3BAcc:RF00004]
ENSSSAG00000050070	AGKD04706429.1	.	snRNA	U1	U1 spliceosomal RNA [Source:RFAM%3BAcc:RF00003]
ENSSSAG00000050072	AGKD04621047.1	.	snRNA	U2	U2 spliceosomal RNA [Source:RFAM%3BAcc:RF00004]
ENSSSAG00000050073	AGKD04706494.1	.	snRNA	U6	U6 spliceosomal RNA [Source:RFAM%3BAcc:RF00026]
ENSSSAG00000050089	AGKD04621374.1	.	protein_coding		
ENSSSAG00000050094	AGKD04706910.1	.	snRNA	U4	U4 spliceosomal RNA [Source:RFAM%3BAcc:RF00015]
ENSSSAG00000050101	AGKD04707329.1	.	snRNA	U1	U1 spliceosomal RNA [Source:RFAM%3BAcc:RF00003]
ENSSSAG00000050102	ssa09	.	lncRNA		
ENSSSAG00000050110	ssa14	.	lncRNA		
ENSSSAG00000050121	ssa01	.	lncRNA		
ENSSSAG00000050125	AGKD04708222.1	.	protein_coding		
ENSSSAG00000050126	AGKD04621614.1	.	snRNA	U2	U2 spliceosomal RNA [Source:RFAM%3BAcc:RF00004]
ENSSSAG00000050127	AGKD04621614.1	.	snRNA	U5	U5 spliceosomal RNA [Source:RFAM%3BAcc:RF00020]
ENSSSAG00000050129	AGKD04708230.1	.	snRNA	U1	U1 spliceosomal RNA [Source:RFAM%3BAcc:RF00003]
ENSSSAG00000050138	AGKD04621782.1	.	pseudogene		
ENSSSAG00000050140	ssa24	.	protein_coding	klf9	Krueppel-like factor 9 [Source:NCBI gene%3BAcc:106585715]
ENSSSAG00000050146	AGKD04708662.1	.	snRNA	U5	U5 spliceosomal RNA [Source:RFAM%3BAcc:RF00020]
ENSSSAG00000050150	AGKD04709099.1	.	snRNA	U2	U2 spliceosomal RNA [Source:RFAM%3BAcc:RF00004]
ENSSSAG00000050152	ssa26	.	snoRNA		
ENSSSAG00000050153	ssa09	.	lncRNA		interaptin-like [Source:NCBI gene%3BAcc:106611218]
ENSSSAG00000050154	AGKD04709099.1	.	snRNA	U5	U5 spliceosomal RNA [Source:RFAM%3BAcc:RF00020]
ENSSSAG00000050156	AGKD04709158.1	.	pseudogene		
ENSSSAG00000050166	AGKD04709265.1	.	snRNA	U5	U5 spliceosomal RNA [Source:RFAM%3BAcc:RF00020]
ENSSSAG00000050174	AGKD04621967.1	.	snRNA	U5	U5 spliceosomal RNA [Source:RFAM%3BAcc:RF00020]
ENSSSAG00000050177	ssa21	.	lncRNA		
ENSSSAG00000050178	ssa21	.	lncRNA		
ENSSSAG00000050182	ssa21	.	protein_coding		small ubiquitin-related modifier 1 [Source:NCBI gene%3BAcc:106582552]
ENSSSAG00000050184	AGKD04622336.1	.	snRNA	U5	U5 spliceosomal RNA [Source:RFAM%3BAcc:RF00020]
ENSSSAG00000050186	ssa11	.	protein_coding	esrp2	epithelial splicing regulatory protein 2-like [Source:NCBI gene%3BAcc:106562415]
ENSSSAG00000050187	AGKD04622336.1	.	snRNA	U2	U2 spliceosomal RNA [Source:RFAM%3BAcc:RF00004]
ENSSSAG00000050188	AGKD04622419.1	.	snRNA	U2	U2 spliceosomal RNA [Source:RFAM%3BAcc:RF00004]
ENSSSAG00000050199	ssa21	.	lncRNA		
ENSSSAG00000050201	AGKD04622958.1	.	snRNA	U5	U5 spliceosomal RNA [Source:RFAM%3BAcc:RF00020]
ENSSSAG00000050206	AGKD04110514.1	.	protein_coding		
ENSSSAG00000050208	AGKD04623159.1	.	pseudogene		
ENSSSAG00000050211	AGKD04110525.1	.	protein_coding		
ENSSSAG00000050212	ssa09	.	lncRNA		
ENSSSAG00000050218	ssa21	.	lncRNA		
ENSSSAG00000050219	AGKD04623346.1	.	snRNA	U2	U2 spliceosomal RNA [Source:RFAM%3BAcc:RF00004]
ENSSSAG00000050228	ssa26	.	snoRNA		
ENSSSAG00000050231	ssa26	.	snoRNA		
ENSSSAG00000050234	AGKD04623504.1	.	pseudogene		
ENSSSAG00000050235	AGKD04110746.1	.	protein_coding		
ENSSSAG00000050239	AGKD04110746.1	.	rRNA	5_8S_rRNA	5.8S ribosomal RNA [Source:RFAM%3BAcc:RF00002]
ENSSSAG00000050240	AGKD04623513.1	.	snRNA	U1	U1 spliceosomal RNA [Source:RFAM%3BAcc:RF00003]
ENSSSAG00000050241	AGKD04110776.1	.	snRNA	U5	U5 spliceosomal RNA [Source:RFAM%3BAcc:RF00020]
ENSSSAG00000050249	AGKD04742897.1	.	snRNA	U5	U5 spliceosomal RNA [Source:RFAM%3BAcc:RF00020]
ENSSSAG00000050254	AGKD04623754.1	.	snRNA	U2	U2 spliceosomal RNA [Source:RFAM%3BAcc:RF00004]
ENSSSAG00000050255	AGKD04743096.1	.	snRNA	U5	U5 spliceosomal RNA [Source:RFAM%3BAcc:RF00020]
ENSSSAG00000050257	AGKD04110834.1	.	protein_coding		
ENSSSAG00000050258	AGKD04743502.1	.	protein_coding		
ENSSSAG00000050263	AGKD04623898.1	.	protein_coding		
ENSSSAG00000050267	AGKD04743594.1	.	snRNA	U5	U5 spliceosomal RNA [Source:RFAM%3BAcc:RF00020]
ENSSSAG00000050269	AGKD04623937.1	.	protein_coding		
ENSSSAG00000050270	AGKD04743594.1	.	snRNA	U2	U2 spliceosomal RNA [Source:RFAM%3BAcc:RF00004]
ENSSSAG00000050272	AGKD04743676.1	.	protein_coding		
ENSSSAG00000050273	AGKD04110911.1	.	protein_coding		
ENSSSAG00000050276	AGKD04110911.1	.	pseudogene		
ENSSSAG00000050291	AGKD04743903.1	.	snRNA	U5	U5 spliceosomal RNA [Source:RFAM%3BAcc:RF00020]
ENSSSAG00000050293	AGKD04624131.1	.	protein_coding		
ENSSSAG00000050296	AGKD04743947.1	.	protein_coding	CTSS	cathepsin S [Source:HGNC Symbol%3BAcc:HGNC:2545]
ENSSSAG00000050298	ssa03	.	lncRNA		
ENSSSAG00000050300	AGKD04624137.1	.	protein_coding		
ENSSSAG00000050313	AGKD04624389.1	.	protein_coding		
ENSSSAG00000050327	AGKD04624555.1	.	protein_coding		
ENSSSAG00000050338	AGKD04624803.1	.	snRNA	U2	U2 spliceosomal RNA [Source:RFAM%3BAcc:RF00004]
ENSSSAG00000050342	AGKD04745211.1	.	snRNA	U6	U6 spliceosomal RNA [Source:RFAM%3BAcc:RF00026]
ENSSSAG00000050345	AGKD04745767.1	.	snRNA	U2	U2 spliceosomal RNA [Source:RFAM%3BAcc:RF00004]
ENSSSAG00000050351	AGKD04745851.1	.	snRNA	U2	U2 spliceosomal RNA [Source:RFAM%3BAcc:RF00004]
ENSSSAG00000050356	AGKD04111048.1	.	protein_coding		
ENSSSAG00000050357	ssa03	.	lncRNA		
ENSSSAG00000050359	AGKD04111054.1	.	protein_coding		
ENSSSAG00000050361	ssa05	.	lncRNA		
ENSSSAG00000050362	AGKD04746662.1	.	pseudogene		
ENSSSAG00000050363	ssa05	.	lncRNA		
ENSSSAG00000050375	AGKD04747226.1	.	snRNA	U5	U5 spliceosomal RNA [Source:RFAM%3BAcc:RF00020]
ENSSSAG00000050379	AGKD04625029.1	.	snRNA	U4	U4 spliceosomal RNA [Source:RFAM%3BAcc:RF00015]
ENSSSAG00000050381	AGKD04747249.1	.	snRNA	U1	U1 spliceosomal RNA [Source:RFAM%3BAcc:RF00003]
ENSSSAG00000050384	AGKD04625083.1	.	snRNA	U2	U2 spliceosomal RNA [Source:RFAM%3BAcc:RF00004]
ENSSSAG00000050386	AGKD04747286.1	.	protein_coding		
ENSSSAG00000050392	ssa03	.	lncRNA		
ENSSSAG00000050395	ssa03	.	lncRNA		
ENSSSAG00000050401	ssa01	.	snoRNA		
ENSSSAG00000050405	ssa01	.	snoRNA		
ENSSSAG00000050413	AGKD04747604.1	.	snRNA	U5	U5 spliceosomal RNA [Source:RFAM%3BAcc:RF00020]
ENSSSAG00000050416	AGKD04747691.1	.	snRNA	U6	U6 spliceosomal RNA [Source:RFAM%3BAcc:RF00026]
ENSSSAG00000050419	AGKD04747876.1	.	snRNA	U5	U5 spliceosomal RNA [Source:RFAM%3BAcc:RF00020]
ENSSSAG00000050424	AGKD04747963.1	.	pseudogene		
ENSSSAG00000050430	AGKD04355236.1	.	protein_coding		
ENSSSAG00000050431	AGKD04111199.1	.	snRNA	U5	U5 spliceosomal RNA [Source:RFAM%3BAcc:RF00020]
ENSSSAG00000050434	AGKD04355273.1	.	protein_coding		
ENSSSAG00000050435	AGKD04111225.1	.	protein_coding		
ENSSSAG00000050438	AGKD04748160.1	.	snRNA	U5	U5 spliceosomal RNA [Source:RFAM%3BAcc:RF00020]
ENSSSAG00000050448	AGKD04355362.1	.	protein_coding		
ENSSSAG00000050451	ssa03	.	lncRNA		testis expressed 33 [Source:NCBI gene%3BAcc:106600974]
ENSSSAG00000050454	AGKD04748348.1	.	snRNA	U2	U2 spliceosomal RNA [Source:RFAM%3BAcc:RF00004]
ENSSSAG00000050457	AGKD04355397.1	.	snRNA	U1	U1 spliceosomal RNA [Source:RFAM%3BAcc:RF00003]
ENSSSAG00000050459	ssa10	.	pseudogene		
ENSSSAG00000050460	AGKD04748400.1	.	protein_coding		
ENSSSAG00000050471	AGKD04355484.1	.	protein_coding		
ENSSSAG00000050479	AGKD04355492.1	.	snRNA	U5	U5 spliceosomal RNA [Source:RFAM%3BAcc:RF00020]
ENSSSAG00000050482	AGKD04355492.1	.	snRNA	U2	U2 spliceosomal RNA [Source:RFAM%3BAcc:RF00004]
ENSSSAG00000050484	AGKD04749365.1	.	protein_coding		
ENSSSAG00000050485	AGKD04355734.1	.	snoRNA		
ENSSSAG00000050489	AGKD04355734.1	.	snoRNA	U3	Small nucleolar RNA U3 [Source:RFAM%3BAcc:RF00012]
ENSSSAG00000050490	AGKD04749422.1	.	snRNA	U1	U1 spliceosomal RNA [Source:RFAM%3BAcc:RF00003]
ENSSSAG00000050492	AGKD04355798.1	.	snRNA	U5	U5 spliceosomal RNA [Source:RFAM%3BAcc:RF00020]
ENSSSAG00000050494	AGKD04749439.1	.	snoRNA		
ENSSSAG00000050495	AGKD04111341.1	.	protein_coding		
ENSSSAG00000050507	ssa07	.	lncRNA		
ENSSSAG00000050508	AGKD04749507.1	.	snRNA	U2	U2 spliceosomal RNA [Source:RFAM%3BAcc:RF00004]
ENSSSAG00000050518	AGKD04111357.1	.	snRNA	U1	U1 spliceosomal RNA [Source:RFAM%3BAcc:RF00003]
ENSSSAG00000050525	AGKD04749961.1	.	snRNA	U2	U2 spliceosomal RNA [Source:RFAM%3BAcc:RF00004]
ENSSSAG00000050534	AGKD04111501.1	.	snoRNA	U3	Small nucleolar RNA U3 [Source:RFAM%3BAcc:RF00012]
ENSSSAG00000050537	AGKD04750666.1	.	snRNA	U1	U1 spliceosomal RNA [Source:RFAM%3BAcc:RF00003]
ENSSSAG00000050540	AGKD04356079.1	.	protein_coding		
ENSSSAG00000050544	ssa15	.	lncRNA		
ENSSSAG00000050546	AGKD04356093.1	.	snRNA	U5	U5 spliceosomal RNA [Source:RFAM%3BAcc:RF00020]
ENSSSAG00000050549	AGKD04356144.1	.	snRNA	U2	U2 spliceosomal RNA [Source:RFAM%3BAcc:RF00004]
ENSSSAG00000050551	AGKD04751340.1	.	snRNA	U5	U5 spliceosomal RNA [Source:RFAM%3BAcc:RF00020]
ENSSSAG00000050555	AGKD04356148.1	.	protein_coding		
ENSSSAG00000050557	AGKD04751873.1	.	protein_coding		
ENSSSAG00000050562	AGKD04751916.1	.	snoRNA	U3	Small nucleolar RNA U3 [Source:RFAM%3BAcc:RF00012]
ENSSSAG00000050563	ssa07	.	lncRNA		plexin-C1-like [Source:NCBI gene%3BAcc:106609291]
ENSSSAG00000050569	AGKD04752101.1	.	snRNA	U2	U2 spliceosomal RNA [Source:RFAM%3BAcc:RF00004]
ENSSSAG00000050575	ssa22	.	snRNA	U7	U7 small nuclear RNA [Source:RFAM%3BAcc:RF00066]
ENSSSAG00000050576	ssa01	.	lncRNA		
ENSSSAG00000050577	AGKD04356309.1	.	protein_coding		
ENSSSAG00000050580	AGKD04752221.1	.	snRNA	U1	U1 spliceosomal RNA [Source:RFAM%3BAcc:RF00003]
ENSSSAG00000050584	AGKD04356457.1	.	protein_coding		
ENSSSAG00000050589	AGKD04356473.1	.	snRNA	U1	U1 spliceosomal RNA [Source:RFAM%3BAcc:RF00003]
ENSSSAG00000050604	AGKD04356639.1	.	snRNA	U1	U1 spliceosomal RNA [Source:RFAM%3BAcc:RF00003]
ENSSSAG00000050607	AGKD04356668.1	.	protein_coding		
ENSSSAG00000050612	ssa27	.	lncRNA		
ENSSSAG00000050615	AGKD04753053.1	.	snoRNA		
ENSSSAG00000050616	AGKD04753053.1	.	snoRNA		
ENSSSAG00000050617	AGKD04356759.1	.	protein_coding		
ENSSSAG00000050626	AGKD04356771.1	.	protein_coding		
ENSSSAG00000050634	ssa19	.	lncRNA		uncharacterized LOC106579518 [Source:NCBI gene%3BAcc:106579518]
ENSSSAG00000050641	AGKD04356904.1	.	snRNA	U4	U4 spliceosomal RNA [Source:RFAM%3BAcc:RF00015]
ENSSSAG00000050647	ssa01	.	pseudogene		
ENSSSAG00000050653	AGKD04356948.1	.	snRNA	U1	U1 spliceosomal RNA [Source:RFAM%3BAcc:RF00003]
ENSSSAG00000050656	AGKD04356975.1	.	protein_coding		actin%2C beta 2 [Source:NCBI gene%3BAcc:57935]
ENSSSAG00000050659	AGKD04357080.1	.	protein_coding		
ENSSSAG00000050682	AGKD04357272.1	.	protein_coding		
ENSSSAG00000050686	ssa09	.	lncRNA		
ENSSSAG00000050688	AGKD04357352.1	.	snRNA	U2	U2 spliceosomal RNA [Source:RFAM%3BAcc:RF00004]
ENSSSAG00000050693	ssa25	.	rRNA	5_8S_rRNA	5.8S ribosomal RNA [Source:RFAM%3BAcc:RF00002]
ENSSSAG00000050697	ssa25	.	rRNA		
ENSSSAG00000050714	AGKD04357821.1	.	protein_coding		
ENSSSAG00000050719	AGKD04357875.1	.	protein_coding		
ENSSSAG00000050731	AGKD04357937.1	.	snRNA	U5	U5 spliceosomal RNA [Source:RFAM%3BAcc:RF00020]
ENSSSAG00000050733	AGKD04358043.1	.	snRNA	U6	U6 spliceosomal RNA [Source:RFAM%3BAcc:RF00026]
ENSSSAG00000050782	ssa02	.	protein_coding	zgc:114181	cytosolic non-specific dipeptidase-like [Source:NCBI gene%3BAcc:106579285]
ENSSSAG00000050796	ssa13	.	pseudogene		
ENSSSAG00000050803	ssa25	.	pseudogene		
ENSSSAG00000050818	ssa19	.	miRNA	MIR124-2	microRNA 124-2 [Source:HGNC Symbol%3BAcc:HGNC:31503]
ENSSSAG00000050822	ssa25	.	pseudogene		
ENSSSAG00000050826	ssa04	.	lncRNA		
ENSSSAG00000050828	ssa04	.	lncRNA		uncharacterized LOC106603828 [Source:NCBI gene%3BAcc:106603828]
ENSSSAG00000050834	AGKD04792903.1	.	protein_coding		
ENSSSAG00000050840	AGKD04793182.1	.	protein_coding		
ENSSSAG00000050842	AGKD04793189.1	.	pseudogene		
ENSSSAG00000050844	ssa09	.	snoRNA		
ENSSSAG00000050846	AGKD04793356.1	.	protein_coding		
ENSSSAG00000050858	AGKD04794726.1	.	snRNA	U5	U5 spliceosomal RNA [Source:RFAM%3BAcc:RF00020]
ENSSSAG00000050859	AGKD04794793.1	.	snRNA	U2	U2 spliceosomal RNA [Source:RFAM%3BAcc:RF00004]
ENSSSAG00000050866	AGKD04795693.1	.	snRNA	U2	U2 spliceosomal RNA [Source:RFAM%3BAcc:RF00004]
ENSSSAG00000050868	AGKD04795895.1	.	snRNA	U1	U1 spliceosomal RNA [Source:RFAM%3BAcc:RF00003]
ENSSSAG00000050871	AGKD04795967.1	.	snRNA	U5	U5 spliceosomal RNA [Source:RFAM%3BAcc:RF00020]
ENSSSAG00000050873	AGKD04795991.1	.	protein_coding		
ENSSSAG00000050875	AGKD04796023.1	.	snRNA	U2	U2 spliceosomal RNA [Source:RFAM%3BAcc:RF00004]
ENSSSAG00000050877	AGKD04796226.1	.	snRNA	U4	U4 spliceosomal RNA [Source:RFAM%3BAcc:RF00015]
ENSSSAG00000050880	AGKD04796287.1	.	snRNA	U2	U2 spliceosomal RNA [Source:RFAM%3BAcc:RF00004]
ENSSSAG00000050885	AGKD04796723.1	.	protein_coding		
ENSSSAG00000050893	ssa14	.	lncRNA		
ENSSSAG00000050896	ssa14	.	lncRNA		uncharacterized LOC106569469 [Source:NCBI gene%3BAcc:106569469]
ENSSSAG00000050898	AGKD04797644.1	.	protein_coding		
ENSSSAG00000050901	AGKD04798046.1	.	protein_coding	vma21	vacuolar ATPase assembly factor VMA21 [Source:NCBI gene%3BAcc:100307085]
ENSSSAG00000050916	AGKD04798865.1	.	snRNA	U5	U5 spliceosomal RNA [Source:RFAM%3BAcc:RF00020]
ENSSSAG00000050919	ssa03	.	protein_coding		myosin light chain 4-like [Source:NCBI gene%3BAcc:106600870]
ENSSSAG00000050931	AGKD04799285.1	.	pseudogene		
ENSSSAG00000050935	ssa16	.	lncRNA		
ENSSSAG00000050946	AGKD04799981.1	.	snRNA	U2	U2 spliceosomal RNA [Source:RFAM%3BAcc:RF00004]
ENSSSAG00000050957	AGKD04800140.1	.	snRNA	U5	U5 spliceosomal RNA [Source:RFAM%3BAcc:RF00020]
ENSSSAG00000050958	ssa06	.	misc_RNA	Metazoa_SRP	Metazoan signal recognition particle RNA [Source:RFAM%3BAcc:RF00017]
ENSSSAG00000050963	AGKD04716211.1	.	pseudogene		
ENSSSAG00000050965	ssa13	.	snoRNA	SNORD14	Small nucleolar RNA SNORD14 [Source:RFAM%3BAcc:RF00016]
ENSSSAG00000050969	AGKD04800510.1	.	snRNA	U5	U5 spliceosomal RNA [Source:RFAM%3BAcc:RF00020]
ENSSSAG00000050970	ssa13	.	snoRNA	SNORD14	Small nucleolar RNA SNORD14 [Source:RFAM%3BAcc:RF00016]
ENSSSAG00000050972	ssa13	.	snoRNA	SNORD14	Small nucleolar RNA SNORD14 [Source:RFAM%3BAcc:RF00016]
ENSSSAG00000050973	AGKD04800563.1	.	snRNA	U5	U5 spliceosomal RNA [Source:RFAM%3BAcc:RF00020]
ENSSSAG00000050980	AGKD04716463.1	.	misc_RNA	Metazoa_SRP	Metazoan signal recognition particle RNA [Source:RFAM%3BAcc:RF00017]
ENSSSAG00000050982	AGKD04800890.1	.	protein_coding		
ENSSSAG00000050986	AGKD04716666.1	.	protein_coding		
ENSSSAG00000050991	AGKD04800985.1	.	snRNA	U2	U2 spliceosomal RNA [Source:RFAM%3BAcc:RF00004]
ENSSSAG00000050999	AGKD04801158.1	.	snoRNA		
ENSSSAG00000051002	AGKD04801158.1	.	snoRNA	U3	Small nucleolar RNA U3 [Source:RFAM%3BAcc:RF00012]
ENSSSAG00000051003	AGKD04717168.1	.	protein_coding		H3 clustered histone 15 [Source:HGNC Symbol%3BAcc:HGNC:20505]
ENSSSAG00000051004	AGKD04801247.1	.	snRNA	U2	U2 spliceosomal RNA [Source:RFAM%3BAcc:RF00004]
ENSSSAG00000051011	AGKD04801936.1	.	snRNA	U5	U5 spliceosomal RNA [Source:RFAM%3BAcc:RF00020]
ENSSSAG00000051012	AGKD04717327.1	.	snRNA	U6	U6 spliceosomal RNA [Source:RFAM%3BAcc:RF00026]
ENSSSAG00000051019	AGKD04717853.1	.	protein_coding		
ENSSSAG00000051025	AGKD04802785.1	.	protein_coding		
ENSSSAG00000051027	AGKD04718004.1	.	protein_coding		
ENSSSAG00000051029	AGKD04802842.1	.	snRNA	U2	U2 spliceosomal RNA [Source:RFAM%3BAcc:RF00004]
ENSSSAG00000051030	AGKD04718151.1	.	snRNA	U5	U5 spliceosomal RNA [Source:RFAM%3BAcc:RF00020]
ENSSSAG00000051032	AGKD04718292.1	.	snRNA	U4	U4 spliceosomal RNA [Source:RFAM%3BAcc:RF00015]
ENSSSAG00000051033	AGKD04802941.1	.	miRNA	ssa-mir-125a-1	ssa-mir-125a-1 [Source:miRBase%3BAcc:MI0026452]
ENSSSAG00000051034	AGKD04718691.1	.	snRNA	U2	U2 spliceosomal RNA [Source:RFAM%3BAcc:RF00004]
ENSSSAG00000051038	AGKD04803247.1	.	snRNA	U6	U6 spliceosomal RNA [Source:RFAM%3BAcc:RF00026]
ENSSSAG00000051054	AGKD04803785.1	.	pseudogene		
ENSSSAG00000051064	AGKD04719206.1	.	protein_coding		
ENSSSAG00000051076	AGKD04719555.1	.	pseudogene		
ENSSSAG00000051079	AGKD04804318.1	.	protein_coding		
ENSSSAG00000051085	AGKD04719782.1	.	snRNA	U5	U5 spliceosomal RNA [Source:RFAM%3BAcc:RF00020]
ENSSSAG00000051087	AGKD04804714.1	.	snRNA	U5	U5 spliceosomal RNA [Source:RFAM%3BAcc:RF00020]
ENSSSAG00000051096	AGKD04720003.1	.	pseudogene		
ENSSSAG00000051098	AGKD04804938.1	.	snRNA	U5	U5 spliceosomal RNA [Source:RFAM%3BAcc:RF00020]
ENSSSAG00000051099	AGKD04138701.1	.	protein_coding		
ENSSSAG00000051100	AGKD04720107.1	.	snoRNA	SNORA71	Small nucleolar RNA SNORA71 [Source:RFAM%3BAcc:RF00056]
ENSSSAG00000051102	AGKD04720169.1	.	snRNA	U1	U1 spliceosomal RNA [Source:RFAM%3BAcc:RF00003]
ENSSSAG00000051112	AGKD04720327.1	.	snRNA	U1	U1 spliceosomal RNA [Source:RFAM%3BAcc:RF00003]
ENSSSAG00000051113	ssa13	.	lncRNA		
ENSSSAG00000051125	AGKD04720441.1	.	protein_coding		
ENSSSAG00000051130	AGKD04720471.1	.	snRNA	U5	U5 spliceosomal RNA [Source:RFAM%3BAcc:RF00020]
ENSSSAG00000051133	AGKD04720471.1	.	snRNA	U2	U2 spliceosomal RNA [Source:RFAM%3BAcc:RF00004]
ENSSSAG00000051139	ssa06	.	misc_RNA	Metazoa_SRP	Metazoan signal recognition particle RNA [Source:RFAM%3BAcc:RF00017]
ENSSSAG00000051145	AGKD04720532.1	.	snRNA	U5	U5 spliceosomal RNA [Source:RFAM%3BAcc:RF00020]
ENSSSAG00000051159	AGKD04720950.1	.	protein_coding		
ENSSSAG00000051170	AGKD04721084.1	.	snRNA	U5	U5 spliceosomal RNA [Source:RFAM%3BAcc:RF00020]
ENSSSAG00000051171	AGKD04139028.1	.	snRNA	U2	U2 spliceosomal RNA [Source:RFAM%3BAcc:RF00004]
ENSSSAG00000051174	AGKD04139028.1	.	snRNA	U5	U5 spliceosomal RNA [Source:RFAM%3BAcc:RF00020]
ENSSSAG00000051178	AGKD04722065.1	.	snRNA	U1	U1 spliceosomal RNA [Source:RFAM%3BAcc:RF00003]
ENSSSAG00000051181	AGKD04722128.1	.	snRNA	U1	U1 spliceosomal RNA [Source:RFAM%3BAcc:RF00003]
ENSSSAG00000051188	AGKD04722171.1	.	protein_coding	GDNF	glial cell derived neurotrophic factor [Source:HGNC Symbol%3BAcc:HGNC:4232]
ENSSSAG00000051205	AGKD04722385.1	.	miRNA	ssa-mir-15e	ssa-mir-15e [Source:miRBase%3BAcc:MI0026527]
ENSSSAG00000051218	ssa22	.	protein_coding	cidec	cell death activator CIDE-3-like [Source:NCBI gene%3BAcc:106582932]
ENSSSAG00000051232	AGKD04139618.1	.	snRNA	U1	U1 spliceosomal RNA [Source:RFAM%3BAcc:RF00003]
ENSSSAG00000051233	AGKD04723736.1	.	snRNA	U2	U2 spliceosomal RNA [Source:RFAM%3BAcc:RF00004]
ENSSSAG00000051241	AGKD04723922.1	.	snRNA	U1	U1 spliceosomal RNA [Source:RFAM%3BAcc:RF00003]
ENSSSAG00000051244	AGKD04724076.1	.	protein_coding		
ENSSSAG00000051248	AGKD04724150.1	.	snRNA	U7	U7 small nuclear RNA [Source:RFAM%3BAcc:RF00066]
ENSSSAG00000051253	AGKD04724186.1	.	snRNA	U6	U6 spliceosomal RNA [Source:RFAM%3BAcc:RF00026]
ENSSSAG00000051255	AGKD04724425.1	.	snRNA	U5	U5 spliceosomal RNA [Source:RFAM%3BAcc:RF00020]
ENSSSAG00000051263	AGKD04724760.1	.	snRNA	U1	U1 spliceosomal RNA [Source:RFAM%3BAcc:RF00003]
ENSSSAG00000051267	AGKD04724782.1	.	protein_coding		
ENSSSAG00000051275	AGKD04725225.1	.	snRNA	U5	U5 spliceosomal RNA [Source:RFAM%3BAcc:RF00020]
ENSSSAG00000051283	ssa05	.	lncRNA		
ENSSSAG00000051284	AGKD04725276.1	.	pseudogene		
ENSSSAG00000051300	ssa03	.	snoRNA		
ENSSSAG00000051301	ssa03	.	snoRNA		
ENSSSAG00000051302	ssa03	.	snoRNA		
ENSSSAG00000051304	ssa03	.	snoRNA		
ENSSSAG00000051307	ssa03	.	snoRNA		
ENSSSAG00000051317	AGKD04540504.1	.	snRNA	U1	U1 spliceosomal RNA [Source:RFAM%3BAcc:RF00003]
ENSSSAG00000051320	AGKD04540585.1	.	protein_coding		
ENSSSAG00000051326	ssa05	.	protein_coding		
ENSSSAG00000051335	AGKD04541076.1	.	snRNA	U4	U4 spliceosomal RNA [Source:RFAM%3BAcc:RF00015]
ENSSSAG00000051338	AGKD04541076.1	.	snRNA	U4	U4 spliceosomal RNA [Source:RFAM%3BAcc:RF00015]
ENSSSAG00000051343	AGKD04541174.1	.	snRNA	U5	U5 spliceosomal RNA [Source:RFAM%3BAcc:RF00020]
ENSSSAG00000051346	AGKD04541174.1	.	snRNA	U2	U2 spliceosomal RNA [Source:RFAM%3BAcc:RF00004]
ENSSSAG00000051347	AGKD04541214.1	.	protein_coding		
ENSSSAG00000051352	ssa05	.	pseudogene		
ENSSSAG00000051356	AGKD04541379.1	.	protein_coding		
ENSSSAG00000051367	AGKD04541712.1	.	snRNA	U1	U1 spliceosomal RNA [Source:RFAM%3BAcc:RF00003]
ENSSSAG00000051378	AGKD04542024.1	.	snRNA	U1	U1 spliceosomal RNA [Source:RFAM%3BAcc:RF00003]
ENSSSAG00000051382	AGKD04542292.1	.	snRNA	U2	U2 spliceosomal RNA [Source:RFAM%3BAcc:RF00004]
ENSSSAG00000051383	ssa02	.	protein_coding	josd2	josephin-2-like [Source:NCBI gene%3BAcc:106575176]
ENSSSAG00000051394	AGKD04542815.1	.	snRNA	U5	U5 spliceosomal RNA [Source:RFAM%3BAcc:RF00020]
ENSSSAG00000051397	AGKD04542815.1	.	snRNA	U2	U2 spliceosomal RNA [Source:RFAM%3BAcc:RF00004]
ENSSSAG00000051401	ssa03	.	lncRNA		
ENSSSAG00000051407	AGKD04542885.1	.	snRNA	U1	U1 spliceosomal RNA [Source:RFAM%3BAcc:RF00003]
ENSSSAG00000051410	AGKD04542906.1	.	protein_coding		
ENSSSAG00000051413	AGKD04542936.1	.	protein_coding		
ENSSSAG00000051420	AGKD04542964.1	.	protein_coding		
ENSSSAG00000051422	ssa06	.	miRNA	ssa-mir-133b-2	ssa-mir-133b-2 [Source:miRBase%3BAcc:MI0026482]
ENSSSAG00000051424	AGKD04543044.1	.	protein_coding		
ENSSSAG00000051431	AGKD04543211.1	.	protein_coding		
ENSSSAG00000051441	AGKD04543240.1	.	snRNA	U4	U4 spliceosomal RNA [Source:RFAM%3BAcc:RF00015]
ENSSSAG00000051444	ssa06	.	snRNA	U7	U7 small nuclear RNA [Source:RFAM%3BAcc:RF00066]
ENSSSAG00000051447	ssa15	.	lncRNA		
ENSSSAG00000051452	ssa15	.	lncRNA		
ENSSSAG00000051469	ssa02	.	miRNA	ssa-mir-190b	ssa-mir-190b [Source:miRBase%3BAcc:MI0026550]
ENSSSAG00000051471	AGKD04544089.1	.	snoRNA		
ENSSSAG00000051473	AGKD04544089.1	.	snoRNA		
ENSSSAG00000051475	ssa05	.	lncRNA		
ENSSSAG00000051477	AGKD04544089.1	.	snoRNA		
ENSSSAG00000051494	AGKD04544302.1	.	snRNA	U2	U2 spliceosomal RNA [Source:RFAM%3BAcc:RF00004]
ENSSSAG00000051496	AGKD04544344.1	.	protein_coding		
ENSSSAG00000051500	ssa21	.	pseudogene		
ENSSSAG00000051506	AGKD04544428.1	.	snRNA	U2	U2 spliceosomal RNA [Source:RFAM%3BAcc:RF00004]
ENSSSAG00000051515	AGKD04545055.1	.	protein_coding		
ENSSSAG00000051517	AGKD04545101.1	.	protein_coding		
ENSSSAG00000051521	AGKD04545150.1	.	snRNA	U2	U2 spliceosomal RNA [Source:RFAM%3BAcc:RF00004]
ENSSSAG00000051526	AGKD04545386.1	.	protein_coding		
ENSSSAG00000051532	ssa10	.	lncRNA		
ENSSSAG00000051534	AGKD04545513.1	.	pseudogene		
ENSSSAG00000051535	ssa10	.	lncRNA		golgin subfamily A member 6-like protein 22 [Source:NCBI gene%3BAcc:106561719]
ENSSSAG00000051538	AGKD04545613.1	.	protein_coding		
ENSSSAG00000051539	ssa02	.	snoRNA		
ENSSSAG00000051543	ssa10	.	lncRNA		
ENSSSAG00000051550	AGKD04545739.1	.	snRNA	U5	U5 spliceosomal RNA [Source:RFAM%3BAcc:RF00020]
ENSSSAG00000051552	AGKD04545752.1	.	protein_coding		
ENSSSAG00000051560	AGKD04546047.1	.	protein_coding		
ENSSSAG00000051563	ssa17	.	snRNA	U4	U4 spliceosomal RNA [Source:RFAM%3BAcc:RF00015]
ENSSSAG00000051564	AGKD04546049.1	.	snRNA	U1	U1 spliceosomal RNA [Source:RFAM%3BAcc:RF00003]
ENSSSAG00000051570	AGKD04546107.1	.	protein_coding		
ENSSSAG00000051580	ssa21	.	lncRNA		
ENSSSAG00000051586	ssa17	.	pseudogene		
ENSSSAG00000051597	ssa11	.	snoRNA		
ENSSSAG00000051600	ssa11	.	snoRNA	SNORA73	Small nucleolar RNA SNORA73 family [Source:RFAM%3BAcc:RF00045]
ENSSSAG00000051604	ssa11	.	snoRNA		
ENSSSAG00000051607	ssa16	.	lncRNA		
ENSSSAG00000051608	ssa17	.	miRNA	ssa-mir-459	ssa-mir-459 [Source:miRBase%3BAcc:MI0026709]
ENSSSAG00000051610	ssa16	.	lncRNA		
ENSSSAG00000051620	ssa15	.	snoRNA	SNORA70	Small nucleolar RNA SNORA70 [Source:RFAM%3BAcc:RF00156]
ENSSSAG00000051622	ssa15	.	snoRNA	SNORA70	Small nucleolar RNA SNORA70 [Source:RFAM%3BAcc:RF00156]
ENSSSAG00000051623	ssa17	.	lncRNA		uncharacterized LOC106575595 [Source:NCBI gene%3BAcc:106575595]
ENSSSAG00000051632	ssa17	.	protein_coding		uncharacterized LOC106575578 [Source:NCBI gene%3BAcc:106575578]
ENSSSAG00000051637	ssa20	.	miRNA	ssa-mir-132-3	ssa-mir-132-3 [Source:miRBase%3BAcc:MI0026477]
ENSSSAG00000051638	ssa20	.	miRNA	ssa-mir-212b-1	ssa-mir-212b-1 [Source:miRBase%3BAcc:MI0026609]
ENSSSAG00000051644	ssa18	.	miRNA	ssa-mir-7552b	ssa-mir-7552b [Source:miRBase%3BAcc:MI0026787]
ENSSSAG00000051652	ssa05	.	lncRNA		
ENSSSAG00000051661	ssa19	.	miRNA	ssa-mir-146a-3	ssa-mir-146a-3 [Source:miRBase%3BAcc:MI0026509]
ENSSSAG00000051669	ssa17	.	protein_coding	osgep	probable tRNA N6-adenosine threonylcarbamoyltransferase [Source:NCBI gene%3BAcc:106576589]
ENSSSAG00000051675	ssa19	.	snRNA	U5	U5 spliceosomal RNA [Source:RFAM%3BAcc:RF00020]
ENSSSAG00000051676	ssa19	.	snRNA	U5	U5 spliceosomal RNA [Source:RFAM%3BAcc:RF00020]
ENSSSAG00000051677	ssa19	.	snRNA	U5	U5 spliceosomal RNA [Source:RFAM%3BAcc:RF00020]
ENSSSAG00000051680	ssa03	.	lncRNA		
ENSSSAG00000051688	ssa05	.	lncRNA		uncharacterized LOC106604891 [Source:NCBI gene%3BAcc:106604891]
ENSSSAG00000051704	ssa26	.	protein_coding	vps33b	vacuolar protein sorting-associated protein 33B [Source:NCBI gene%3BAcc:106587690]
ENSSSAG00000051712	AGKD04318652.1	.	snRNA	U5	U5 spliceosomal RNA [Source:RFAM%3BAcc:RF00020]
ENSSSAG00000051715	AGKD04318652.1	.	snRNA	U2	U2 spliceosomal RNA [Source:RFAM%3BAcc:RF00004]
ENSSSAG00000051718	ssa22	.	lncRNA		
ENSSSAG00000051719	AGKD04318739.1	.	snoRNA	U3	Small nucleolar RNA U3 [Source:RFAM%3BAcc:RF00012]
ENSSSAG00000051727	ssa17	.	miRNA	ssa-mir-26b	ssa-mir-26b [Source:miRBase%3BAcc:MI0026655]
ENSSSAG00000051728	AGKD04318830.1	.	protein_coding		
ENSSSAG00000051747	ssa17	.	protein_coding		
ENSSSAG00000051748	AGKD04319059.1	.	protein_coding		
ENSSSAG00000051758	ssa17	.	lncRNA		
ENSSSAG00000051764	AGKD04319085.1	.	protein_coding		
ENSSSAG00000051765	AGKD04319088.1	.	protein_coding		
ENSSSAG00000051768	AGKD04319102.1	.	protein_coding		
ENSSSAG00000051777	ssa17	.	protein_coding		
ENSSSAG00000051798	ssa17	.	pseudogene		
ENSSSAG00000051805	ssa17	.	miRNA	ssa-mir-222b	ssa-mir-222b [Source:miRBase%3BAcc:MI0026632]
ENSSSAG00000051810	ssa13	.	pseudogene		
ENSSSAG00000051812	ssa17	.	protein_coding		
ENSSSAG00000051813	AGKD04319706.1	.	snRNA	U5	U5 spliceosomal RNA [Source:RFAM%3BAcc:RF00020]
ENSSSAG00000051819	ssa17	.	protein_coding		
ENSSSAG00000051822	AGKD04319772.1	.	pseudogene		
ENSSSAG00000051826	AGKD04319773.1	.	protein_coding		
ENSSSAG00000051833	AGKD04319794.1	.	protein_coding		
ENSSSAG00000051844	ssa17	.	lncRNA		
ENSSSAG00000051849	ssa17	.	protein_coding		
ENSSSAG00000051850	AGKD04319957.1	.	protein_coding		
ENSSSAG00000051857	AGKD04320005.1	.	snRNA	U1	U1 spliceosomal RNA [Source:RFAM%3BAcc:RF00003]
ENSSSAG00000051876	ssa17	.	lncRNA		
ENSSSAG00000051878	AGKD04320190.1	.	pseudogene		
ENSSSAG00000051880	ssa17	.	pseudogene		
ENSSSAG00000051890	AGKD04320303.1	.	snRNA	U5	U5 spliceosomal RNA [Source:RFAM%3BAcc:RF00020]
ENSSSAG00000051894	AGKD04320303.1	.	snRNA	U2	U2 spliceosomal RNA [Source:RFAM%3BAcc:RF00004]
ENSSSAG00000051896	AGKD04320306.1	.	protein_coding		
ENSSSAG00000051901	ssa04	.	lncRNA		
ENSSSAG00000051903	AGKD04320441.1	.	snRNA	U1	U1 spliceosomal RNA [Source:RFAM%3BAcc:RF00003]
ENSSSAG00000051917	ssa04	.	miRNA	ssa-mir-8159	ssa-mir-8159 [Source:miRBase%3BAcc:MI0026783]
ENSSSAG00000051925	AGKD04320709.1	.	snRNA	U1	U1 spliceosomal RNA [Source:RFAM%3BAcc:RF00003]
ENSSSAG00000051932	AGKD04320806.1	.	protein_coding		
ENSSSAG00000051937	AGKD04320872.1	.	protein_coding		
ENSSSAG00000051943	ssa12	.	pseudogene		
ENSSSAG00000051957	AGKD04016852.1	.	protein_coding		
ENSSSAG00000051988	ssa18	.	lncRNA		
ENSSSAG00000052002	ssa18	.	lncRNA		
ENSSSAG00000052005	ssa04	.	lncRNA		
ENSSSAG00000052020	AGKD04016891.1	.	miRNA	ssa-mir-375-2	ssa-mir-375-2 [Source:miRBase%3BAcc:MI0026696]
ENSSSAG00000052035	ssa02	.	scaRNA		
ENSSSAG00000052039	ssa04	.	snoRNA		
ENSSSAG00000052050	ssa20	.	pseudogene		
ENSSSAG00000052053	ssa18	.	lncRNA		
ENSSSAG00000052056	ssa23	.	lncRNA		
ENSSSAG00000052057	AGKD04684564.1	.	snRNA	U2	U2 spliceosomal RNA [Source:RFAM%3BAcc:RF00004]
ENSSSAG00000052066	ssa18	.	lncRNA		
ENSSSAG00000052069	AGKD04684728.1	.	protein_coding		
ENSSSAG00000052070	AGKD04684813.1	.	snRNA	U6	U6 spliceosomal RNA [Source:RFAM%3BAcc:RF00026]
ENSSSAG00000052080	ssa19	.	snoRNA		
ENSSSAG00000052081	ssa11	.	lncRNA		
ENSSSAG00000052082	AGKD04685131.1	.	protein_coding		
ENSSSAG00000052083	AGKD04685171.1	.	snRNA	U5	U5 spliceosomal RNA [Source:RFAM%3BAcc:RF00020]
ENSSSAG00000052089	AGKD04685304.1	.	protein_coding		
ENSSSAG00000052095	ssa17	.	protein_coding		
ENSSSAG00000052096	AGKD04685367.1	.	protein_coding		
ENSSSAG00000052102	AGKD04685422.1	.	snRNA	U2	U2 spliceosomal RNA [Source:RFAM%3BAcc:RF00004]
ENSSSAG00000052113	AGKD04016906.1	.	lncRNA		
ENSSSAG00000052114	ssa18	.	lncRNA		
ENSSSAG00000052117	ssa18	.	pseudogene		
ENSSSAG00000052121	AGKD04685823.1	.	snRNA	U4	U4 spliceosomal RNA [Source:RFAM%3BAcc:RF00015]
ENSSSAG00000052124	AGKD04686047.1	.	misc_RNA	Metazoa_SRP	Metazoan signal recognition particle RNA [Source:RFAM%3BAcc:RF00017]
ENSSSAG00000052125	ssa23	.	lncRNA		
ENSSSAG00000052126	ssa18	.	lncRNA		
ENSSSAG00000052127	AGKD04686050.1	.	protein_coding		
ENSSSAG00000052128	AGKD04016910.1	.	protein_coding	mdh1ab	malate dehydrogenase%2C cytoplasmic-like [Source:NCBI gene%3BAcc:106593044]
ENSSSAG00000052140	AGKD04686469.1	.	snRNA	U1	U1 spliceosomal RNA [Source:RFAM%3BAcc:RF00003]
ENSSSAG00000052142	AGKD04686662.1	.	misc_RNA	Metazoa_SRP	Metazoan signal recognition particle RNA [Source:RFAM%3BAcc:RF00017]
ENSSSAG00000052144	AGKD04686774.1	.	snRNA	U4	U4 spliceosomal RNA [Source:RFAM%3BAcc:RF00015]
ENSSSAG00000052146	ssa21	.	lncRNA		
ENSSSAG00000052149	AGKD04687000.1	.	snRNA	U1	U1 spliceosomal RNA [Source:RFAM%3BAcc:RF00003]
ENSSSAG00000052150	AGKD04687128.1	.	snRNA	U5	U5 spliceosomal RNA [Source:RFAM%3BAcc:RF00020]
ENSSSAG00000052159	ssa23	.	lncRNA		RNA-binding Raly-like protein [Source:NCBI gene%3BAcc:106584532]
ENSSSAG00000052161	ssa18	.	lncRNA		
ENSSSAG00000052165	ssa18	.	protein_coding		serine/threonine-protein kinase 26-like [Source:NCBI gene%3BAcc:106578153]
ENSSSAG00000052169	AGKD04687591.1	.	protein_coding		
ENSSSAG00000052185	ssa26	.	pseudogene		
ENSSSAG00000052186	AGKD04687948.1	.	protein_coding		
ENSSSAG00000052200	AGKD04688147.1	.	snRNA	U1	U1 spliceosomal RNA [Source:RFAM%3BAcc:RF00003]
ENSSSAG00000052212	AGKD04688838.1	.	snRNA	U5	U5 spliceosomal RNA [Source:RFAM%3BAcc:RF00020]
ENSSSAG00000052215	ssa06	.	snoRNA		
ENSSSAG00000052217	AGKD04688848.1	.	protein_coding		
ENSSSAG00000052220	ssa06	.	pseudogene		
ENSSSAG00000052222	AGKD04688857.1	.	protein_coding		
ENSSSAG00000052223	ssa03	.	lncRNA		
ENSSSAG00000052224	ssa17	.	snoRNA		
ENSSSAG00000052225	AGKD04688868.1	.	snRNA	U4	U4 spliceosomal RNA [Source:RFAM%3BAcc:RF00015]
ENSSSAG00000052233	AGKD04689086.1	.	protein_coding		
ENSSSAG00000052236	ssa17	.	lncRNA		
ENSSSAG00000052246	AGKD04016911.1	.	lncRNA		
ENSSSAG00000052251	AGKD04689676.1	.	protein_coding		
ENSSSAG00000052255	AGKD04689916.1	.	snRNA	U2	U2 spliceosomal RNA [Source:RFAM%3BAcc:RF00004]
ENSSSAG00000052257	AGKD04690052.1	.	protein_coding		
ENSSSAG00000052263	AGKD04690056.1	.	protein_coding		
ENSSSAG00000052264	ssa10	.	snRNA	U2	U2 spliceosomal RNA [Source:RFAM%3BAcc:RF00004]
ENSSSAG00000052269	ssa13	.	snoRNA	SNORD83	Small nucleolar RNA SNORD83 [Source:RFAM%3BAcc:RF00137]
ENSSSAG00000052272	ssa13	.	snoRNA		
ENSSSAG00000052275	AGKD04690127.1	.	pseudogene		
ENSSSAG00000052288	AGKD04690670.1	.	snRNA	U2	U2 spliceosomal RNA [Source:RFAM%3BAcc:RF00004]
ENSSSAG00000052290	AGKD04690670.1	.	snRNA	U5	U5 spliceosomal RNA [Source:RFAM%3BAcc:RF00020]
ENSSSAG00000052291	AGKD04690849.1	.	protein_coding		
ENSSSAG00000052306	AGKD04691003.1	.	snRNA	U5	U5 spliceosomal RNA [Source:RFAM%3BAcc:RF00020]
ENSSSAG00000052307	AGKD04691322.1	.	protein_coding		
ENSSSAG00000052310	AGKD04691380.1	.	snRNA	U2	U2 spliceosomal RNA [Source:RFAM%3BAcc:RF00004]
ENSSSAG00000052312	AGKD04691380.1	.	snRNA	U5	U5 spliceosomal RNA [Source:RFAM%3BAcc:RF00020]
ENSSSAG00000052313	ssa26	.	lncRNA		
ENSSSAG00000052322	ssa18	.	lncRNA		
ENSSSAG00000052325	ssa18	.	protein_coding		
ENSSSAG00000052327	AGKD04606774.1	.	snRNA	U2	U2 spliceosomal RNA [Source:RFAM%3BAcc:RF00004]
ENSSSAG00000052337	ssa26	.	pseudogene		
ENSSSAG00000052341	ssa16	.	lncRNA		
ENSSSAG00000052344	AGKD04606968.1	.	snRNA	U2	U2 spliceosomal RNA [Source:RFAM%3BAcc:RF00004]
ENSSSAG00000052345	AGKD04606968.1	.	snRNA	U5	U5 spliceosomal RNA [Source:RFAM%3BAcc:RF00020]
ENSSSAG00000052346	AGKD04606981.1	.	snRNA	U5	U5 spliceosomal RNA [Source:RFAM%3BAcc:RF00020]
ENSSSAG00000052348	AGKD04016996.1	.	lncRNA		
ENSSSAG00000052351	AGKD04016996.1	.	lncRNA		
ENSSSAG00000052360	ssa14	.	lncRNA		
ENSSSAG00000052361	AGKD04607438.1	.	snRNA	U5	U5 spliceosomal RNA [Source:RFAM%3BAcc:RF00020]
ENSSSAG00000052365	AGKD04017008.1	.	lncRNA		
ENSSSAG00000052367	AGKD04017008.1	.	lncRNA		
ENSSSAG00000052378	AGKD04017027.1	.	protein_coding	wdr76	WD repeat domain 76 [Source:ZFIN%3BAcc:ZDB-GENE-030131-4513]
ENSSSAG00000052390	AGKD04017027.1	.	lncRNA		
ENSSSAG00000052391	AGKD04608132.1	.	protein_coding		
ENSSSAG00000052403	ssa14	.	lncRNA		
ENSSSAG00000052415	ssa03	.	lncRNA		
ENSSSAG00000052419	ssa03	.	lncRNA		
ENSSSAG00000052424	AGKD04608448.1	.	snRNA	U2	U2 spliceosomal RNA [Source:RFAM%3BAcc:RF00004]
ENSSSAG00000052425	ssa19	.	snoRNA		
ENSSSAG00000052426	AGKD04608448.1	.	snRNA	U5	U5 spliceosomal RNA [Source:RFAM%3BAcc:RF00020]
ENSSSAG00000052428	AGKD04608672.1	.	snoRNA		
ENSSSAG00000052429	ssa26	.	protein_coding	ds22a	interferon regulatory factor 8-like [Source:NCBI gene%3BAcc:106587371]
ENSSSAG00000052430	AGKD04608672.1	.	snoRNA		
ENSSSAG00000052439	AGKD04608725.1	.	snRNA	U2	U2 spliceosomal RNA [Source:RFAM%3BAcc:RF00004]
ENSSSAG00000052451	AGKD04608962.1	.	snRNA	U2	U2 spliceosomal RNA [Source:RFAM%3BAcc:RF00004]
ENSSSAG00000052453	AGKD04017056.1	.	lncRNA		
ENSSSAG00000052456	AGKD04609004.1	.	pseudogene		
ENSSSAG00000052457	ssa18	.	snoRNA	U3	Small nucleolar RNA U3 [Source:RFAM%3BAcc:RF00012]
ENSSSAG00000052460	AGKD04609052.1	.	protein_coding		
ENSSSAG00000052470	AGKD04609285.1	.	snRNA	U2	U2 spliceosomal RNA [Source:RFAM%3BAcc:RF00004]
ENSSSAG00000052472	AGKD04609538.1	.	protein_coding		
ENSSSAG00000052473	ssa17	.	protein_coding	kdm6al	lysine-specific demethylase 6A-like [Source:NCBI gene%3BAcc:106575616]
ENSSSAG00000052474	AGKD04609684.1	.	snRNA	U2	U2 spliceosomal RNA [Source:RFAM%3BAcc:RF00004]
ENSSSAG00000052477	AGKD04609697.1	.	protein_coding		
ENSSSAG00000052487	AGKD04609775.1	.	protein_coding		
ENSSSAG00000052492	ssa13	.	lncRNA		
ENSSSAG00000052494	AGKD04609935.1	.	snoRNA	SNORD15	Small nucleolar RNA SNORD15 [Source:RFAM%3BAcc:RF00067]
ENSSSAG00000052513	AGKD04610275.1	.	protein_coding		
ENSSSAG00000052524	AGKD04610515.1	.	protein_coding		
ENSSSAG00000052541	AGKD04495466.1	.	snRNA	U2	U2 spliceosomal RNA [Source:RFAM%3BAcc:RF00004]
ENSSSAG00000052543	AGKD04610808.1	.	protein_coding		
ENSSSAG00000052547	ssa26	.	protein_coding		
ENSSSAG00000052548	AGKD04495773.1	.	snRNA	U1	U1 spliceosomal RNA [Source:RFAM%3BAcc:RF00003]
ENSSSAG00000052552	AGKD04610809.1	.	snRNA	U4	U4 spliceosomal RNA [Source:RFAM%3BAcc:RF00015]
ENSSSAG00000052560	ssa09	.	lncRNA		
ENSSSAG00000052561	AGKD04495847.1	.	snRNA	U1	U1 spliceosomal RNA [Source:RFAM%3BAcc:RF00003]
ENSSSAG00000052567	AGKD04495880.1	.	protein_coding		
ENSSSAG00000052575	AGKD04495919.1	.	protein_coding		
ENSSSAG00000052576	AGKD04610940.1	.	snRNA	U1	U1 spliceosomal RNA [Source:RFAM%3BAcc:RF00003]
ENSSSAG00000052578	AGKD04496056.1	.	snRNA	U1	U1 spliceosomal RNA [Source:RFAM%3BAcc:RF00003]
ENSSSAG00000052579	AGKD04610986.1	.	snRNA	U1	U1 spliceosomal RNA [Source:RFAM%3BAcc:RF00003]
ENSSSAG00000052582	AGKD04496129.1	.	snRNA	U1	U1 spliceosomal RNA [Source:RFAM%3BAcc:RF00003]
ENSSSAG00000052604	AGKD04496269.1	.	protein_coding		
ENSSSAG00000052610	AGKD04611384.1	.	pseudogene		
ENSSSAG00000052628	AGKD04496556.1	.	snRNA	U6	U6 spliceosomal RNA [Source:RFAM%3BAcc:RF00026]
ENSSSAG00000052645	AGKD04497339.1	.	protein_coding		
ENSSSAG00000052646	ssa09	.	lncRNA		
ENSSSAG00000052650	AGKD04497398.1	.	protein_coding		
ENSSSAG00000052659	AGKD04497497.1	.	protein_coding		
ENSSSAG00000052665	ssa05	.	pseudogene		
ENSSSAG00000052668	AGKD04497940.1	.	protein_coding		
ENSSSAG00000052677	ssa09	.	lncRNA		
ENSSSAG00000052681	ssa09	.	lncRNA		
ENSSSAG00000052682	AGKD04498230.1	.	protein_coding		
ENSSSAG00000052685	AGKD04498312.1	.	snRNA	U1	U1 spliceosomal RNA [Source:RFAM%3BAcc:RF00003]
ENSSSAG00000052686	ssa09	.	pseudogene		
ENSSSAG00000052696	AGKD04498418.1	.	pseudogene		
ENSSSAG00000052700	AGKD04498550.1	.	protein_coding		
ENSSSAG00000052705	AGKD04498575.1	.	protein_coding		
ENSSSAG00000052713	AGKD04498701.1	.	snoRNA	U3	Small nucleolar RNA U3 [Source:RFAM%3BAcc:RF00012]
ENSSSAG00000052716	AGKD04499009.1	.	misc_RNA	Metazoa_SRP	Metazoan signal recognition particle RNA [Source:RFAM%3BAcc:RF00017]
ENSSSAG00000052717	ssa20	.	lncRNA		
ENSSSAG00000052721	AGKD04499202.1	.	snRNA	U6	U6 spliceosomal RNA [Source:RFAM%3BAcc:RF00026]
ENSSSAG00000052732	AGKD04499359.1	.	protein_coding		
ENSSSAG00000052735	AGKD04499470.1	.	protein_coding		
ENSSSAG00000052740	ssa20	.	lncRNA		golgin subfamily A member 6-like protein 22 [Source:NCBI gene%3BAcc:106580836]
ENSSSAG00000052748	AGKD04499722.1	.	snoRNA	SNORD24	Small nucleolar RNA SNORD24 [Source:RFAM%3BAcc:RF00069]
ENSSSAG00000052765	ssa14	.	lncRNA		
ENSSSAG00000052770	ssa14	.	protein_coding	agxtb	alanine--glyoxylate and serine--pyruvate aminotransferase [Source:NCBI gene%3BAcc:106568771]
ENSSSAG00000052818	ssa12	.	lncRNA		
ENSSSAG00000052820	AGKD04805412.1	.	ribozyme	RNaseP_nuc	Nuclear RNase P [Source:RFAM%3BAcc:RF00009]
ENSSSAG00000052822	ssa20	.	pseudogene		
ENSSSAG00000052828	AGKD04806320.1	.	snRNA	U2	U2 spliceosomal RNA [Source:RFAM%3BAcc:RF00004]
ENSSSAG00000052830	AGKD04806357.1	.	protein_coding		
ENSSSAG00000052833	AGKD04806882.1	.	snRNA	U6	U6 spliceosomal RNA [Source:RFAM%3BAcc:RF00026]
ENSSSAG00000052839	ssa13	.	lncRNA		
ENSSSAG00000052842	AGKD04807313.1	.	pseudogene		
ENSSSAG00000052844	ssa12	.	lncRNA		uncharacterized LOC106564813 [Source:NCBI gene%3BAcc:106564813]
ENSSSAG00000052845	AGKD04807558.1	.	protein_coding		
ENSSSAG00000052848	AGKD04807662.1	.	snRNA	U2	U2 spliceosomal RNA [Source:RFAM%3BAcc:RF00004]
ENSSSAG00000052851	AGKD04807959.1	.	snRNA	U4	U4 spliceosomal RNA [Source:RFAM%3BAcc:RF00015]
ENSSSAG00000052862	AGKD04808143.1	.	protein_coding		
ENSSSAG00000052864	AGKD04808462.1	.	protein_coding		
ENSSSAG00000052865	ssa21	.	lncRNA		
ENSSSAG00000052866	ssa21	.	lncRNA		
ENSSSAG00000052883	AGKD04809212.1	.	protein_coding		
ENSSSAG00000052890	AGKD04809691.1	.	snRNA	U5	U5 spliceosomal RNA [Source:RFAM%3BAcc:RF00020]
ENSSSAG00000052891	ssa27	.	protein_coding		
ENSSSAG00000052900	ssa08	.	protein_coding	cdn2b	Cyclin-dependent kinase 4 inhibitor B [Source:NCBI gene%3BAcc:100196147]
ENSSSAG00000052908	AGKD04811187.1	.	snRNA	U2	U2 spliceosomal RNA [Source:RFAM%3BAcc:RF00004]
ENSSSAG00000052918	ssa10	.	lncRNA		
ENSSSAG00000052926	AGKD04811618.1	.	protein_coding	saa	serum amyloid A [Source:ZFIN%3BAcc:ZDB-GENE-040927-15]
ENSSSAG00000052929	AGKD04811688.1	.	snRNA	U5	U5 spliceosomal RNA [Source:RFAM%3BAcc:RF00020]
ENSSSAG00000052938	ssa06	.	protein_coding	efr3bb	protein EFR3 homolog B [Source:NCBI gene%3BAcc:106608035]
ENSSSAG00000052940	AGKD04811780.1	.	protein_coding		
ENSSSAG00000052942	ssa10	.	lncRNA		
ENSSSAG00000052949	AGKD04812101.1	.	snRNA	U4	U4 spliceosomal RNA [Source:RFAM%3BAcc:RF00015]
ENSSSAG00000052955	AGKD04812695.1	.	snRNA	U5	U5 spliceosomal RNA [Source:RFAM%3BAcc:RF00020]
ENSSSAG00000052957	AGKD04812830.1	.	snRNA	U5	U5 spliceosomal RNA [Source:RFAM%3BAcc:RF00020]
ENSSSAG00000052962	ssa22	.	lncRNA		
ENSSSAG00000052964	ssa22	.	lncRNA		
ENSSSAG00000052973	ssa08	.	lncRNA		
ENSSSAG00000052976	AGKD04813944.1	.	protein_coding		
ENSSSAG00000052977	ssa02	.	protein_coding	C1orf43	uncharacterized protein C1orf43-like [Source:NCBI gene%3BAcc:106575396]
ENSSSAG00000052981	AGKD04813971.1	.	snRNA	U2	U2 spliceosomal RNA [Source:RFAM%3BAcc:RF00004]
ENSSSAG00000052983	AGKD04814080.1	.	snRNA	U2	U2 spliceosomal RNA [Source:RFAM%3BAcc:RF00004]
ENSSSAG00000052988	AGKD04814144.1	.	snRNA	U1	U1 spliceosomal RNA [Source:RFAM%3BAcc:RF00003]
ENSSSAG00000052991	AGKD04814550.1	.	protein_coding		
ENSSSAG00000052995	AGKD04814848.1	.	snRNA	U2	U2 spliceosomal RNA [Source:RFAM%3BAcc:RF00004]
ENSSSAG00000052999	AGKD04815023.1	.	snRNA	U5	U5 spliceosomal RNA [Source:RFAM%3BAcc:RF00020]
ENSSSAG00000053005	AGKD04815244.1	.	protein_coding	CCN2	cellular communication network factor 2 [Source:HGNC Symbol%3BAcc:HGNC:2500]
ENSSSAG00000053012	AGKD04815271.1	.	snRNA	U5	U5 spliceosomal RNA [Source:RFAM%3BAcc:RF00020]
ENSSSAG00000053015	AGKD04815582.1	.	misc_RNA	Metazoa_SRP	Metazoan signal recognition particle RNA [Source:RFAM%3BAcc:RF00017]
ENSSSAG00000053017	AGKD04816044.1	.	snoRNA	U3	Small nucleolar RNA U3 [Source:RFAM%3BAcc:RF00012]
ENSSSAG00000053022	ssa22	.	lncRNA		uncharacterized LOC106583333 [Source:NCBI gene%3BAcc:106583333]
ENSSSAG00000053026	ssa27	.	lncRNA		
ENSSSAG00000053035	AGKD04816596.1	.	snRNA	U5	U5 spliceosomal RNA [Source:RFAM%3BAcc:RF00020]
ENSSSAG00000053044	AGKD04015264.1	.	lncRNA		
ENSSSAG00000053046	ssa20	.	lncRNA		
ENSSSAG00000053055	ssa14	.	miRNA	ssa-mir-27a-2	ssa-mir-27a-2 [Source:miRBase%3BAcc:MI0026658]
ENSSSAG00000053057	AGKD04817566.1	.	snRNA	U2	U2 spliceosomal RNA [Source:RFAM%3BAcc:RF00004]
ENSSSAG00000053058	ssa14	.	miRNA	ssa-mir-23a-1	ssa-mir-23a-1 [Source:miRBase%3BAcc:MI0026638]
ENSSSAG00000053061	AGKD04817634.1	.	snRNA	U5	U5 spliceosomal RNA [Source:RFAM%3BAcc:RF00020]
ENSSSAG00000053063	AGKD04817634.1	.	snRNA	U2	U2 spliceosomal RNA [Source:RFAM%3BAcc:RF00004]
ENSSSAG00000053083	AGKD04818388.1	.	snRNA	U2	U2 spliceosomal RNA [Source:RFAM%3BAcc:RF00004]
ENSSSAG00000053085	AGKD04818650.1	.	snRNA	U5	U5 spliceosomal RNA [Source:RFAM%3BAcc:RF00020]
ENSSSAG00000053088	AGKD04818715.1	.	snRNA	U1	U1 spliceosomal RNA [Source:RFAM%3BAcc:RF00003]
ENSSSAG00000053092	ssa27	.	miRNA	ssa-mir-196a-2	ssa-mir-196a-2 [Source:miRBase%3BAcc:MI0026560]
ENSSSAG00000053101	ssa27	.	lncRNA		
ENSSSAG00000053110	ssa06	.	lncRNA		
ENSSSAG00000053111	ssa08	.	lncRNA		
ENSSSAG00000053116	ssa15	.	protein_coding		
ENSSSAG00000053125	AGKD04753692.1	.	protein_coding		
ENSSSAG00000053128	AGKD04753698.1	.	protein_coding		
ENSSSAG00000053132	AGKD04753833.1	.	snRNA	U2	U2 spliceosomal RNA [Source:RFAM%3BAcc:RF00004]
ENSSSAG00000053133	AGKD04753833.1	.	snRNA	U5	U5 spliceosomal RNA [Source:RFAM%3BAcc:RF00020]
ENSSSAG00000053139	ssa22	.	lncRNA		
ENSSSAG00000053144	AGKD04754082.1	.	protein_coding		
ENSSSAG00000053161	AGKD04755354.1	.	snRNA	U1	U1 spliceosomal RNA [Source:RFAM%3BAcc:RF00003]
ENSSSAG00000053162	ssa26	.	lncRNA		
ENSSSAG00000053163	AGKD04755533.1	.	protein_coding		
ENSSSAG00000053165	ssa17	.	protein_coding		leucine-rich repeat extensin-like protein 3 [Source:NCBI gene%3BAcc:106576543]
ENSSSAG00000053167	AGKD04755619.1	.	protein_coding		
ENSSSAG00000053170	AGKD04755636.1	.	snRNA	U5	U5 spliceosomal RNA [Source:RFAM%3BAcc:RF00020]
ENSSSAG00000053174	AGKD04756215.1	.	protein_coding		
ENSSSAG00000053179	AGKD04756285.1	.	snRNA	U5	U5 spliceosomal RNA [Source:RFAM%3BAcc:RF00020]
ENSSSAG00000053189	ssa05	.	pseudogene		
ENSSSAG00000053199	AGKD04756505.1	.	protein_coding		
ENSSSAG00000053211	ssa20	.	snRNA	U7	U7 small nuclear RNA [Source:RFAM%3BAcc:RF00066]
ENSSSAG00000053225	AGKD04757372.1	.	snRNA	U5	U5 spliceosomal RNA [Source:RFAM%3BAcc:RF00020]
ENSSSAG00000053236	AGKD04757647.1	.	snRNA	U1	U1 spliceosomal RNA [Source:RFAM%3BAcc:RF00003]
ENSSSAG00000053241	AGKD04675235.1	.	snRNA	U5	U5 spliceosomal RNA [Source:RFAM%3BAcc:RF00020]
ENSSSAG00000053248	AGKD04758620.1	.	snoRNA		
ENSSSAG00000053250	AGKD04758620.1	.	snoRNA	U3	Small nucleolar RNA U3 [Source:RFAM%3BAcc:RF00012]
ENSSSAG00000053252	AGKD04758673.1	.	snRNA	U1	U1 spliceosomal RNA [Source:RFAM%3BAcc:RF00003]
ENSSSAG00000053260	AGKD04676031.1	.	pseudogene		
ENSSSAG00000053268	AGKD04759424.1	.	pseudogene		
ENSSSAG00000053269	AGKD04676098.1	.	snRNA	U6	U6 spliceosomal RNA [Source:RFAM%3BAcc:RF00026]
ENSSSAG00000053273	AGKD04676332.1	.	protein_coding		proteasome 20S subunit beta 5 [Source:ZFIN%3BAcc:ZDB-GENE-990415-215]
ENSSSAG00000053281	AGKD04676388.1	.	pseudogene		
ENSSSAG00000053283	AGKD04759744.1	.	snRNA	U2	U2 spliceosomal RNA [Source:RFAM%3BAcc:RF00004]
ENSSSAG00000053288	AGKD04676731.1	.	protein_coding		
ENSSSAG00000053292	AGKD04676738.1	.	snRNA	U5	U5 spliceosomal RNA [Source:RFAM%3BAcc:RF00020]
ENSSSAG00000053296	AGKD04676762.1	.	protein_coding	mcee	methylmalonyl CoA epimerase [Source:ZFIN%3BAcc:ZDB-GENE-050522-368]
ENSSSAG00000053307	AGKD04676786.1	.	protein_coding		
ENSSSAG00000053314	AGKD04760664.1	.	snRNA	U1	U1 spliceosomal RNA [Source:RFAM%3BAcc:RF00003]
ENSSSAG00000053316	AGKD04760721.1	.	snRNA	U2	U2 spliceosomal RNA [Source:RFAM%3BAcc:RF00004]
ENSSSAG00000053319	AGKD04760730.1	.	snRNA	U1	U1 spliceosomal RNA [Source:RFAM%3BAcc:RF00003]
ENSSSAG00000053323	AGKD04761340.1	.	snRNA	U5	U5 spliceosomal RNA [Source:RFAM%3BAcc:RF00020]
ENSSSAG00000053337	AGKD04761596.1	.	snRNA	U2	U2 spliceosomal RNA [Source:RFAM%3BAcc:RF00004]
ENSSSAG00000053338	AGKD04677359.1	.	snRNA	U5	U5 spliceosomal RNA [Source:RFAM%3BAcc:RF00020]
ENSSSAG00000053341	AGKD04761891.1	.	snRNA	U5	U5 spliceosomal RNA [Source:RFAM%3BAcc:RF00020]
ENSSSAG00000053342	AGKD04677669.1	.	snRNA	U2	U2 spliceosomal RNA [Source:RFAM%3BAcc:RF00004]
ENSSSAG00000053348	AGKD04762051.1	.	snRNA	U5	U5 spliceosomal RNA [Source:RFAM%3BAcc:RF00020]
ENSSSAG00000053352	ssa19	.	lncRNA		
ENSSSAG00000053355	ssa19	.	lncRNA		
ENSSSAG00000053365	AGKD04677827.1	.	protein_coding		
ENSSSAG00000053367	AGKD04677887.1	.	pseudogene		
ENSSSAG00000053368	ssa24	.	miRNA	ssa-mir-449a	ssa-mir-449a [Source:miRBase%3BAcc:MI0026702]
ENSSSAG00000053371	AGKD04762470.1	.	protein_coding		
ENSSSAG00000053376	AGKD04762499.1	.	snRNA	U4	U4 spliceosomal RNA [Source:RFAM%3BAcc:RF00015]
ENSSSAG00000053380	AGKD04762518.1	.	snRNA	U1	U1 spliceosomal RNA [Source:RFAM%3BAcc:RF00003]
ENSSSAG00000053383	AGKD04678114.1	.	snRNA	U1	U1 spliceosomal RNA [Source:RFAM%3BAcc:RF00003]
ENSSSAG00000053385	ssa19	.	lncRNA		
ENSSSAG00000053386	AGKD04678127.1	.	snRNA	U2	U2 spliceosomal RNA [Source:RFAM%3BAcc:RF00004]
ENSSSAG00000053391	AGKD04678196.1	.	protein_coding		
ENSSSAG00000053397	AGKD04762997.1	.	pseudogene		
ENSSSAG00000053400	AGKD04678371.1	.	snRNA	U5	U5 spliceosomal RNA [Source:RFAM%3BAcc:RF00020]
ENSSSAG00000053404	AGKD04678469.1	.	pseudogene		
ENSSSAG00000053416	AGKD04678868.1	.	snRNA	U2	U2 spliceosomal RNA [Source:RFAM%3BAcc:RF00004]
ENSSSAG00000053425	ssa11	.	protein_coding	ACTN3	actinin alpha 3 [Source:NCBI gene%3BAcc:106563711]
ENSSSAG00000053431	AGKD04678998.1	.	snRNA	U5	U5 spliceosomal RNA [Source:RFAM%3BAcc:RF00020]
ENSSSAG00000053436	AGKD04679636.1	.	protein_coding		
ENSSSAG00000053451	AGKD04680095.1	.	snRNA	U2	U2 spliceosomal RNA [Source:RFAM%3BAcc:RF00004]
ENSSSAG00000053457	ssa22	.	protein_coding	elmo2	engulfment and cell motility protein 2 [Source:NCBI gene%3BAcc:106583331]
ENSSSAG00000053465	AGKD04680458.1	.	protein_coding		
ENSSSAG00000053468	AGKD04680567.1	.	snRNA	U2	U2 spliceosomal RNA [Source:RFAM%3BAcc:RF00004]
ENSSSAG00000053470	AGKD04680567.1	.	snRNA	U5	U5 spliceosomal RNA [Source:RFAM%3BAcc:RF00020]
ENSSSAG00000053473	AGKD04680696.1	.	protein_coding		ribonuclease P/MRP 38 subunit [Source:ZFIN%3BAcc:ZDB-GENE-040718-258]
ENSSSAG00000053483	AGKD04017154.1	.	protein_coding	UNCX	homeobox protein unc-4 homolog [Source:NCBI gene%3BAcc:106593170]
ENSSSAG00000053489	AGKD04681771.1	.	protein_coding		
ENSSSAG00000053493	AGKD04681788.1	.	snRNA	U6	U6 spliceosomal RNA [Source:RFAM%3BAcc:RF00026]
ENSSSAG00000053494	AGKD04682054.1	.	snRNA	U2	U2 spliceosomal RNA [Source:RFAM%3BAcc:RF00004]
ENSSSAG00000053527	AGKD04017166.1	.	protein_coding	SYAP1	synapse-associated protein 1-like [Source:NCBI gene%3BAcc:106593175]
ENSSSAG00000053538	AGKD04017197.1	.	protein_coding		
ENSSSAG00000053566	ssa06	.	protein_coding		
ENSSSAG00000053571	ssa04	.	lncRNA		
ENSSSAG00000053575	ssa18	.	pseudogene		
ENSSSAG00000053586	ssa04	.	lncRNA		protein FAM122A-like [Source:NCBI gene%3BAcc:106603578]
ENSSSAG00000053598	ssa24	.	lncRNA		
ENSSSAG00000053605	ssa09	.	lncRNA		
ENSSSAG00000053610	ssa04	.	lncRNA		schwannomin-interacting protein 1-like [Source:NCBI gene%3BAcc:106603576]
ENSSSAG00000053612	ssa05	.	lncRNA		
ENSSSAG00000053625	ssa09	.	lncRNA		
ENSSSAG00000053627	ssa09	.	lncRNA		
ENSSSAG00000053632	ssa06	.	lncRNA		
ENSSSAG00000053663	ssa09	.	lncRNA		
ENSSSAG00000053667	ssa09	.	lncRNA		
ENSSSAG00000053683	ssa21	.	miRNA	ssa-mir-26d	ssa-mir-26d [Source:miRBase%3BAcc:MI0026656]
ENSSSAG00000053694	ssa14	.	lncRNA		
ENSSSAG00000053760	ssa21	.	lncRNA		
ENSSSAG00000053766	ssa24	.	pseudogene		
ENSSSAG00000053775	ssa05	.	protein_coding		
ENSSSAG00000053777	ssa25	.	lncRNA		
ENSSSAG00000053778	ssa25	.	lncRNA		
ENSSSAG00000053782	ssa15	.	lncRNA		
ENSSSAG00000053786	ssa21	.	lncRNA		
ENSSSAG00000053798	ssa25	.	snRNA	U1	U1 spliceosomal RNA [Source:RFAM%3BAcc:RF00003]
ENSSSAG00000053800	ssa15	.	rRNA	5S_rRNA	5S ribosomal RNA [Source:RFAM%3BAcc:RF00001]
ENSSSAG00000053801	ssa25	.	snRNA	U1	U1 spliceosomal RNA [Source:RFAM%3BAcc:RF00003]
ENSSSAG00000053802	ssa05	.	protein_coding		
ENSSSAG00000053820	ssa25	.	protein_coding		E3 SUMO-protein ligase RanBP2-like [Source:NCBI gene%3BAcc:106586530]
ENSSSAG00000053826	ssa20	.	pseudogene		
ENSSSAG00000053831	ssa20	.	snoRNA		
ENSSSAG00000053840	ssa09	.	pseudogene		
ENSSSAG00000053875	ssa10	.	pseudogene		
ENSSSAG00000053886	ssa10	.	pseudogene		
ENSSSAG00000053893	ssa02	.	lncRNA		
ENSSSAG00000053905	ssa16	.	protein_coding		
ENSSSAG00000053911	ssa05	.	protein_coding		
ENSSSAG00000053949	ssa16	.	protein_coding	lrrfip1b	leucine-rich repeat flightless-interacting protein 2-like [Source:NCBI gene%3BAcc:106574783]
ENSSSAG00000053953	ssa12	.	lncRNA		
ENSSSAG00000053954	ssa14	.	lncRNA		
ENSSSAG00000053965	ssa21	.	protein_coding	TSC22D1	TSC22 domain family member 1 [Source:HGNC Symbol%3BAcc:HGNC:16826]
ENSSSAG00000053989	ssa22	.	pseudogene		
ENSSSAG00000053991	ssa21	.	lncRNA		
ENSSSAG00000053998	ssa16	.	lncRNA		
ENSSSAG00000054007	ssa28	.	protein_coding	foxn2	forkhead box N2 [Source:NCBI gene%3BAcc:106589738]
ENSSSAG00000054010	ssa28	.	lncRNA		
ENSSSAG00000054012	ssa28	.	lncRNA		
ENSSSAG00000054022	ssa21	.	protein_coding	vgll3	transcription cofactor vestigial-like protein 3 [Source:NCBI gene%3BAcc:106582222]
ENSSSAG00000054028	AGKD04019997.1	.	miRNA	ssa-mir-338a-4	ssa-mir-338a-4 [Source:miRBase%3BAcc:MI0026689]
ENSSSAG00000054029	ssa15	.	miRNA	ssa-mir-200b-2	ssa-mir-200b-2 [Source:miRBase%3BAcc:MI0026585]
ENSSSAG00000054033	ssa15	.	miRNA	ssa-mir-200a-2	ssa-mir-200a-2 [Source:miRBase%3BAcc:MI0026582]
ENSSSAG00000054048	ssa13	.	snRNA	U7	U7 small nuclear RNA [Source:RFAM%3BAcc:RF00066]
ENSSSAG00000054050	ssa21	.	snRNA	U2	U2 spliceosomal RNA [Source:RFAM%3BAcc:RF00004]
ENSSSAG00000054051	ssa21	.	snRNA	U2	U2 spliceosomal RNA [Source:RFAM%3BAcc:RF00004]
ENSSSAG00000054058	AGKD04020041.1	.	protein_coding		sprouty-related%2C EVH1 domain-containing protein 2-like [Source:NCBI gene%3BAcc:106594327]
ENSSSAG00000054066	ssa07	.	protein_coding		
ENSSSAG00000054081	AGKD04020073.1	.	lncRNA		
ENSSSAG00000054092	ssa12	.	lncRNA		
ENSSSAG00000054093	AGKD04020073.1	.	lncRNA		
ENSSSAG00000054103	ssa05	.	lncRNA		
ENSSSAG00000054110	ssa07	.	lncRNA		
ENSSSAG00000054112	ssa07	.	lncRNA		
ENSSSAG00000054113	AGKD04020085.1	.	pseudogene		
ENSSSAG00000054115	ssa21	.	lncRNA		
ENSSSAG00000054116	ssa12	.	lncRNA		
ENSSSAG00000054117	ssa05	.	lncRNA		
ENSSSAG00000054123	AGKD04020087.1	.	lncRNA		
ENSSSAG00000054137	ssa07	.	lncRNA		
ENSSSAG00000054141	ssa07	.	lncRNA		
ENSSSAG00000054148	ssa24	.	processed_pseudogene		
ENSSSAG00000054153	AGKD04020129.1	.	protein_coding	gyar	Glyoxylate reductase [Source:NCBI gene%3BAcc:100194978]
ENSSSAG00000054163	ssa19	.	lncRNA		
ENSSSAG00000054164	AGKD04020129.1	.	protein_coding	pard6ga	partitioning defective 6 homolog gamma-like [Source:NCBI gene%3BAcc:106594368]
ENSSSAG00000054165	ssa14	.	snoRNA		
ENSSSAG00000054186	ssa07	.	protein_coding	copg2	coatomer subunit gamma-2 [Source:NCBI gene%3BAcc:106608919]
ENSSSAG00000054201	ssa02	.	lncRNA		
ENSSSAG00000054204	ssa19	.	lncRNA		
ENSSSAG00000054228	ssa19	.	protein_coding		coiled-coil domain-containing protein 177-like [Source:NCBI gene%3BAcc:106578821]
ENSSSAG00000054241	ssa15	.	lncRNA		
ENSSSAG00000054261	ssa01	.	lncRNA		
ENSSSAG00000054270	ssa23	.	miRNA	ssa-mir-199a-1	ssa-mir-199a-1 [Source:miRBase%3BAcc:MI0026565]
ENSSSAG00000054272	ssa23	.	miRNA	ssa-mir-214-2	ssa-mir-214-2 [Source:miRBase%3BAcc:MI0026612]
ENSSSAG00000054274	ssa23	.	protein_coding	mettl13	eEF1A lysine and N-terminal methyltransferase [Source:NCBI gene%3BAcc:106584243]
ENSSSAG00000054275	ssa19	.	lncRNA		
ENSSSAG00000054278	ssa01	.	lncRNA		
ENSSSAG00000054311	ssa17	.	lncRNA		
ENSSSAG00000054317	ssa17	.	lncRNA		
ENSSSAG00000054323	ssa25	.	lncRNA		
ENSSSAG00000054339	ssa13	.	lncRNA		
ENSSSAG00000054344	ssa15	.	lncRNA		
ENSSSAG00000054358	ssa19	.	lncRNA		
ENSSSAG00000054359	ssa19	.	lncRNA		
ENSSSAG00000054362	ssa15	.	pseudogene		
ENSSSAG00000054366	AGKD04020202.1	.	pseudogene		
ENSSSAG00000054379	ssa10	.	lncRNA		
ENSSSAG00000054385	AGKD04020248.1	.	protein_coding		
ENSSSAG00000054388	ssa10	.	lncRNA		
ENSSSAG00000054390	ssa15	.	miRNA	ssa-mir-26a-4	ssa-mir-26a-4 [Source:miRBase%3BAcc:MI0026652]
ENSSSAG00000054400	AGKD04020287.1	.	lncRNA		
ENSSSAG00000054410	ssa25	.	protein_coding	rev1	DNA repair protein REV1-like [Source:NCBI gene%3BAcc:106586740]
ENSSSAG00000054416	AGKD04020291.1	.	snoRNA		
ENSSSAG00000054435	AGKD04020341.1	.	lncRNA		
ENSSSAG00000054439	ssa29	.	lncRNA		uncharacterized LOC106590667 [Source:NCBI gene%3BAcc:106590667]
ENSSSAG00000054446	ssa01	.	pseudogene		
ENSSSAG00000054452	ssa27	.	lncRNA		
ENSSSAG00000054479	AGKD04020383.1	.	protein_coding		amine sulfotransferase-like [Source:NCBI gene%3BAcc:106594461]
ENSSSAG00000054486	ssa18	.	lncRNA		
ENSSSAG00000054489	ssa01	.	lncRNA		
ENSSSAG00000054497	AGKD04015337.1	.	pseudogene		
ENSSSAG00000054499	ssa10	.	lncRNA		
ENSSSAG00000054511	ssa18	.	lncRNA		
ENSSSAG00000054530	ssa04	.	miRNA	ssa-mir-125a-1	ssa-mir-125a-1 [Source:miRBase%3BAcc:MI0026452]
ENSSSAG00000054534	ssa04	.	miRNA	ssa-let-7a-1	ssa-let-7a-1 [Source:miRBase%3BAcc:MI0026740]
ENSSSAG00000054545	ssa11	.	miRNA	ssa-mir-199a-2	ssa-mir-199a-2 [Source:miRBase%3BAcc:MI0026566]
ENSSSAG00000054549	AGKD04020411.1	.	pseudogene		
ENSSSAG00000054593	AGKD04015385.1	.	miRNA	ssa-mir-139-1	ssa-mir-139-1 [Source:miRBase%3BAcc:MI0026497]
ENSSSAG00000054600	ssa24	.	pseudogene		
ENSSSAG00000054602	ssa18	.	lncRNA		
ENSSSAG00000054624	AGKD04015388.1	.	lncRNA		
ENSSSAG00000054638	ssa21	.	pseudogene		
ENSSSAG00000054649	AGKD04020522.1	.	lncRNA		
ENSSSAG00000054652	ssa16	.	miRNA	ssa-mir-7a-7	ssa-mir-7a-7 [Source:miRBase%3BAcc:MI0026751]
ENSSSAG00000054655	ssa04	.	lncRNA		
ENSSSAG00000054658	ssa27	.	snoRNA		
ENSSSAG00000054659	ssa04	.	lncRNA		
ENSSSAG00000054676	AGKD04015402.1	.	lncRNA		
ENSSSAG00000054700	AGKD04020564.1	.	pseudogene		
ENSSSAG00000054704	AGKD04020566.1	.	protein_coding		growth arrest-specific protein 1-like [Source:NCBI gene%3BAcc:106594537]
ENSSSAG00000054715	ssa09	.	lncRNA		
ENSSSAG00000054717	ssa21	.	protein_coding	ptpn4a	tyrosine-protein phosphatase non-receptor type 4-like [Source:NCBI gene%3BAcc:106582393]
ENSSSAG00000054739	ssa20	.	lncRNA		
ENSSSAG00000054759	ssa18	.	protein_coding	rbm4.3	RNA-binding protein 4B-like [Source:NCBI gene%3BAcc:106577685]
ENSSSAG00000054763	ssa03	.	lncRNA		
ENSSSAG00000054784	ssa01	.	lncRNA		uncharacterized LOC106562834 [Source:NCBI gene%3BAcc:106562834]
ENSSSAG00000054787	ssa21	.	pseudogene		
ENSSSAG00000054814	ssa06	.	protein_coding	col10a1b	collagen alpha-1(X) chain-like [Source:NCBI gene%3BAcc:106607727]
ENSSSAG00000054823	ssa14	.	lncRNA		THAP domain-containing protein 1-like [Source:NCBI gene%3BAcc:106569258]
ENSSSAG00000054830	ssa25	.	pseudogene		
ENSSSAG00000054836	ssa10	.	processed_pseudogene		
ENSSSAG00000054856	ssa03	.	lncRNA		uncharacterized LOC106597339 [Source:NCBI gene%3BAcc:106597339]
ENSSSAG00000054875	ssa10	.	protein_coding	espnla	espin-like protein [Source:NCBI gene%3BAcc:106560630]
ENSSSAG00000054900	ssa27	.	lncRNA		
ENSSSAG00000054906	ssa27	.	lncRNA		
ENSSSAG00000054908	ssa27	.	pseudogene		
ENSSSAG00000054909	ssa19	.	lncRNA		
ENSSSAG00000054914	ssa14	.	lncRNA		
ENSSSAG00000054916	ssa07	.	lncRNA		
ENSSSAG00000054928	ssa06	.	pseudogene		
ENSSSAG00000054930	ssa20	.	miRNA	ssa-mir-100a-1	ssa-mir-100a-1 [Source:miRBase%3BAcc:MI0026431]
ENSSSAG00000054932	ssa27	.	protein_coding	grin2da	glutamate receptor ionotropic%2C NMDA 2D-like [Source:NCBI gene%3BAcc:106588445]
ENSSSAG00000054940	ssa13	.	snoRNA	SNORA70	Small nucleolar RNA SNORA70 [Source:RFAM%3BAcc:RF00156]
ENSSSAG00000054942	ssa13	.	snoRNA	SNORA70	Small nucleolar RNA SNORA70 [Source:RFAM%3BAcc:RF00156]
ENSSSAG00000054953	AGKD04015408.1	.	protein_coding	dexi	Dexi homolog (mouse) [Source:NCBI gene%3BAcc:445307]
ENSSSAG00000054957	ssa20	.	miRNA	ssa-let-7a-2	ssa-let-7a-2 [Source:miRBase%3BAcc:MI0026742]
ENSSSAG00000054965	AGKD04015422.1	.	protein_coding		
ENSSSAG00000054970	ssa29	.	snoRNA		
ENSSSAG00000054971	ssa29	.	snoRNA		
ENSSSAG00000054975	ssa29	.	snoRNA		
ENSSSAG00000054976	ssa29	.	snoRNA		
ENSSSAG00000054977	ssa29	.	snoRNA		
ENSSSAG00000054978	ssa29	.	snoRNA		
ENSSSAG00000054980	ssa29	.	snoRNA		
ENSSSAG00000054981	ssa29	.	snoRNA		
ENSSSAG00000054984	ssa29	.	snoRNA		
ENSSSAG00000054987	ssa15	.	lncRNA		
ENSSSAG00000054988	ssa07	.	protein_coding		plasma membrane calcium-transporting ATPase 1-like [Source:NCBI gene%3BAcc:106608917]
ENSSSAG00000054991	ssa15	.	lncRNA		
ENSSSAG00000054992	ssa15	.	lncRNA		
ENSSSAG00000054995	ssa15	.	lncRNA		
ENSSSAG00000054996	ssa15	.	lncRNA		
ENSSSAG00000054998	AGKD04015424.1	.	protein_coding		tumor necrosis factor ligand superfamily member 11-like [Source:NCBI gene%3BAcc:106592211]
ENSSSAG00000055011	ssa16	.	protein_coding	rpgrb	X-linked retinitis pigmentosa GTPase regulator-like [Source:NCBI gene%3BAcc:106574645]
ENSSSAG00000055023	ssa28	.	lncRNA		
ENSSSAG00000055030	ssa21	.	lncRNA		
ENSSSAG00000055041	AGKD04015457.1	.	protein_coding	upp1	uridine phosphorylase 1 [Source:NCBI gene%3BAcc:100196719]
ENSSSAG00000055059	AGKD04015479.1	.	protein_coding		
ENSSSAG00000055066	ssa14	.	lncRNA		
ENSSSAG00000055080	AGKD04015485.1	.	pseudogene		
ENSSSAG00000055082	ssa16	.	lncRNA		uncharacterized LOC106574652 [Source:NCBI gene%3BAcc:106574652]
ENSSSAG00000055086	ssa29	.	pseudogene		
ENSSSAG00000055088	ssa15	.	lncRNA		
ENSSSAG00000055091	AGKD04015486.1	.	protein_coding	cmtm6	CKLF-like MARVEL transmembrane domain-containing protein 6 [Source:NCBI gene%3BAcc:106592254]
ENSSSAG00000055103	AGKD04015487.1	.	snoRNA	SNORD29	Small nucleolar RNA SNORD29 [Source:RFAM%3BAcc:RF00070]
ENSSSAG00000055105	AGKD04015487.1	.	snoRNA	SNORD22	Small nucleolar RNA SNORD22 [Source:RFAM%3BAcc:RF00099]
ENSSSAG00000055106	AGKD04015487.1	.	snoRNA	SNORD31	Small nucleolar RNA SNORD31 [Source:RFAM%3BAcc:RF00089]
ENSSSAG00000055107	AGKD04015487.1	.	snoRNA	SNORD31	Small nucleolar RNA SNORD31 [Source:RFAM%3BAcc:RF00089]
ENSSSAG00000055110	AGKD04015491.1	.	lncRNA		
ENSSSAG00000055122	ssa15	.	lncRNA		
ENSSSAG00000055124	ssa14	.	pseudogene		
ENSSSAG00000055125	ssa15	.	lncRNA		
ENSSSAG00000055183	ssa16	.	protein_coding	SYAP1	synapse-associated protein 1-like [Source:NCBI gene%3BAcc:106574796]
ENSSSAG00000055211	ssa14	.	miRNA	ssa-mir-460-2	ssa-mir-460-2 [Source:miRBase%3BAcc:MI0026711]
ENSSSAG00000055227	AGKD04023911.1	.	protein_coding		ankyrin repeat and SOCS box protein 7-like [Source:NCBI gene%3BAcc:106595582]
ENSSSAG00000055245	AGKD04023923.1	.	protein_coding		
ENSSSAG00000055260	ssa27	.	lncRNA		
ENSSSAG00000055267	ssa23	.	lncRNA		uncharacterized LOC106584515 [Source:NCBI gene%3BAcc:106584515]
ENSSSAG00000055284	ssa27	.	lncRNA		
ENSSSAG00000055288	ssa27	.	snRNA		
ENSSSAG00000055294	ssa27	.	snoRNA		
ENSSSAG00000055295	ssa23	.	snRNA	U7	U7 small nuclear RNA [Source:RFAM%3BAcc:RF00066]
ENSSSAG00000055296	ssa24	.	miRNA	ssa-mir-204-4	ssa-mir-204-4 [Source:miRBase%3BAcc:MI0026593]
ENSSSAG00000055304	ssa23	.	lncRNA		
ENSSSAG00000055305	ssa23	.	lncRNA		
ENSSSAG00000055324	ssa07	.	lncRNA		
ENSSSAG00000055354	ssa07	.	lncRNA		
ENSSSAG00000055355	ssa18	.	lncRNA		serine/arginine repetitive matrix protein 1-like [Source:NCBI gene%3BAcc:106576954]
ENSSSAG00000055368	ssa19	.	lncRNA		
ENSSSAG00000055372	ssa11	.	lncRNA		
ENSSSAG00000055380	ssa27	.	pseudogene		transcription factor SOX-4-like [Source:NCBI gene%3BAcc:106589061]
ENSSSAG00000055382	ssa10	.	lncRNA		
ENSSSAG00000055408	ssa04	.	pseudogene		
ENSSSAG00000055409	ssa27	.	snoRNA		
ENSSSAG00000055411	ssa27	.	snoRNA		
ENSSSAG00000055415	ssa27	.	snoRNA		
ENSSSAG00000055418	ssa27	.	snoRNA		
ENSSSAG00000055422	ssa27	.	snoRNA		
ENSSSAG00000055423	ssa27	.	snoRNA		
ENSSSAG00000055434	ssa27	.	lncRNA		
ENSSSAG00000055443	ssa15	.	lncRNA		
ENSSSAG00000055461	ssa04	.	lncRNA		
ENSSSAG00000055463	ssa04	.	miRNA	ssa-mir-139-2	ssa-mir-139-2 [Source:miRBase%3BAcc:MI0026498]
ENSSSAG00000055466	ssa04	.	lncRNA		
ENSSSAG00000055469	ssa26	.	protein_coding	mapk6	mitogen-activated protein kinase 6-like [Source:NCBI gene%3BAcc:106587736]
ENSSSAG00000055471	ssa02	.	pseudogene		activating signal cointegrator 1 complex subunit 3-like [Source:NCBI gene%3BAcc:106579054]
ENSSSAG00000055475	AGKD04023973.1	.	protein_coding	mrpl32	39S ribosomal protein L32%2C mitochondrial-like [Source:NCBI gene%3BAcc:106595598]
ENSSSAG00000055479	AGKD04023974.1	.	protein_coding	psma2	proteasome subunit alpha type-2-like [Source:NCBI gene%3BAcc:106595602]
ENSSSAG00000055484	AGKD04023974.1	.	protein_coding	mrpl32	39S ribosomal protein L32%2C mitochondrial-like [Source:NCBI gene%3BAcc:106595601]
ENSSSAG00000055486	AGKD04023974.1	.	protein_coding		collagen alpha-2(VI) chain-like [Source:NCBI gene%3BAcc:106595600]
ENSSSAG00000055487	ssa15	.	lncRNA		
ENSSSAG00000055492	ssa15	.	lncRNA		
ENSSSAG00000055501	AGKD04023996.1	.	snRNA	U6	U6 spliceosomal RNA [Source:RFAM%3BAcc:RF00026]
ENSSSAG00000055515	ssa15	.	lncRNA		
ENSSSAG00000055521	AGKD04024025.1	.	protein_coding	RL17	60S ribosomal protein L27 [Source:NCBI gene%3BAcc:106595614]
ENSSSAG00000055533	AGKD04024025.1	.	protein_coding		RUN domain-containing protein 1-like [Source:NCBI gene%3BAcc:106595613]
ENSSSAG00000055535	ssa09	.	lncRNA		
ENSSSAG00000055537	ssa09	.	lncRNA		
ENSSSAG00000055539	ssa09	.	lncRNA		
ENSSSAG00000055550	ssa12	.	miRNA	ssa-mir-135b-2	ssa-mir-135b-2 [Source:miRBase%3BAcc:MI0026487]
ENSSSAG00000055555	ssa09	.	protein_coding		rho guanine nucleotide exchange factor 9 [Source:NCBI gene%3BAcc:106612174]
ENSSSAG00000055560	ssa17	.	lncRNA		
ENSSSAG00000055561	ssa27	.	lncRNA		uncharacterized LOC106588665 [Source:NCBI gene%3BAcc:106588665]
ENSSSAG00000055565	ssa26	.	lncRNA		
ENSSSAG00000055577	ssa21	.	lncRNA		
ENSSSAG00000055589	ssa10	.	lncRNA		
ENSSSAG00000055590	ssa10	.	lncRNA		
ENSSSAG00000055595	ssa26	.	lncRNA		
ENSSSAG00000055597	ssa21	.	lncRNA		
ENSSSAG00000055610	ssa21	.	lncRNA		
ENSSSAG00000055615	ssa21	.	lncRNA		
ENSSSAG00000055649	ssa04	.	lncRNA		
ENSSSAG00000055651	ssa16	.	lncRNA		
ENSSSAG00000055655	ssa09	.	lncRNA		
ENSSSAG00000055656	ssa04	.	lncRNA		
ENSSSAG00000055657	ssa06	.	lncRNA		
ENSSSAG00000055659	ssa09	.	lncRNA		
ENSSSAG00000055663	AGKD04024163.1	.	lncRNA		
ENSSSAG00000055667	AGKD04024165.1	.	protein_coding		
ENSSSAG00000055673	ssa06	.	lncRNA		
ENSSSAG00000055715	ssa13	.	lncRNA		
ENSSSAG00000055719	ssa22	.	pseudogene		
ENSSSAG00000055723	ssa21	.	lncRNA		
ENSSSAG00000055726	ssa21	.	processed_pseudogene		
ENSSSAG00000055733	AGKD04024185.1	.	protein_coding	IL8	interleukin-8-like [Source:NCBI gene%3BAcc:106595660]
ENSSSAG00000055738	AGKD04024187.1	.	snoRNA	U3	Small nucleolar RNA U3 [Source:RFAM%3BAcc:RF00012]
ENSSSAG00000055741	AGKD04024187.1	.	snoRNA		
ENSSSAG00000055743	AGKD04024187.1	.	snoRNA	U3	Small nucleolar RNA U3 [Source:RFAM%3BAcc:RF00012]
ENSSSAG00000055744	AGKD04024187.1	.	snoRNA		
ENSSSAG00000055745	AGKD04024187.1	.	snoRNA	U3	Small nucleolar RNA U3 [Source:RFAM%3BAcc:RF00012]
ENSSSAG00000055748	AGKD04024187.1	.	snoRNA	U3	Small nucleolar RNA U3 [Source:RFAM%3BAcc:RF00012]
ENSSSAG00000055749	AGKD04024187.1	.	snoRNA	U3	Small nucleolar RNA U3 [Source:RFAM%3BAcc:RF00012]
ENSSSAG00000055752	AGKD04024187.1	.	snoRNA	U3	Small nucleolar RNA U3 [Source:RFAM%3BAcc:RF00012]
ENSSSAG00000055754	AGKD04024187.1	.	snoRNA		
ENSSSAG00000055757	ssa22	.	lncRNA		
ENSSSAG00000055758	AGKD04024187.1	.	snoRNA		
ENSSSAG00000055760	ssa22	.	lncRNA		
ENSSSAG00000055762	AGKD04024187.1	.	snoRNA	U3	Small nucleolar RNA U3 [Source:RFAM%3BAcc:RF00012]
ENSSSAG00000055787	ssa14	.	snRNA		
ENSSSAG00000055793	ssa14	.	snoRNA		
ENSSSAG00000055796	ssa17	.	lncRNA		mucin-5AC-like [Source:NCBI gene%3BAcc:106576282]
ENSSSAG00000055814	ssa09	.	protein_coding	asb12b	ankyrin repeat and SOCS box protein 12-like [Source:NCBI gene%3BAcc:106612176]
ENSSSAG00000055847	ssa24	.	pseudogene		
ENSSSAG00000055864	ssa14	.	lncRNA		
ENSSSAG00000055870	AGKD04024217.1	.	protein_coding		protein lifeguard 1-like [Source:NCBI gene%3BAcc:106595672]
ENSSSAG00000055878	ssa07	.	lncRNA		
ENSSSAG00000055880	ssa14	.	miRNA	ssa-mir-727-1	ssa-mir-727-1 [Source:miRBase%3BAcc:MI0026732]
ENSSSAG00000055883	ssa14	.	lncRNA		
ENSSSAG00000055888	ssa01	.	snRNA	U7	U7 small nuclear RNA [Source:RFAM%3BAcc:RF00066]
ENSSSAG00000055893	ssa13	.	lncRNA		
ENSSSAG00000055902	ssa25	.	miRNA	ssa-mir-734	ssa-mir-734 [Source:miRBase%3BAcc:MI0026781]
ENSSSAG00000055903	ssa13	.	lncRNA		
ENSSSAG00000055909	AGKD04024234.1	.	snRNA	U1	U1 spliceosomal RNA [Source:RFAM%3BAcc:RF00003]
ENSSSAG00000055912	AGKD04024234.1	.	snRNA	U1	U1 spliceosomal RNA [Source:RFAM%3BAcc:RF00003]
ENSSSAG00000055919	AGKD04024283.1	.	protein_coding		
ENSSSAG00000055920	ssa13	.	lncRNA		
ENSSSAG00000055933	ssa16	.	protein_coding	LRRC3	leucine rich repeat containing 3 [Source:HGNC Symbol%3BAcc:HGNC:14965]
ENSSSAG00000055958	ssa19	.	lncRNA		putative proline-rich protein 21 [Source:NCBI gene%3BAcc:106578495]
ENSSSAG00000055964	ssa19	.	lncRNA		
ENSSSAG00000055977	ssa07	.	snoRNA		
ENSSSAG00000055978	ssa07	.	snoRNA		
ENSSSAG00000055984	ssa04	.	lncRNA		
ENSSSAG00000055987	ssa04	.	lncRNA		
ENSSSAG00000056001	ssa21	.	snRNA	U2	U2 spliceosomal RNA [Source:RFAM%3BAcc:RF00004]
ENSSSAG00000056041	ssa05	.	miRNA	ssa-mir-194c	ssa-mir-194c [Source:miRBase%3BAcc:MI0026558]
ENSSSAG00000056050	ssa14	.	protein_coding	nkiras1	NFKB inhibitor interacting Ras like 1 [Source:NCBI gene%3BAcc:106570283]
ENSSSAG00000056059	ssa07	.	lncRNA		
ENSSSAG00000056064	ssa14	.	snoRNA		
ENSSSAG00000056069	ssa20	.	lncRNA		
ENSSSAG00000056093	ssa06	.	lncRNA		zinc finger CCHC domain-containing protein 10-like [Source:NCBI gene%3BAcc:106607575]
ENSSSAG00000056105	ssa15	.	protein_coding		acyl-coenzyme A thioesterase 1-like [Source:NCBI gene%3BAcc:106571059]
ENSSSAG00000056115	ssa19	.	lncRNA		
ENSSSAG00000056124	ssa20	.	pseudogene		
ENSSSAG00000056143	ssa15	.	pseudogene		
ENSSSAG00000056158	ssa06	.	miRNA	MIR365A	microRNA 365a [Source:HGNC Symbol%3BAcc:HGNC:33692]
ENSSSAG00000056159	ssa06	.	miRNA	ssa-mir-193	ssa-mir-193 [Source:miRBase%3BAcc:MI0026554]
ENSSSAG00000056168	ssa26	.	protein_coding		mitochondrial glutamate carrier 1-like [Source:NCBI gene%3BAcc:106587515]
ENSSSAG00000056171	ssa28	.	miRNA	ssa-mir-338a-1	ssa-mir-338a-1 [Source:miRBase%3BAcc:MI0026688]
ENSSSAG00000056174	ssa26	.	lncRNA		
ENSSSAG00000056190	ssa12	.	miRNA	ssa-mir-26a-1	ssa-mir-26a-1 [Source:miRBase%3BAcc:MI0026649]
ENSSSAG00000056192	ssa26	.	pseudogene		
ENSSSAG00000056243	ssa22	.	lncRNA		
ENSSSAG00000056244	ssa22	.	lncRNA		
ENSSSAG00000056264	AGKD04054780.1	.	misc_RNA	Metazoa_SRP	Metazoan signal recognition particle RNA [Source:RFAM%3BAcc:RF00017]
ENSSSAG00000056269	ssa06	.	protein_coding	ints1	integrator complex subunit 1-like [Source:NCBI gene%3BAcc:106607338]
ENSSSAG00000056270	ssa03	.	miRNA	ssa-mir-199a-3	ssa-mir-199a-3 [Source:miRBase%3BAcc:MI0026567]
ENSSSAG00000056273	ssa03	.	miRNA	ssa-mir-214-1	ssa-mir-214-1 [Source:miRBase%3BAcc:MI0026611]
ENSSSAG00000056281	AGKD04054813.1	.	protein_coding		
ENSSSAG00000056318	AGKD04054898.1	.	protein_coding		
ENSSSAG00000056349	ssa11	.	protein_coding	sdr42e1	short-chain dehydrogenase/reductase family 42E member 1-like [Source:NCBI gene%3BAcc:106562336]
ENSSSAG00000056379	ssa03	.	lncRNA		proline-rich receptor-like protein kinase PERK8 [Source:NCBI gene%3BAcc:106600406]
ENSSSAG00000056391	ssa29	.	lncRNA		
ENSSSAG00000056427	ssa01	.	lncRNA		
ENSSSAG00000056429	ssa01	.	lncRNA		
ENSSSAG00000056435	ssa03	.	lncRNA		
ENSSSAG00000056454	ssa14	.	lncRNA		
ENSSSAG00000056461	ssa04	.	lncRNA		
ENSSSAG00000056497	ssa10	.	snRNA	U2	U2 spliceosomal RNA [Source:RFAM%3BAcc:RF00004]
ENSSSAG00000056498	ssa10	.	snRNA	U2	U2 spliceosomal RNA [Source:RFAM%3BAcc:RF00004]
ENSSSAG00000056504	ssa29	.	miRNA	MIR124-2	microRNA 124-2 [Source:HGNC Symbol%3BAcc:HGNC:31503]
ENSSSAG00000056512	ssa11	.	miRNA	ssa-mir-192b	ssa-mir-192b [Source:miRBase%3BAcc:MI0026553]
ENSSSAG00000056513	ssa11	.	miRNA	ssa-mir-194a-2	ssa-mir-194a-2 [Source:miRBase%3BAcc:MI0026556]
ENSSSAG00000056518	ssa05	.	lncRNA		
ENSSSAG00000056520	ssa05	.	lncRNA		
ENSSSAG00000056531	ssa29	.	pseudogene		
ENSSSAG00000056534	ssa05	.	lncRNA		
ENSSSAG00000056543	AGKD04763563.1	.	protein_coding		
ENSSSAG00000056547	AGKD04763570.1	.	snRNA	U1	U1 spliceosomal RNA [Source:RFAM%3BAcc:RF00003]
ENSSSAG00000056568	ssa02	.	snoRNA	SNORD58	Small nucleolar RNA SNORD58 [Source:RFAM%3BAcc:RF00151]
ENSSSAG00000056571	AGKD04764089.1	.	protein_coding		
ENSSSAG00000056577	AGKD04764092.1	.	protein_coding		
ENSSSAG00000056583	AGKD04764348.1	.	snRNA	U5	U5 spliceosomal RNA [Source:RFAM%3BAcc:RF00020]
ENSSSAG00000056590	AGKD04764712.1	.	protein_coding		
ENSSSAG00000056592	ssa01	.	lncRNA		
ENSSSAG00000056597	ssa07	.	pseudogene		
ENSSSAG00000056599	AGKD04764829.1	.	snRNA	U5	U5 spliceosomal RNA [Source:RFAM%3BAcc:RF00020]
ENSSSAG00000056601	ssa10	.	lncRNA		
ENSSSAG00000056605	ssa29	.	lncRNA		
ENSSSAG00000056608	AGKD04765157.1	.	pseudogene		
ENSSSAG00000056612	ssa13	.	lncRNA		
ENSSSAG00000056613	ssa13	.	lncRNA		
ENSSSAG00000056614	AGKD04765348.1	.	snRNA	U5	U5 spliceosomal RNA [Source:RFAM%3BAcc:RF00020]
ENSSSAG00000056626	ssa10	.	lncRNA		
ENSSSAG00000056627	AGKD04765618.1	.	protein_coding		
ENSSSAG00000056629	AGKD04765749.1	.	snRNA	U2	U2 spliceosomal RNA [Source:RFAM%3BAcc:RF00004]
ENSSSAG00000056640	AGKD04766843.1	.	protein_coding		
ENSSSAG00000056645	ssa07	.	lncRNA		
ENSSSAG00000056654	ssa02	.	protein_coding	fzd6	frizzled-6-like [Source:NCBI gene%3BAcc:106578482]
ENSSSAG00000056662	ssa16	.	protein_coding		
ENSSSAG00000056664	ssa16	.	lncRNA		
ENSSSAG00000056672	AGKD04767789.1	.	protein_coding		
ENSSSAG00000056680	AGKD04768100.1	.	snRNA	U5	U5 spliceosomal RNA [Source:RFAM%3BAcc:RF00020]
ENSSSAG00000056682	AGKD04768299.1	.	misc_RNA	Metazoa_SRP	Metazoan signal recognition particle RNA [Source:RFAM%3BAcc:RF00017]
ENSSSAG00000056683	AGKD04768347.1	.	snRNA	U6	U6 spliceosomal RNA [Source:RFAM%3BAcc:RF00026]
ENSSSAG00000056699	ssa16	.	rRNA	5_8S_rRNA	5.8S ribosomal RNA [Source:RFAM%3BAcc:RF00002]
ENSSSAG00000056709	AGKD04769186.1	.	snRNA	U4	U4 spliceosomal RNA [Source:RFAM%3BAcc:RF00015]
ENSSSAG00000056715	AGKD04769301.1	.	snRNA	U2	U2 spliceosomal RNA [Source:RFAM%3BAcc:RF00004]
ENSSSAG00000056716	AGKD04769479.1	.	snRNA	U5	U5 spliceosomal RNA [Source:RFAM%3BAcc:RF00020]
ENSSSAG00000056720	ssa26	.	protein_coding		
ENSSSAG00000056725	ssa15	.	protein_coding	atf7a	cyclic AMP-dependent transcription factor ATF-7-like [Source:NCBI gene%3BAcc:106572788]
ENSSSAG00000056730	AGKD04769577.1	.	pseudogene		
ENSSSAG00000056733	AGKD04769669.1	.	protein_coding	TPT1	tumor protein%2C translationally-controlled 1 [Source:HGNC Symbol%3BAcc:HGNC:12022]
ENSSSAG00000056751	AGKD04770277.1	.	snRNA	U6	U6 spliceosomal RNA [Source:RFAM%3BAcc:RF00026]
ENSSSAG00000056759	ssa27	.	miRNA	ssa-mir-9a-8	ssa-mir-9a-8 [Source:miRBase%3BAcc:MI0026776]
ENSSSAG00000056763	AGKD04770434.1	.	snRNA	U2	U2 spliceosomal RNA [Source:RFAM%3BAcc:RF00004]
ENSSSAG00000056765	AGKD04770647.1	.	snRNA	U2	U2 spliceosomal RNA [Source:RFAM%3BAcc:RF00004]
ENSSSAG00000056766	AGKD04770774.1	.	snRNA	U7	U7 small nuclear RNA [Source:RFAM%3BAcc:RF00066]
ENSSSAG00000056768	AGKD04770784.1	.	snRNA	U1	U1 spliceosomal RNA [Source:RFAM%3BAcc:RF00003]
ENSSSAG00000056770	AGKD04771138.1	.	snRNA	U2	U2 spliceosomal RNA [Source:RFAM%3BAcc:RF00004]
ENSSSAG00000056773	AGKD04771366.1	.	snRNA	U2	U2 spliceosomal RNA [Source:RFAM%3BAcc:RF00004]
ENSSSAG00000056778	AGKD04771907.1	.	snRNA	U5	U5 spliceosomal RNA [Source:RFAM%3BAcc:RF00020]
ENSSSAG00000056781	AGKD04771922.1	.	snRNA	U1	U1 spliceosomal RNA [Source:RFAM%3BAcc:RF00003]
ENSSSAG00000056788	AGKD04772564.1	.	protein_coding		
ENSSSAG00000056794	AGKD04772749.1	.	snRNA	U2	U2 spliceosomal RNA [Source:RFAM%3BAcc:RF00004]
ENSSSAG00000056806	ssa26	.	protein_coding		
ENSSSAG00000056814	AGKD04773484.1	.	snoRNA	U3	Small nucleolar RNA U3 [Source:RFAM%3BAcc:RF00012]
ENSSSAG00000056817	AGKD04773511.1	.	snRNA	U4	U4 spliceosomal RNA [Source:RFAM%3BAcc:RF00015]
ENSSSAG00000056818	AGKD04106210.1	.	protein_coding		
ENSSSAG00000056822	AGKD04011216.1	.	pseudogene		
ENSSSAG00000056844	AGKD04106355.1	.	snRNA	U1	U1 spliceosomal RNA [Source:RFAM%3BAcc:RF00003]
ENSSSAG00000056860	ssa14	.	snRNA	U7	U7 small nuclear RNA [Source:RFAM%3BAcc:RF00066]
ENSSSAG00000056869	ssa13	.	lncRNA		uncharacterized LOC106566378 [Source:NCBI gene%3BAcc:106566378]
ENSSSAG00000056905	ssa15	.	protein_coding	larp4aa	la-related protein 4-like [Source:NCBI gene%3BAcc:106572789]
ENSSSAG00000056911	ssa07	.	miRNA	ssa-mir-730a-2	ssa-mir-730a-2 [Source:miRBase%3BAcc:MI0026736]
ENSSSAG00000056924	ssa07	.	snRNA	U7	U7 small nuclear RNA [Source:RFAM%3BAcc:RF00066]
ENSSSAG00000056928	AGKD04106671.1	.	protein_coding		E3 ubiquitin-protein ligase Mdm2-like [Source:NCBI gene%3BAcc:106599688]
ENSSSAG00000056932	AGKD04106694.1	.	pseudogene		heat shock protein 30-like [Source:NCBI gene%3BAcc:106599689]
ENSSSAG00000056974	ssa12	.	lncRNA		
ENSSSAG00000056976	ssa20	.	miRNA	ssa-mir-22a	ssa-mir-22a [Source:miRBase%3BAcc:MI0026633]
ENSSSAG00000056977	ssa21	.	lncRNA		
ENSSSAG00000056998	ssa21	.	lncRNA		
ENSSSAG00000057014	AGKD04107028.1	.	protein_coding		
ENSSSAG00000057018	AGKD04107028.1	.	protein_coding		
ENSSSAG00000057021	AGKD04107057.1	.	snRNA	U6	U6 spliceosomal RNA [Source:RFAM%3BAcc:RF00026]
ENSSSAG00000057022	AGKD04107057.1	.	snRNA	U6	U6 spliceosomal RNA [Source:RFAM%3BAcc:RF00026]
ENSSSAG00000057030	ssa21	.	snoRNA		
ENSSSAG00000057036	ssa23	.	lncRNA		
ENSSSAG00000057037	ssa23	.	lncRNA		
ENSSSAG00000057038	ssa21	.	miRNA	ssa-mir-1788	ssa-mir-1788 [Source:miRBase%3BAcc:MI0026532]
ENSSSAG00000057043	ssa05	.	lncRNA		
ENSSSAG00000057044	ssa05	.	lncRNA		
ENSSSAG00000057045	ssa21	.	miRNA	ssa-mir-375-1	ssa-mir-375-1 [Source:miRBase%3BAcc:MI0026695]
ENSSSAG00000057064	ssa16	.	lncRNA		
ENSSSAG00000057067	ssa21	.	protein_coding	gad1a	glutamate decarboxylase 1-like [Source:NCBI gene%3BAcc:106581773]
ENSSSAG00000057075	ssa09	.	miRNA	ssa-mir-132-4	ssa-mir-132-4 [Source:miRBase%3BAcc:MI0026478]
ENSSSAG00000057080	ssa09	.	miRNA	ssa-mir-212b-2	ssa-mir-212b-2 [Source:miRBase%3BAcc:MI0026610]
ENSSSAG00000057095	ssa20	.	lncRNA		
ENSSSAG00000057096	ssa20	.	lncRNA		
ENSSSAG00000057104	ssa22	.	lncRNA		
ENSSSAG00000057113	ssa05	.	lncRNA		
ENSSSAG00000057118	ssa05	.	lncRNA		
ENSSSAG00000057144	AGKD04190731.1	.	pseudogene		
ENSSSAG00000057155	AGKD04191401.1	.	protein_coding		
ENSSSAG00000057193	AGKD04191710.1	.	protein_coding		
ENSSSAG00000057194	AGKD04191781.1	.	pseudogene		
ENSSSAG00000057208	AGKD04192576.1	.	snoRNA	U3	Small nucleolar RNA U3 [Source:RFAM%3BAcc:RF00012]
ENSSSAG00000057218	AGKD04192745.1	.	pseudogene		
ENSSSAG00000057256	AGKD04011969.1	.	snRNA	U1	U1 spliceosomal RNA [Source:RFAM%3BAcc:RF00003]
ENSSSAG00000057275	AGKD04012003.1	.	protein_coding		
ENSSSAG00000057297	AGKD04012065.1	.	snRNA	U6	U6 spliceosomal RNA [Source:RFAM%3BAcc:RF00026]
ENSSSAG00000057306	ssa05	.	protein_coding	plekhf2	pleckstrin homology and FYVE domain containing 2 [Source:NCBI gene%3BAcc:106605372]
ENSSSAG00000057311	ssa09	.	lncRNA		
ENSSSAG00000057314	ssa09	.	lncRNA		
ENSSSAG00000057317	AGKD04194772.1	.	protein_coding		
ENSSSAG00000057339	AGKD04012119.1	.	protein_coding		
ENSSSAG00000057342	AGKD04012119.1	.	protein_coding		
ENSSSAG00000057343	ssa02	.	lncRNA		carcinoembryonic antigen-related cell adhesion molecule 20-like [Source:NCBI gene%3BAcc:106578696]
ENSSSAG00000057344	AGKD04011488.1	.	lncRNA		
ENSSSAG00000057348	ssa02	.	lncRNA		
ENSSSAG00000057350	ssa02	.	lncRNA		
ENSSSAG00000057352	ssa02	.	lncRNA		
ENSSSAG00000057370	AGKD04011502.1	.	protein_coding	ptpn2a	tyrosine-protein phosphatase non-receptor type 2-like [Source:NCBI gene%3BAcc:106591389]
ENSSSAG00000057372	AGKD04012196.1	.	protein_coding		
ENSSSAG00000057404	AGKD04012272.1	.	protein_coding		
ENSSSAG00000057406	ssa21	.	lncRNA		
ENSSSAG00000057409	ssa02	.	lncRNA		
ENSSSAG00000057417	ssa05	.	snoRNA	SNORD36	Small nucleolar RNA SNORD36 [Source:RFAM%3BAcc:RF00049]
ENSSSAG00000057418	AGKD04012314.1	.	protein_coding		
ENSSSAG00000057426	AGKD04012363.1	.	snRNA	U1	U1 spliceosomal RNA [Source:RFAM%3BAcc:RF00003]
ENSSSAG00000057428	AGKD04012363.1	.	snRNA	U1	U1 spliceosomal RNA [Source:RFAM%3BAcc:RF00003]
ENSSSAG00000057430	ssa05	.	lncRNA		
ENSSSAG00000057434	AGKD04011766.1	.	protein_coding	zhx2a	zinc fingers and homeoboxes protein 2-like [Source:NCBI gene%3BAcc:106591485]
ENSSSAG00000057437	AGKD04011806.1	.	snRNA	U1	U1 spliceosomal RNA [Source:RFAM%3BAcc:RF00003]
ENSSSAG00000057440	AGKD04011806.1	.	snRNA	U1	U1 spliceosomal RNA [Source:RFAM%3BAcc:RF00003]
ENSSSAG00000057441	AGKD04011806.1	.	snRNA	U1	U1 spliceosomal RNA [Source:RFAM%3BAcc:RF00003]
ENSSSAG00000057443	AGKD04011812.1	.	snRNA	U1	U1 spliceosomal RNA [Source:RFAM%3BAcc:RF00003]
ENSSSAG00000057444	AGKD04011812.1	.	snRNA	U1	U1 spliceosomal RNA [Source:RFAM%3BAcc:RF00003]
ENSSSAG00000057445	AGKD04011812.1	.	snRNA	U1	U1 spliceosomal RNA [Source:RFAM%3BAcc:RF00003]
ENSSSAG00000057447	AGKD04011812.1	.	snRNA	U1	U1 spliceosomal RNA [Source:RFAM%3BAcc:RF00003]
ENSSSAG00000057451	ssa05	.	protein_coding	DCSTAMP	dendritic cell-specific transmembrane protein-like [Source:NCBI gene%3BAcc:106605382]
ENSSSAG00000057462	ssa18	.	lncRNA		mucin-5AC-like [Source:NCBI gene%3BAcc:106577588]
ENSSSAG00000057464	AGKD04011832.1	.	snRNA	U6	U6 spliceosomal RNA [Source:RFAM%3BAcc:RF00026]
ENSSSAG00000057465	AGKD04011832.1	.	snRNA	U6	U6 spliceosomal RNA [Source:RFAM%3BAcc:RF00026]
ENSSSAG00000057466	AGKD04011832.1	.	snRNA	U6	U6 spliceosomal RNA [Source:RFAM%3BAcc:RF00026]
ENSSSAG00000057467	AGKD04168708.1	.	protein_coding		
ENSSSAG00000057468	AGKD04011832.1	.	snRNA	U6	U6 spliceosomal RNA [Source:RFAM%3BAcc:RF00026]
ENSSSAG00000057469	AGKD04011832.1	.	snRNA	U6	U6 spliceosomal RNA [Source:RFAM%3BAcc:RF00026]
ENSSSAG00000057474	AGKD04011832.1	.	snRNA	U6	U6 spliceosomal RNA [Source:RFAM%3BAcc:RF00026]
ENSSSAG00000057489	AGKD04012514.1	.	protein_coding	dap3	28S ribosomal protein S29%2C mitochondrial-like [Source:NCBI gene%3BAcc:106591640]
ENSSSAG00000057500	AGKD04169869.1	.	protein_coding	LYZ	lysozyme [Source:HGNC Symbol%3BAcc:HGNC:6740]
ENSSSAG00000057503	AGKD04011874.1	.	protein_coding	osr2	protein odd-skipped-related 2 [Source:NCBI gene%3BAcc:106591507]
ENSSSAG00000057513	AGKD04011887.1	.	misc_RNA	Metazoa_SRP	Metazoan signal recognition particle RNA [Source:RFAM%3BAcc:RF00017]
ENSSSAG00000057514	AGKD04011887.1	.	misc_RNA	Metazoa_SRP	Metazoan signal recognition particle RNA [Source:RFAM%3BAcc:RF00017]
ENSSSAG00000057515	AGKD04170257.1	.	protein_coding		
ENSSSAG00000057516	AGKD04011887.1	.	misc_RNA	Metazoa_SRP	Metazoan signal recognition particle RNA [Source:RFAM%3BAcc:RF00017]
ENSSSAG00000057518	AGKD04011887.1	.	misc_RNA	Metazoa_SRP	Metazoan signal recognition particle RNA [Source:RFAM%3BAcc:RF00017]
ENSSSAG00000057520	AGKD04011887.1	.	misc_RNA	Metazoa_SRP	Metazoan signal recognition particle RNA [Source:RFAM%3BAcc:RF00017]
ENSSSAG00000057522	AGKD04011887.1	.	misc_RNA	Metazoa_SRP	Metazoan signal recognition particle RNA [Source:RFAM%3BAcc:RF00017]
ENSSSAG00000057527	AGKD04170380.1	.	pseudogene		
ENSSSAG00000057530	AGKD04170417.1	.	pseudogene		
ENSSSAG00000057536	AGKD04011916.1	.	protein_coding		
ENSSSAG00000057541	AGKD04011918.1	.	snRNA	U1	U1 spliceosomal RNA [Source:RFAM%3BAcc:RF00003]
ENSSSAG00000057543	AGKD04011918.1	.	snRNA	U1	U1 spliceosomal RNA [Source:RFAM%3BAcc:RF00003]
ENSSSAG00000057545	AGKD04011918.1	.	snRNA	U1	U1 spliceosomal RNA [Source:RFAM%3BAcc:RF00003]
ENSSSAG00000057553	ssa16	.	lncRNA		
ENSSSAG00000057555	ssa16	.	lncRNA		
ENSSSAG00000057567	AGKD04012523.1	.	lncRNA		
ENSSSAG00000057582	AGKD04170846.1	.	snRNA	U1	U1 spliceosomal RNA [Source:RFAM%3BAcc:RF00003]
ENSSSAG00000057628	AGKD04171300.1	.	pseudogene		
ENSSSAG00000057639	ssa26	.	lncRNA		
ENSSSAG00000057650	AGKD04172091.1	.	snRNA	U4	U4 spliceosomal RNA [Source:RFAM%3BAcc:RF00015]
ENSSSAG00000057651	AGKD04172091.1	.	snRNA	U4	U4 spliceosomal RNA [Source:RFAM%3BAcc:RF00015]
ENSSSAG00000057670	ssa09	.	protein_coding	zc4h2	zinc finger C4H2 domain-containing protein-like [Source:NCBI gene%3BAcc:106612184]
ENSSSAG00000057681	AGKD04011969.1	.	snRNA	U1	U1 spliceosomal RNA [Source:RFAM%3BAcc:RF00003]
ENSSSAG00000057717	ssa03	.	lncRNA		
ENSSSAG00000057729	AGKD04013008.1	.	protein_coding		
ENSSSAG00000057735	AGKD04013071.1	.	snRNA	U1	U1 spliceosomal RNA [Source:RFAM%3BAcc:RF00003]
ENSSSAG00000057736	AGKD04013071.1	.	snRNA	U1	U1 spliceosomal RNA [Source:RFAM%3BAcc:RF00003]
ENSSSAG00000057742	AGKD04490069.1	.	snRNA	U2	U2 spliceosomal RNA [Source:RFAM%3BAcc:RF00004]
ENSSSAG00000057746	AGKD04013178.1	.	protein_coding		
ENSSSAG00000057747	AGKD04490311.1	.	misc_RNA	Metazoa_SRP	Metazoan signal recognition particle RNA [Source:RFAM%3BAcc:RF00017]
ENSSSAG00000057749	AGKD04013195.1	.	snRNA	U2	U2 spliceosomal RNA [Source:RFAM%3BAcc:RF00004]
ENSSSAG00000057751	AGKD04490386.1	.	snRNA	U2	U2 spliceosomal RNA [Source:RFAM%3BAcc:RF00004]
ENSSSAG00000057752	AGKD04490430.1	.	snRNA	U1	U1 spliceosomal RNA [Source:RFAM%3BAcc:RF00003]
ENSSSAG00000057758	AGKD04490748.1	.	protein_coding		
ENSSSAG00000057769	AGKD04490911.1	.	protein_coding		
ENSSSAG00000057771	AGKD04490958.1	.	snoRNA	U3	Small nucleolar RNA U3 [Source:RFAM%3BAcc:RF00012]
ENSSSAG00000057773	AGKD04490970.1	.	protein_coding		
ENSSSAG00000057792	ssa21	.	miRNA	ssa-mir-128-3	ssa-mir-128-3 [Source:miRBase%3BAcc:MI0026463]
ENSSSAG00000057794	AGKD04491198.1	.	protein_coding		
ENSSSAG00000057803	AGKD04013244.1	.	protein_coding		
ENSSSAG00000057808	AGKD04013259.1	.	protein_coding		
ENSSSAG00000057809	AGKD04491478.1	.	protein_coding		
ENSSSAG00000057813	AGKD04491590.1	.	protein_coding		
ENSSSAG00000057814	AGKD04013298.1	.	misc_RNA	Metazoa_SRP	Metazoan signal recognition particle RNA [Source:RFAM%3BAcc:RF00017]
ENSSSAG00000057817	AGKD04013298.1	.	misc_RNA	Metazoa_SRP	Metazoan signal recognition particle RNA [Source:RFAM%3BAcc:RF00017]
ENSSSAG00000057818	AGKD04491790.1	.	snRNA	U2	U2 spliceosomal RNA [Source:RFAM%3BAcc:RF00004]
ENSSSAG00000057819	AGKD04013305.1	.	snRNA	U2	U2 spliceosomal RNA [Source:RFAM%3BAcc:RF00004]
ENSSSAG00000057820	AGKD04491790.1	.	snRNA	U5	U5 spliceosomal RNA [Source:RFAM%3BAcc:RF00020]
ENSSSAG00000057821	AGKD04016079.1	.	protein_coding		
ENSSSAG00000057822	AGKD04013305.1	.	snRNA	U5	U5 spliceosomal RNA [Source:RFAM%3BAcc:RF00020]
ENSSSAG00000057825	AGKD04491829.1	.	protein_coding		
ENSSSAG00000057827	AGKD04013305.1	.	snRNA	U2	U2 spliceosomal RNA [Source:RFAM%3BAcc:RF00004]
ENSSSAG00000057838	AGKD04013327.1	.	snRNA	U2	U2 spliceosomal RNA [Source:RFAM%3BAcc:RF00004]
ENSSSAG00000057839	AGKD04491985.1	.	protein_coding		
ENSSSAG00000057842	ssa05	.	protein_coding	gnb2l1	guanine nucleotide-binding protein subunit beta-2-like 1 [Source:NCBI gene%3BAcc:106604916]
ENSSSAG00000057847	AGKD04492078.1	.	snRNA	U1	U1 spliceosomal RNA [Source:RFAM%3BAcc:RF00003]
ENSSSAG00000057859	ssa24	.	lncRNA		
ENSSSAG00000057863	ssa14	.	pseudogene		
ENSSSAG00000057878	ssa09	.	snRNA	U7	U7 small nuclear RNA [Source:RFAM%3BAcc:RF00066]
ENSSSAG00000057882	ssa05	.	lncRNA		
ENSSSAG00000057895	ssa04	.	lncRNA		
ENSSSAG00000057897	AGKD04016089.1	.	protein_coding		OCIA domain-containing protein 1-like [Source:NCBI gene%3BAcc:106592595]
ENSSSAG00000057899	AGKD04492612.1	.	snRNA	U2	U2 spliceosomal RNA [Source:RFAM%3BAcc:RF00004]
ENSSSAG00000057900	ssa04	.	lncRNA		
ENSSSAG00000057902	ssa04	.	lncRNA		
ENSSSAG00000057904	ssa21	.	lncRNA		
ENSSSAG00000057911	AGKD04492712.1	.	protein_coding		
ENSSSAG00000057916	AGKD04492760.1	.	snoRNA		
ENSSSAG00000057919	AGKD04492760.1	.	snoRNA	U3	Small nucleolar RNA U3 [Source:RFAM%3BAcc:RF00012]
ENSSSAG00000057922	AGKD04016089.1	.	snRNA	U1	U1 spliceosomal RNA [Source:RFAM%3BAcc:RF00003]
ENSSSAG00000057924	AGKD04016089.1	.	pseudogene		
ENSSSAG00000057943	AGKD04493160.1	.	pseudogene		
ENSSSAG00000057957	AGKD04493270.1	.	pseudogene		
ENSSSAG00000057966	AGKD04493674.1	.	snRNA	U2	U2 spliceosomal RNA [Source:RFAM%3BAcc:RF00004]
ENSSSAG00000057972	AGKD04072871.1	.	snRNA	U5	U5 spliceosomal RNA [Source:RFAM%3BAcc:RF00020]
ENSSSAG00000057973	AGKD04493721.1	.	snoRNA		
ENSSSAG00000057975	AGKD04493721.1	.	snoRNA		
ENSSSAG00000057979	AGKD04493721.1	.	snoRNA		
ENSSSAG00000057981	AGKD04493888.1	.	protein_coding		
ENSSSAG00000057987	AGKD04493909.1	.	protein_coding		
ENSSSAG00000057991	AGKD04493956.1	.	protein_coding		H3 clustered histone 15 [Source:HGNC Symbol%3BAcc:HGNC:20505]
ENSSSAG00000058004	AGKD04494124.1	.	protein_coding	m17	IL-6 subfamily cytokine M17 [Source:ZFIN%3BAcc:ZDB-GENE-060526-368]
ENSSSAG00000058006	AGKD04016113.1	.	protein_coding	hacl1	2-hydroxyacyl-CoA lyase 1 [Source:NCBI gene%3BAcc:106592607]
ENSSSAG00000058043	AGKD04494796.1	.	protein_coding		
ENSSSAG00000058045	ssa14	.	lncRNA		
ENSSSAG00000058055	ssa14	.	lncRNA		
ENSSSAG00000058057	AGKD04495157.1	.	snoRNA	U3	Small nucleolar RNA U3 [Source:RFAM%3BAcc:RF00012]
ENSSSAG00000058089	ssa15	.	protein_coding		
ENSSSAG00000058094	ssa15	.	protein_coding		
ENSSSAG00000058107	ssa15	.	protein_coding		
ENSSSAG00000058123	ssa15	.	lncRNA		
ENSSSAG00000058137	ssa09	.	protein_coding	GM2A	GM2 ganglioside activator [Source:NCBI gene%3BAcc:106612259]
ENSSSAG00000058144	AGKD04376730.1	.	snRNA	U6	U6 spliceosomal RNA [Source:RFAM%3BAcc:RF00026]
ENSSSAG00000058150	ssa09	.	lncRNA		
ENSSSAG00000058151	AGKD04376965.1	.	snRNA	U2	U2 spliceosomal RNA [Source:RFAM%3BAcc:RF00004]
ENSSSAG00000058161	AGKD04377036.1	.	protein_coding		
ENSSSAG00000058164	AGKD04377045.1	.	snRNA	U1	U1 spliceosomal RNA [Source:RFAM%3BAcc:RF00003]
ENSSSAG00000058165	AGKD04377081.1	.	snRNA	U1	U1 spliceosomal RNA [Source:RFAM%3BAcc:RF00003]
ENSSSAG00000058174	ssa17	.	lncRNA		
ENSSSAG00000058196	AGKD04377473.1	.	snRNA	U2	U2 spliceosomal RNA [Source:RFAM%3BAcc:RF00004]
ENSSSAG00000058197	AGKD04377473.1	.	snRNA	U5	U5 spliceosomal RNA [Source:RFAM%3BAcc:RF00020]
ENSSSAG00000058200	ssa11	.	lncRNA		
ENSSSAG00000058201	AGKD04377597.1	.	protein_coding		
ENSSSAG00000058205	AGKD04377870.1	.	snRNA	U2	U2 spliceosomal RNA [Source:RFAM%3BAcc:RF00004]
ENSSSAG00000058207	AGKD04377870.1	.	snRNA	U5	U5 spliceosomal RNA [Source:RFAM%3BAcc:RF00020]
ENSSSAG00000058212	AGKD04377945.1	.	snRNA	U4	U4 spliceosomal RNA [Source:RFAM%3BAcc:RF00015]
ENSSSAG00000058217	AGKD04378009.1	.	snRNA	U1	U1 spliceosomal RNA [Source:RFAM%3BAcc:RF00003]
ENSSSAG00000058219	AGKD04378031.1	.	protein_coding		
ENSSSAG00000058224	ssa10	.	snoRNA		
ENSSSAG00000058228	AGKD04378072.1	.	protein_coding		
ENSSSAG00000058231	AGKD04378102.1	.	misc_RNA	Metazoa_SRP	Metazoan signal recognition particle RNA [Source:RFAM%3BAcc:RF00017]
ENSSSAG00000058236	ssa13	.	pseudogene		
ENSSSAG00000058237	AGKD04378184.1	.	protein_coding		
ENSSSAG00000058244	AGKD04378448.1	.	protein_coding		
ENSSSAG00000058246	AGKD04378575.1	.	snRNA	U2	U2 spliceosomal RNA [Source:RFAM%3BAcc:RF00004]
ENSSSAG00000058253	AGKD04378604.1	.	snRNA	U5	U5 spliceosomal RNA [Source:RFAM%3BAcc:RF00020]
ENSSSAG00000058256	AGKD04012573.1	.	snRNA	U4	U4 spliceosomal RNA [Source:RFAM%3BAcc:RF00015]
ENSSSAG00000058259	AGKD04012573.1	.	snRNA	U4	U4 spliceosomal RNA [Source:RFAM%3BAcc:RF00015]
ENSSSAG00000058263	AGKD04012573.1	.	snRNA	U4	U4 spliceosomal RNA [Source:RFAM%3BAcc:RF00015]
ENSSSAG00000058268	AGKD04012573.1	.	snRNA	U4	U4 spliceosomal RNA [Source:RFAM%3BAcc:RF00015]
ENSSSAG00000058269	AGKD04012573.1	.	snRNA	U4	U4 spliceosomal RNA [Source:RFAM%3BAcc:RF00015]
ENSSSAG00000058271	ssa09	.	lncRNA		
ENSSSAG00000058272	AGKD04012573.1	.	snRNA	U4	U4 spliceosomal RNA [Source:RFAM%3BAcc:RF00015]
ENSSSAG00000058276	AGKD04012573.1	.	snRNA	U4	U4 spliceosomal RNA [Source:RFAM%3BAcc:RF00015]
ENSSSAG00000058278	ssa28	.	lncRNA		
ENSSSAG00000058280	AGKD04012573.1	.	snRNA	U4	U4 spliceosomal RNA [Source:RFAM%3BAcc:RF00015]
ENSSSAG00000058284	AGKD04379072.1	.	snRNA	U1	U1 spliceosomal RNA [Source:RFAM%3BAcc:RF00003]
ENSSSAG00000058287	AGKD04379154.1	.	protein_coding	CLDN20	claudin 20 [Source:HGNC Symbol%3BAcc:HGNC:2042]
ENSSSAG00000058299	ssa09	.	protein_coding	pcdh11	protocadherin-11 X-linked-like [Source:NCBI gene%3BAcc:106612267]
ENSSSAG00000058301	AGKD04013378.1	.	protein_coding		
ENSSSAG00000058313	AGKD04379344.1	.	snRNA	U5	U5 spliceosomal RNA [Source:RFAM%3BAcc:RF00020]
ENSSSAG00000058314	AGKD04379344.1	.	snRNA	U2	U2 spliceosomal RNA [Source:RFAM%3BAcc:RF00004]
ENSSSAG00000058315	AGKD04013382.1	.	snRNA	U1	U1 spliceosomal RNA [Source:RFAM%3BAcc:RF00003]
ENSSSAG00000058318	AGKD04013399.1	.	snRNA	U1	U1 spliceosomal RNA [Source:RFAM%3BAcc:RF00003]
ENSSSAG00000058330	AGKD04013423.1	.	pseudogene		
ENSSSAG00000058334	AGKD04012625.1	.	protein_coding		
ENSSSAG00000058339	AGKD04012642.1	.	snRNA	U5	U5 spliceosomal RNA [Source:RFAM%3BAcc:RF00020]
ENSSSAG00000058341	AGKD04012642.1	.	snRNA	U2	U2 spliceosomal RNA [Source:RFAM%3BAcc:RF00004]
ENSSSAG00000058342	AGKD04013423.1	.	pseudogene		
ENSSSAG00000058345	AGKD04012642.1	.	snRNA	U2	U2 spliceosomal RNA [Source:RFAM%3BAcc:RF00004]
ENSSSAG00000058346	AGKD04379905.1	.	snRNA	U1	U1 spliceosomal RNA [Source:RFAM%3BAcc:RF00003]
ENSSSAG00000058349	AGKD04012642.1	.	snRNA	U5	U5 spliceosomal RNA [Source:RFAM%3BAcc:RF00020]
ENSSSAG00000058351	AGKD04012648.1	.	protein_coding		
ENSSSAG00000058354	AGKD04013446.1	.	protein_coding		
ENSSSAG00000058355	AGKD04012648.1	.	protein_coding		
ENSSSAG00000058356	ssa25	.	lncRNA		
ENSSSAG00000058357	AGKD04379966.1	.	pseudogene		
ENSSSAG00000058359	AGKD04013450.1	.	protein_coding		
ENSSSAG00000058361	AGKD04012713.1	.	snRNA	U2	U2 spliceosomal RNA [Source:RFAM%3BAcc:RF00004]
ENSSSAG00000058362	AGKD04380004.1	.	protein_coding		
ENSSSAG00000058363	AGKD04013475.1	.	snRNA	U2	U2 spliceosomal RNA [Source:RFAM%3BAcc:RF00004]
ENSSSAG00000058364	AGKD04012713.1	.	snRNA	U5	U5 spliceosomal RNA [Source:RFAM%3BAcc:RF00020]
ENSSSAG00000058365	AGKD04013475.1	.	snRNA	U5	U5 spliceosomal RNA [Source:RFAM%3BAcc:RF00020]
ENSSSAG00000058366	AGKD04012713.1	.	snRNA	U2	U2 spliceosomal RNA [Source:RFAM%3BAcc:RF00004]
ENSSSAG00000058367	AGKD04013475.1	.	snRNA	U2	U2 spliceosomal RNA [Source:RFAM%3BAcc:RF00004]
ENSSSAG00000058368	ssa26	.	pseudogene		
ENSSSAG00000058380	AGKD04380056.1	.	protein_coding		
ENSSSAG00000058383	AGKD04380078.1	.	snRNA	U1	U1 spliceosomal RNA [Source:RFAM%3BAcc:RF00003]
ENSSSAG00000058385	AGKD04013566.1	.	snRNA	U1	U1 spliceosomal RNA [Source:RFAM%3BAcc:RF00003]
ENSSSAG00000058388	AGKD04013566.1	.	snRNA	U1	U1 spliceosomal RNA [Source:RFAM%3BAcc:RF00003]
ENSSSAG00000058390	AGKD04380140.1	.	protein_coding		
ENSSSAG00000058392	ssa09	.	lncRNA		
ENSSSAG00000058397	AGKD04013598.1	.	snRNA	U2	U2 spliceosomal RNA [Source:RFAM%3BAcc:RF00004]
ENSSSAG00000058398	AGKD04013672.1	.	misc_RNA	Metazoa_SRP	Metazoan signal recognition particle RNA [Source:RFAM%3BAcc:RF00017]
ENSSSAG00000058416	ssa14	.	lncRNA		
ENSSSAG00000058418	AGKD04013713.1	.	miRNA	ssa-mir-204-1	ssa-mir-204-1 [Source:miRBase%3BAcc:MI0026590]
ENSSSAG00000058419	AGKD04013716.1	.	snRNA	U2	U2 spliceosomal RNA [Source:RFAM%3BAcc:RF00004]
ENSSSAG00000058420	AGKD04013716.1	.	snRNA	U5	U5 spliceosomal RNA [Source:RFAM%3BAcc:RF00020]
ENSSSAG00000058423	AGKD04013716.1	.	snRNA	U2	U2 spliceosomal RNA [Source:RFAM%3BAcc:RF00004]
ENSSSAG00000058425	AGKD04013733.1	.	snRNA	U5	U5 spliceosomal RNA [Source:RFAM%3BAcc:RF00020]
ENSSSAG00000058426	AGKD04013733.1	.	snRNA	U2	U2 spliceosomal RNA [Source:RFAM%3BAcc:RF00004]
ENSSSAG00000058428	AGKD04013733.1	.	snRNA	U2	U2 spliceosomal RNA [Source:RFAM%3BAcc:RF00004]
ENSSSAG00000058439	AGKD04013751.1	.	snRNA	U1	U1 spliceosomal RNA [Source:RFAM%3BAcc:RF00003]
ENSSSAG00000058441	AGKD04013768.1	.	snRNA	U2	U2 spliceosomal RNA [Source:RFAM%3BAcc:RF00004]
ENSSSAG00000058442	AGKD04013768.1	.	snRNA	U5	U5 spliceosomal RNA [Source:RFAM%3BAcc:RF00020]
ENSSSAG00000058446	AGKD04013768.1	.	snRNA	U2	U2 spliceosomal RNA [Source:RFAM%3BAcc:RF00004]
ENSSSAG00000058459	AGKD04013777.1	.	snRNA	U5	U5 spliceosomal RNA [Source:RFAM%3BAcc:RF00020]
ENSSSAG00000058462	AGKD04013777.1	.	snRNA	U2	U2 spliceosomal RNA [Source:RFAM%3BAcc:RF00004]
ENSSSAG00000058464	AGKD04013777.1	.	snRNA	U5	U5 spliceosomal RNA [Source:RFAM%3BAcc:RF00020]
ENSSSAG00000058466	AGKD04013777.1	.	snRNA	U2	U2 spliceosomal RNA [Source:RFAM%3BAcc:RF00004]
ENSSSAG00000058495	AGKD04013880.1	.	snRNA	U2	U2 spliceosomal RNA [Source:RFAM%3BAcc:RF00004]
ENSSSAG00000058496	AGKD04013969.1	.	snRNA	U2	U2 spliceosomal RNA [Source:RFAM%3BAcc:RF00004]
ENSSSAG00000058500	AGKD04014080.1	.	snRNA	U5	U5 spliceosomal RNA [Source:RFAM%3BAcc:RF00020]
ENSSSAG00000058501	ssa28	.	lncRNA		
ENSSSAG00000058504	AGKD04014080.1	.	snRNA	U2	U2 spliceosomal RNA [Source:RFAM%3BAcc:RF00004]
ENSSSAG00000058506	AGKD04014089.1	.	snRNA	U1	U1 spliceosomal RNA [Source:RFAM%3BAcc:RF00003]
ENSSSAG00000058509	AGKD04014089.1	.	snRNA	U1	U1 spliceosomal RNA [Source:RFAM%3BAcc:RF00003]
ENSSSAG00000058510	AGKD04014187.1	.	misc_RNA	Metazoa_SRP	Metazoan signal recognition particle RNA [Source:RFAM%3BAcc:RF00017]
ENSSSAG00000058524	AGKD04014366.1	.	snRNA	U1	U1 spliceosomal RNA [Source:RFAM%3BAcc:RF00003]
ENSSSAG00000058537	ssa02	.	lncRNA		
ENSSSAG00000058538	ssa14	.	miRNA	ssa-mir-30c-2	ssa-mir-30c-2 [Source:miRBase%3BAcc:MI0026680]
ENSSSAG00000058542	ssa14	.	miRNA	ssa-mir-30a-3	ssa-mir-30a-3 [Source:miRBase%3BAcc:MI0026674]
ENSSSAG00000058546	AGKD04014585.1	.	snRNA	U1	U1 spliceosomal RNA [Source:RFAM%3BAcc:RF00003]
ENSSSAG00000058549	AGKD04014585.1	.	snRNA	U1	U1 spliceosomal RNA [Source:RFAM%3BAcc:RF00003]
ENSSSAG00000058558	ssa02	.	lncRNA		
ENSSSAG00000058561	AGKD04017270.1	.	lncRNA		
ENSSSAG00000058565	AGKD04017605.1	.	protein_coding	HMX3	homeobox protein HMX3-like [Source:NCBI gene%3BAcc:106593384]
ENSSSAG00000058575	ssa10	.	snRNA	U7	U7 small nuclear RNA [Source:RFAM%3BAcc:RF00066]
ENSSSAG00000058581	AGKD04011561.1	.	misc_RNA	Metazoa_SRP	Metazoan signal recognition particle RNA [Source:RFAM%3BAcc:RF00017]
ENSSSAG00000058583	AGKD04011561.1	.	misc_RNA	Metazoa_SRP	Metazoan signal recognition particle RNA [Source:RFAM%3BAcc:RF00017]
ENSSSAG00000058584	ssa02	.	pseudogene		
ENSSSAG00000058585	AGKD04011561.1	.	misc_RNA	Metazoa_SRP	Metazoan signal recognition particle RNA [Source:RFAM%3BAcc:RF00017]
ENSSSAG00000058587	AGKD04011561.1	.	misc_RNA	Metazoa_SRP	Metazoan signal recognition particle RNA [Source:RFAM%3BAcc:RF00017]
ENSSSAG00000058590	AGKD04011561.1	.	misc_RNA	Metazoa_SRP	Metazoan signal recognition particle RNA [Source:RFAM%3BAcc:RF00017]
ENSSSAG00000058597	AGKD04017632.1	.	protein_coding		
ENSSSAG00000058599	AGKD04017632.1	.	protein_coding		
ENSSSAG00000058604	AGKD04017632.1	.	pseudogene		
ENSSSAG00000058610	AGKD04017632.1	.	protein_coding		
ENSSSAG00000058611	AGKD04012830.1	.	snRNA	U1	U1 spliceosomal RNA [Source:RFAM%3BAcc:RF00003]
ENSSSAG00000058612	AGKD04012830.1	.	snRNA	U1	U1 spliceosomal RNA [Source:RFAM%3BAcc:RF00003]
ENSSSAG00000058613	AGKD04012830.1	.	snRNA	U1	U1 spliceosomal RNA [Source:RFAM%3BAcc:RF00003]
ENSSSAG00000058617	AGKD04012868.1	.	protein_coding		
ENSSSAG00000058618	AGKD04012877.1	.	protein_coding		
ENSSSAG00000058628	AGKD04017635.1	.	snoRNA		
ENSSSAG00000058632	AGKD04012912.1	.	protein_coding		
ENSSSAG00000058640	AGKD04012931.1	.	pseudogene		
ENSSSAG00000058641	AGKD04725368.1	.	protein_coding		
ENSSSAG00000058645	AGKD04012940.1	.	lncRNA		
ENSSSAG00000058646	AGKD04725416.1	.	snRNA	U4	U4 spliceosomal RNA [Source:RFAM%3BAcc:RF00015]
ENSSSAG00000058647	ssa09	.	snoRNA	SNORD36	Small nucleolar RNA SNORD36 [Source:RFAM%3BAcc:RF00049]
ENSSSAG00000058649	AGKD04725434.1	.	snRNA	U2	U2 spliceosomal RNA [Source:RFAM%3BAcc:RF00004]
ENSSSAG00000058651	ssa09	.	snoRNA	SNORD36	Small nucleolar RNA SNORD36 [Source:RFAM%3BAcc:RF00049]
ENSSSAG00000058661	AGKD04017649.1	.	protein_coding		
ENSSSAG00000058665	AGKD04016147.1	.	pseudogene		
ENSSSAG00000058671	AGKD04012946.1	.	snRNA	U2	U2 spliceosomal RNA [Source:RFAM%3BAcc:RF00004]
ENSSSAG00000058672	AGKD04012946.1	.	snRNA	U5	U5 spliceosomal RNA [Source:RFAM%3BAcc:RF00020]
ENSSSAG00000058673	AGKD04012946.1	.	snRNA	U5	U5 spliceosomal RNA [Source:RFAM%3BAcc:RF00020]
ENSSSAG00000058674	AGKD04012967.1	.	protein_coding		
ENSSSAG00000058676	AGKD04016154.1	.	protein_coding		UPF0469 protein KIAA0907 homolog [Source:NCBI gene%3BAcc:106592626]
ENSSSAG00000058680	ssa26	.	lncRNA		
ENSSSAG00000058684	AGKD04726665.1	.	snRNA	U1	U1 spliceosomal RNA [Source:RFAM%3BAcc:RF00003]
ENSSSAG00000058686	AGKD04727002.1	.	pseudogene		
ENSSSAG00000058698	AGKD04727090.1	.	snRNA	U5	U5 spliceosomal RNA [Source:RFAM%3BAcc:RF00020]
ENSSSAG00000058701	ssa12	.	lncRNA		
ENSSSAG00000058703	ssa12	.	lncRNA		
ENSSSAG00000058705	AGKD04727215.1	.	protein_coding		
ENSSSAG00000058710	AGKD04727221.1	.	snRNA	U5	U5 spliceosomal RNA [Source:RFAM%3BAcc:RF00020]
ENSSSAG00000058712	AGKD04016158.1	.	protein_coding		complement C1q-like protein 2 [Source:NCBI gene%3BAcc:106592632]
ENSSSAG00000058727	ssa17	.	miRNA	ssa-let-7i-1	ssa-let-7i-1 [Source:miRBase%3BAcc:MI0026429]
ENSSSAG00000058728	AGKD04016425.1	.	snoRNA	SNORD31	Small nucleolar RNA SNORD31 [Source:RFAM%3BAcc:RF00089]
ENSSSAG00000058732	AGKD04727637.1	.	protein_coding		H3 clustered histone 15 [Source:HGNC Symbol%3BAcc:HGNC:20505]
ENSSSAG00000058733	AGKD04016159.1	.	protein_coding		protein lifeguard 1-like [Source:NCBI gene%3BAcc:106592633]
ENSSSAG00000058735	AGKD04016425.1	.	snoRNA	SNORD22	Small nucleolar RNA SNORD22 [Source:RFAM%3BAcc:RF00099]
ENSSSAG00000058738	AGKD04016425.1	.	snoRNA	SNORD30	Small nucleolar RNA SNORD30 [Source:RFAM%3BAcc:RF00088]
ENSSSAG00000058741	AGKD04016425.1	.	snoRNA	SNORD29	Small nucleolar RNA SNORD29 [Source:RFAM%3BAcc:RF00070]
ENSSSAG00000058748	AGKD04727684.1	.	snRNA	U2	U2 spliceosomal RNA [Source:RFAM%3BAcc:RF00004]
ENSSSAG00000058758	ssa12	.	lncRNA		
ENSSSAG00000058766	ssa05	.	lncRNA		
ENSSSAG00000058767	AGKD04727854.1	.	snRNA	U5	U5 spliceosomal RNA [Source:RFAM%3BAcc:RF00020]
ENSSSAG00000058770	AGKD04727911.1	.	snRNA	U2	U2 spliceosomal RNA [Source:RFAM%3BAcc:RF00004]
ENSSSAG00000058773	AGKD04728001.1	.	snRNA	U1	U1 spliceosomal RNA [Source:RFAM%3BAcc:RF00003]
ENSSSAG00000058803	AGKD04728816.1	.	protein_coding		
ENSSSAG00000058805	AGKD04729043.1	.	misc_RNA	Metazoa_SRP	Metazoan signal recognition particle RNA [Source:RFAM%3BAcc:RF00017]
ENSSSAG00000058807	AGKD04729281.1	.	snRNA	U2	U2 spliceosomal RNA [Source:RFAM%3BAcc:RF00004]
ENSSSAG00000058814	AGKD04729399.1	.	snRNA	U2	U2 spliceosomal RNA [Source:RFAM%3BAcc:RF00004]
ENSSSAG00000058822	AGKD04729524.1	.	snRNA	U6	U6 spliceosomal RNA [Source:RFAM%3BAcc:RF00026]
ENSSSAG00000058836	AGKD04729824.1	.	snRNA	U5	U5 spliceosomal RNA [Source:RFAM%3BAcc:RF00020]
ENSSSAG00000058843	AGKD04118189.1	.	snoRNA	U3	Small nucleolar RNA U3 [Source:RFAM%3BAcc:RF00012]
ENSSSAG00000058844	AGKD04118189.1	.	snoRNA	U3	Small nucleolar RNA U3 [Source:RFAM%3BAcc:RF00012]
ENSSSAG00000058847	AGKD04729886.1	.	snRNA	U2	U2 spliceosomal RNA [Source:RFAM%3BAcc:RF00004]
ENSSSAG00000058852	AGKD04118205.1	.	snRNA	U6	U6 spliceosomal RNA [Source:RFAM%3BAcc:RF00026]
ENSSSAG00000058854	AGKD04118205.1	.	snRNA	U6	U6 spliceosomal RNA [Source:RFAM%3BAcc:RF00026]
ENSSSAG00000058875	AGKD04730682.1	.	snRNA	U5	U5 spliceosomal RNA [Source:RFAM%3BAcc:RF00020]
ENSSSAG00000058877	AGKD04730907.1	.	snRNA	U5	U5 spliceosomal RNA [Source:RFAM%3BAcc:RF00020]
ENSSSAG00000058886	AGKD04731128.1	.	protein_coding		
ENSSSAG00000058896	AGKD04017662.1	.	protein_coding		interferon alpha/beta receptor 2-like [Source:NCBI gene%3BAcc:106593401]
ENSSSAG00000058905	AGKD04731153.1	.	snRNA	U2	U2 spliceosomal RNA [Source:RFAM%3BAcc:RF00004]
ENSSSAG00000058911	ssa21	.	snRNA	U5	U5 spliceosomal RNA [Source:RFAM%3BAcc:RF00020]
ENSSSAG00000058913	ssa21	.	snRNA	U2	U2 spliceosomal RNA [Source:RFAM%3BAcc:RF00004]
ENSSSAG00000058925	AGKD04731386.1	.	protein_coding		
ENSSSAG00000058926	ssa24	.	protein_coding	FGFR1	fibroblast growth factor receptor 1-A-like [Source:NCBI gene%3BAcc:106585563]
ENSSSAG00000058929	ssa06	.	lncRNA		
ENSSSAG00000058940	AGKD04017684.1	.	protein_coding	pnpla8	calcium-independent phospholipase A2-gamma-like [Source:NCBI gene%3BAcc:106593409]
ENSSSAG00000058947	AGKD04017684.1	.	protein_coding	si:dkeyp-81f3.4	A-kinase anchor protein 14-like [Source:NCBI gene%3BAcc:106593410]
ENSSSAG00000058953	AGKD04731835.1	.	pseudogene		
ENSSSAG00000058954	AGKD04017684.1	.	protein_coding	avpr2l	arg8-vasotocin receptor-like [Source:NCBI gene%3BAcc:106593407]
ENSSSAG00000058958	ssa17	.	lncRNA		
ENSSSAG00000058960	AGKD04118515.1	.	pseudogene		
ENSSSAG00000058967	AGKD04731973.1	.	snRNA	U1	U1 spliceosomal RNA [Source:RFAM%3BAcc:RF00003]
ENSSSAG00000058973	ssa06	.	lncRNA		paralemmin-1-like [Source:NCBI gene%3BAcc:106607082]
ENSSSAG00000058976	AGKD04732528.1	.	snRNA	U2	U2 spliceosomal RNA [Source:RFAM%3BAcc:RF00004]
ENSSSAG00000058980	ssa17	.	protein_coding	zrsr2	U2 small nuclear ribonucleoprotein auxiliary factor 35 kDa subunit-related protein 2-like [Source:NCBI gene%3BAcc:106575977]
ENSSSAG00000058983	AGKD04732528.1	.	snRNA	U5	U5 spliceosomal RNA [Source:RFAM%3BAcc:RF00020]
ENSSSAG00000058985	AGKD04732574.1	.	snRNA	U1	U1 spliceosomal RNA [Source:RFAM%3BAcc:RF00003]
ENSSSAG00000058988	AGKD04018512.1	.	lncRNA		
ENSSSAG00000058989	ssa21	.	processed_pseudogene		
ENSSSAG00000058990	AGKD04016460.1	.	pseudogene		
ENSSSAG00000058992	AGKD04118553.1	.	snoRNA		
ENSSSAG00000058998	AGKD04118553.1	.	snoRNA	U3	Small nucleolar RNA U3 [Source:RFAM%3BAcc:RF00012]
ENSSSAG00000058999	AGKD04118556.1	.	misc_RNA	Metazoa_SRP	Metazoan signal recognition particle RNA [Source:RFAM%3BAcc:RF00017]
ENSSSAG00000059000	ssa17	.	lncRNA		
ENSSSAG00000059007	AGKD04732873.1	.	snRNA	U1	U1 spliceosomal RNA [Source:RFAM%3BAcc:RF00003]
ENSSSAG00000059016	AGKD04118653.1	.	protein_coding		
ENSSSAG00000059047	ssa17	.	protein_coding	rbbp7	Histone-binding protein RBBP7 [Source:NCBI gene%3BAcc:100195255]
ENSSSAG00000059048	AGKD04734169.1	.	protein_coding		
ENSSSAG00000059049	AGKD04118835.1	.	snRNA	U4	U4 spliceosomal RNA [Source:RFAM%3BAcc:RF00015]
ENSSSAG00000059051	ssa09	.	lncRNA		
ENSSSAG00000059052	ssa28	.	lncRNA		
ENSSSAG00000059053	AGKD04118835.1	.	snRNA	U4	U4 spliceosomal RNA [Source:RFAM%3BAcc:RF00015]
ENSSSAG00000059057	AGKD04118835.1	.	snRNA	U4	U4 spliceosomal RNA [Source:RFAM%3BAcc:RF00015]
ENSSSAG00000059067	AGKD04734551.1	.	snRNA	U2	U2 spliceosomal RNA [Source:RFAM%3BAcc:RF00004]
ENSSSAG00000059070	AGKD04734560.1	.	snRNA	U5	U5 spliceosomal RNA [Source:RFAM%3BAcc:RF00020]
ENSSSAG00000059071	ssa17	.	lncRNA		
ENSSSAG00000059078	AGKD04017785.1	.	protein_coding		
ENSSSAG00000059083	AGKD04734710.1	.	protein_coding		
ENSSSAG00000059084	AGKD04118940.1	.	snRNA	U6	U6 spliceosomal RNA [Source:RFAM%3BAcc:RF00026]
ENSSSAG00000059091	AGKD04118940.1	.	snRNA	U6	U6 spliceosomal RNA [Source:RFAM%3BAcc:RF00026]
ENSSSAG00000059094	AGKD04734997.1	.	snRNA	U5	U5 spliceosomal RNA [Source:RFAM%3BAcc:RF00020]
ENSSSAG00000059113	AGKD04011083.1	.	protein_coding		intestinal mucin-like protein [Source:NCBI gene%3BAcc:106591145]
ENSSSAG00000059123	ssa09	.	pseudogene		
ENSSSAG00000059127	AGKD04709549.1	.	snRNA	U2	U2 spliceosomal RNA [Source:RFAM%3BAcc:RF00004]
ENSSSAG00000059134	AGKD04709641.1	.	protein_coding		
ENSSSAG00000059136	ssa09	.	lncRNA		
ENSSSAG00000059148	AGKD04709834.1	.	protein_coding		
ENSSSAG00000059152	AGKD04709917.1	.	protein_coding		
ENSSSAG00000059160	AGKD04709975.1	.	protein_coding		
ENSSSAG00000059166	AGKD04709981.1	.	snRNA	U5	U5 spliceosomal RNA [Source:RFAM%3BAcc:RF00020]
ENSSSAG00000059172	AGKD04710001.1	.	protein_coding	lztfl1	leucine zipper transcription factor-like 1 [Source:ZFIN%3BAcc:ZDB-GENE-030131-945]
ENSSSAG00000059175	ssa11	.	lncRNA		
ENSSSAG00000059188	AGKD04710045.1	.	protein_coding		
ENSSSAG00000059190	AGKD04016476.1	.	pseudogene		
ENSSSAG00000059191	ssa12	.	lncRNA		
ENSSSAG00000059196	AGKD04710057.1	.	protein_coding		
ENSSSAG00000059198	ssa10	.	lncRNA		
ENSSSAG00000059209	ssa12	.	protein_coding	zgc:123107	H-2 class II histocompatibility antigen%2C A-U alpha chain-like [Source:NCBI gene%3BAcc:106565699]
ENSSSAG00000059210	AGKD04710057.1	.	protein_coding		
ENSSSAG00000059212	ssa01	.	lncRNA		
ENSSSAG00000059213	AGKD04710214.1	.	snRNA	U2	U2 spliceosomal RNA [Source:RFAM%3BAcc:RF00004]
ENSSSAG00000059216	AGKD04710267.1	.	pseudogene		
ENSSSAG00000059223	ssa12	.	lncRNA		
ENSSSAG00000059224	ssa12	.	lncRNA		
ENSSSAG00000059230	AGKD04710349.1	.	pseudogene		
ENSSSAG00000059235	AGKD04016493.1	.	protein_coding	pex13	peroxisomal membrane protein PEX13-like [Source:NCBI gene%3BAcc:106592834]
ENSSSAG00000059238	AGKD04011217.1	.	protein_coding	rpp38	ribonuclease P protein subunit p38-like [Source:NCBI gene%3BAcc:106591255]
ENSSSAG00000059249	AGKD04710460.1	.	pseudogene		
ENSSSAG00000059267	AGKD04710854.1	.	protein_coding		
ENSSSAG00000059272	AGKD04710984.1	.	protein_coding		
ENSSSAG00000059282	ssa13	.	miRNA	ssa-mir-122-1	ssa-mir-122-1 [Source:miRBase%3BAcc:MI0026450]
ENSSSAG00000059285	AGKD04711042.1	.	snRNA	U5	U5 spliceosomal RNA [Source:RFAM%3BAcc:RF00020]
ENSSSAG00000059287	AGKD04711111.1	.	snRNA	U4	U4 spliceosomal RNA [Source:RFAM%3BAcc:RF00015]
ENSSSAG00000059293	AGKD04711180.1	.	protein_coding		
ENSSSAG00000059299	AGKD04020716.1	.	snRNA	U7	U7 small nuclear RNA [Source:RFAM%3BAcc:RF00066]
ENSSSAG00000059300	AGKD04017858.1	.	protein_coding		
ENSSSAG00000059306	AGKD04711546.1	.	snRNA	U2	U2 spliceosomal RNA [Source:RFAM%3BAcc:RF00004]
ENSSSAG00000059310	ssa13	.	protein_coding	oacyl	nose resistant to fluoxetine protein 6-like [Source:NCBI gene%3BAcc:106568494]
ENSSSAG00000059320	AGKD04712125.1	.	snRNA	U2	U2 spliceosomal RNA [Source:RFAM%3BAcc:RF00004]
ENSSSAG00000059325	AGKD04712142.1	.	protein_coding		
ENSSSAG00000059343	ssa17	.	pseudogene		
ENSSSAG00000059357	AGKD04712731.1	.	snRNA	U2	U2 spliceosomal RNA [Source:RFAM%3BAcc:RF00004]
ENSSSAG00000059359	AGKD04712733.1	.	snRNA	U4	U4 spliceosomal RNA [Source:RFAM%3BAcc:RF00015]
ENSSSAG00000059370	ssa04	.	lncRNA		
ENSSSAG00000059392	ssa09	.	miRNA	ssa-mir-194b	ssa-mir-194b [Source:miRBase%3BAcc:MI0026557]
ENSSSAG00000059402	AGKD04713291.1	.	snoRNA		
ENSSSAG00000059412	AGKD04011259.1	.	protein_coding		
ENSSSAG00000059414	AGKD04713446.1	.	snRNA	U5	U5 spliceosomal RNA [Source:RFAM%3BAcc:RF00020]
ENSSSAG00000059415	AGKD04028045.1	.	protein_coding	hmx4	homeobox protein HMX3-B-like [Source:NCBI gene%3BAcc:106596490]
ENSSSAG00000059416	AGKD04713487.1	.	protein_coding		
ENSSSAG00000059419	AGKD04028051.1	.	protein_coding		
ENSSSAG00000059425	AGKD04713639.1	.	snRNA	U5	U5 spliceosomal RNA [Source:RFAM%3BAcc:RF00020]
ENSSSAG00000059435	AGKD04714005.1	.	protein_coding		
ENSSSAG00000059440	AGKD04714224.1	.	snRNA	U5	U5 spliceosomal RNA [Source:RFAM%3BAcc:RF00020]
ENSSSAG00000059442	AGKD04028081.1	.	protein_coding	sgf29	SAGA-associated factor 29 homolog [Source:NCBI gene%3BAcc:106596492]
ENSSSAG00000059453	AGKD04011270.1	.	snRNA	U1	U1 spliceosomal RNA [Source:RFAM%3BAcc:RF00003]
ENSSSAG00000059455	AGKD04011270.1	.	snRNA	U1	U1 spliceosomal RNA [Source:RFAM%3BAcc:RF00003]
ENSSSAG00000059458	AGKD04011270.1	.	snRNA	U1	U1 spliceosomal RNA [Source:RFAM%3BAcc:RF00003]
ENSSSAG00000059462	AGKD04011270.1	.	snRNA	U1	U1 spliceosomal RNA [Source:RFAM%3BAcc:RF00003]
ENSSSAG00000059464	AGKD04011270.1	.	snRNA	U1	U1 spliceosomal RNA [Source:RFAM%3BAcc:RF00003]
ENSSSAG00000059466	ssa22	.	snRNA	U7	U7 small nuclear RNA [Source:RFAM%3BAcc:RF00066]
ENSSSAG00000059468	AGKD04011270.1	.	snRNA	U1	U1 spliceosomal RNA [Source:RFAM%3BAcc:RF00003]
ENSSSAG00000059471	AGKD04011270.1	.	snRNA	U1	U1 spliceosomal RNA [Source:RFAM%3BAcc:RF00003]
ENSSSAG00000059479	AGKD04714976.1	.	snRNA	U2	U2 spliceosomal RNA [Source:RFAM%3BAcc:RF00004]
ENSSSAG00000059486	AGKD04715045.1	.	protein_coding		
ENSSSAG00000059488	ssa17	.	snRNA	U7	U7 small nuclear RNA [Source:RFAM%3BAcc:RF00066]
ENSSSAG00000059500	AGKD04715064.1	.	snRNA	U5	U5 spliceosomal RNA [Source:RFAM%3BAcc:RF00020]
ENSSSAG00000059502	AGKD04715198.1	.	snRNA	U2	U2 spliceosomal RNA [Source:RFAM%3BAcc:RF00004]
ENSSSAG00000059504	AGKD04715367.1	.	protein_coding		
ENSSSAG00000059522	AGKD04715594.1	.	snRNA	U5	U5 spliceosomal RNA [Source:RFAM%3BAcc:RF00020]
ENSSSAG00000059528	AGKD04017314.1	.	snRNA	U1	U1 spliceosomal RNA [Source:RFAM%3BAcc:RF00003]
ENSSSAG00000059529	AGKD04017314.1	.	snRNA	U1	U1 spliceosomal RNA [Source:RFAM%3BAcc:RF00003]
ENSSSAG00000059531	AGKD04017314.1	.	snRNA	U1	U1 spliceosomal RNA [Source:RFAM%3BAcc:RF00003]
ENSSSAG00000059532	AGKD04715613.1	.	snRNA	U2	U2 spliceosomal RNA [Source:RFAM%3BAcc:RF00004]
ENSSSAG00000059535	AGKD04017314.1	.	snRNA	U1	U1 spliceosomal RNA [Source:RFAM%3BAcc:RF00003]
ENSSSAG00000059537	AGKD04017314.1	.	snRNA	U1	U1 spliceosomal RNA [Source:RFAM%3BAcc:RF00003]
ENSSSAG00000059539	ssa17	.	lncRNA		
ENSSSAG00000059542	ssa17	.	lncRNA		
ENSSSAG00000059550	ssa15	.	lncRNA		
ENSSSAG00000059555	AGKD04021475.1	.	lncRNA		
ENSSSAG00000059566	ssa16	.	lncRNA		
ENSSSAG00000059568	ssa16	.	pseudogene		
ENSSSAG00000059581	ssa10	.	pseudogene		
ENSSSAG00000059606	AGKD04021507.1	.	protein_coding		
ENSSSAG00000059623	AGKD04020832.1	.	protein_coding		tetraspanin-8-like [Source:NCBI gene%3BAcc:106594636]
ENSSSAG00000059634	AGKD04019097.1	.	protein_coding		
ENSSSAG00000059635	ssa10	.	snoRNA		
ENSSSAG00000059636	ssa10	.	snoRNA		
ENSSSAG00000059642	AGKD04017333.1	.	snRNA	U2	U2 spliceosomal RNA [Source:RFAM%3BAcc:RF00004]
ENSSSAG00000059644	AGKD04017333.1	.	snRNA	U5	U5 spliceosomal RNA [Source:RFAM%3BAcc:RF00020]
ENSSSAG00000059660	ssa21	.	protein_coding	LATS2	serine/threonine-protein kinase LATS2-like [Source:NCBI gene%3BAcc:106582069]
ENSSSAG00000059665	ssa03	.	lncRNA		
ENSSSAG00000059666	AGKD04021524.1	.	protein_coding	adnp2a	ADNP homeobox protein 2-like [Source:NCBI gene%3BAcc:106594875]
ENSSSAG00000059669	ssa06	.	lncRNA		
ENSSSAG00000059672	ssa17	.	lncRNA		
ENSSSAG00000059673	ssa06	.	snRNA	U7	U7 small nuclear RNA [Source:RFAM%3BAcc:RF00066]
ENSSSAG00000059677	ssa17	.	snRNA	U7	U7 small nuclear RNA [Source:RFAM%3BAcc:RF00066]
ENSSSAG00000059683	AGKD04017366.1	.	protein_coding		cleavage and polyadenylation specificity factor subunit 6-like [Source:NCBI gene%3BAcc:106593265]
ENSSSAG00000059685	AGKD04593114.1	.	protein_coding		
ENSSSAG00000059686	ssa08	.	protein_coding	CDN2B	cyclin-dependent kinase 4 inhibitor B-like [Source:NCBI gene%3BAcc:106610370]
ENSSSAG00000059687	AGKD04021524.1	.	protein_coding	RBFAL	putative ribosome-binding factor A%2C mitochondrial [Source:NCBI gene%3BAcc:106594876]
ENSSSAG00000059702	ssa17	.	lncRNA		
ENSSSAG00000059705	AGKD04017911.1	.	lncRNA		
ENSSSAG00000059709	AGKD04017911.1	.	lncRNA		
ENSSSAG00000059710	AGKD04017366.1	.	protein_coding	CCT2	T-complex protein 1 subunit beta-like [Source:NCBI gene%3BAcc:106593264]
ENSSSAG00000059712	AGKD04593274.1	.	snRNA	U5	U5 spliceosomal RNA [Source:RFAM%3BAcc:RF00020]
ENSSSAG00000059713	ssa17	.	lncRNA		
ENSSSAG00000059715	ssa17	.	lncRNA		
ENSSSAG00000059725	ssa12	.	pseudogene		
ENSSSAG00000059726	AGKD04593556.1	.	protein_coding	MGAT4C	mgat4 family member C [Source:ZFIN%3BAcc:ZDB-GENE-091204-429]
ENSSSAG00000059735	ssa16	.	pseudogene		
ENSSSAG00000059740	AGKD04017917.1	.	protein_coding	hoxa9b	homeobox protein Hox-A9b-like [Source:NCBI gene%3BAcc:106593514]
ENSSSAG00000059742	AGKD04021534.1	.	snRNA	U1	U1 spliceosomal RNA [Source:RFAM%3BAcc:RF00003]
ENSSSAG00000059744	AGKD04021534.1	.	snRNA	U1	U1 spliceosomal RNA [Source:RFAM%3BAcc:RF00003]
ENSSSAG00000059746	AGKD04021534.1	.	snRNA	U1	U1 spliceosomal RNA [Source:RFAM%3BAcc:RF00003]
ENSSSAG00000059752	AGKD04021534.1	.	snRNA	U1	U1 spliceosomal RNA [Source:RFAM%3BAcc:RF00003]
ENSSSAG00000059753	AGKD04018577.1	.	misc_RNA	Metazoa_SRP	Metazoan signal recognition particle RNA [Source:RFAM%3BAcc:RF00017]
ENSSSAG00000059757	AGKD04018577.1	.	misc_RNA	Metazoa_SRP	Metazoan signal recognition particle RNA [Source:RFAM%3BAcc:RF00017]
ENSSSAG00000059762	AGKD04018577.1	.	misc_RNA	Metazoa_SRP	Metazoan signal recognition particle RNA [Source:RFAM%3BAcc:RF00017]
ENSSSAG00000059766	AGKD04018577.1	.	misc_RNA	Metazoa_SRP	Metazoan signal recognition particle RNA [Source:RFAM%3BAcc:RF00017]
ENSSSAG00000059768	AGKD04011300.1	.	pseudogene		
ENSSSAG00000059769	AGKD04018577.1	.	misc_RNA	Metazoa_SRP	Metazoan signal recognition particle RNA [Source:RFAM%3BAcc:RF00017]
ENSSSAG00000059771	AGKD04018577.1	.	misc_RNA	Metazoa_SRP	Metazoan signal recognition particle RNA [Source:RFAM%3BAcc:RF00017]
ENSSSAG00000059774	AGKD04018577.1	.	misc_RNA	Metazoa_SRP	Metazoan signal recognition particle RNA [Source:RFAM%3BAcc:RF00017]
ENSSSAG00000059775	AGKD04593766.1	.	protein_coding		
ENSSSAG00000059776	AGKD04011312.1	.	miRNA	ssa-mir-17-3	ssa-mir-17-3 [Source:miRBase%3BAcc:MI0026533]
ENSSSAG00000059780	AGKD04011312.1	.	miRNA	ssa-mir-19a-3	ssa-mir-19a-3 [Source:miRBase%3BAcc:MI0026570]
ENSSSAG00000059784	AGKD04011312.1	.	miRNA	ssa-mir-20a-1	ssa-mir-20a-1 [Source:miRBase%3BAcc:MI0026601]
ENSSSAG00000059788	AGKD04011312.1	.	miRNA	ssa-mir-19c-1	ssa-mir-19c-1 [Source:miRBase%3BAcc:MI0026572]
ENSSSAG00000059790	AGKD04011312.1	.	miRNA	ssa-mir-92a-4	ssa-mir-92a-4 [Source:miRBase%3BAcc:MI0026761]
ENSSSAG00000059795	AGKD04593957.1	.	protein_coding	hist1h4l	histone 1%2C H4%2C like [Source:ZFIN%3BAcc:ZDB-GENE-070927-10]
ENSSSAG00000059804	AGKD04048251.1	.	snRNA	U1	U1 spliceosomal RNA [Source:RFAM%3BAcc:RF00003]
ENSSSAG00000059805	AGKD04018612.1	.	protein_coding		guanylyl cyclase-activating protein 2-like [Source:NCBI gene%3BAcc:106593804]
ENSSSAG00000059812	AGKD04021549.1	.	protein_coding	adnp2a	ADNP homeobox protein 2-like [Source:NCBI gene%3BAcc:106594881]
ENSSSAG00000059814	AGKD04594288.1	.	protein_coding		
ENSSSAG00000059815	AGKD04018615.1	.	lncRNA		
ENSSSAG00000059826	AGKD04048297.1	.	protein_coding		
ENSSSAG00000059827	AGKD04021549.1	.	protein_coding	RBFAL	putative ribosome-binding factor A%2C mitochondrial [Source:NCBI gene%3BAcc:106594883]
ENSSSAG00000059845	AGKD04048322.1	.	snRNA	U1	U1 spliceosomal RNA [Source:RFAM%3BAcc:RF00003]
ENSSSAG00000059847	AGKD04048322.1	.	snRNA	U1	U1 spliceosomal RNA [Source:RFAM%3BAcc:RF00003]
ENSSSAG00000059854	AGKD04594757.1	.	snoRNA		
ENSSSAG00000059857	AGKD04594757.1	.	snoRNA		
ENSSSAG00000059861	AGKD04594757.1	.	snoRNA		
ENSSSAG00000059864	AGKD04594795.1	.	protein_coding		
ENSSSAG00000059878	AGKD04595016.1	.	snRNA	U4	U4 spliceosomal RNA [Source:RFAM%3BAcc:RF00015]
ENSSSAG00000059879	AGKD04028141.1	.	protein_coding		
ENSSSAG00000059892	AGKD04595317.1	.	snoRNA	U3	Small nucleolar RNA U3 [Source:RFAM%3BAcc:RF00012]
ENSSSAG00000059904	AGKD04019125.1	.	snoRNA		
ENSSSAG00000059909	AGKD04595510.1	.	snoRNA	U3	Small nucleolar RNA U3 [Source:RFAM%3BAcc:RF00012]
ENSSSAG00000059910	AGKD04031537.1	.	protein_coding	dennd11	protein LCHN-like [Source:NCBI gene%3BAcc:106597169]
ENSSSAG00000059915	AGKD04595576.1	.	protein_coding		
ENSSSAG00000059919	AGKD04011339.1	.	protein_coding	ccn4b	WNT1-inducible-signaling pathway protein 1-like [Source:NCBI gene%3BAcc:106591324]
ENSSSAG00000059920	AGKD04028165.1	.	snRNA	U6	U6 spliceosomal RNA [Source:RFAM%3BAcc:RF00026]
ENSSSAG00000059931	AGKD04048491.1	.	protein_coding	zgc:136493	putative 2-hydroxyacid dehydrogenase SE_1879 [Source:NCBI gene%3BAcc:106598582]
ENSSSAG00000059932	AGKD04028174.1	.	protein_coding	pnpla8	calcium-independent phospholipase A2-gamma-like [Source:NCBI gene%3BAcc:106596512]
ENSSSAG00000059936	AGKD04017366.1	.	snoRNA		
ENSSSAG00000059937	AGKD04595620.1	.	protein_coding		H3 clustered histone 15 [Source:HGNC Symbol%3BAcc:HGNC:20505]
ENSSSAG00000059940	AGKD04018660.1	.	lncRNA		
ENSSSAG00000059945	AGKD04031542.1	.	snoRNA		
ENSSSAG00000059949	ssa09	.	lncRNA		
ENSSSAG00000059954	AGKD04028193.1	.	protein_coding		
ENSSSAG00000059970	ssa06	.	protein_coding	ddx47	probable ATP-dependent RNA helicase DDX47 [Source:NCBI gene%3BAcc:106607097]
ENSSSAG00000059971	AGKD04031574.1	.	snRNA	U5	U5 spliceosomal RNA [Source:RFAM%3BAcc:RF00020]
ENSSSAG00000059978	AGKD04023283.1	.	protein_coding		
ENSSSAG00000059983	AGKD04031633.1	.	snRNA	U1	U1 spliceosomal RNA [Source:RFAM%3BAcc:RF00003]
ENSSSAG00000059984	AGKD04595984.1	.	protein_coding		
ENSSSAG00000059985	AGKD04031633.1	.	snRNA	U1	U1 spliceosomal RNA [Source:RFAM%3BAcc:RF00003]
ENSSSAG00000059992	AGKD04596067.1	.	snRNA	U2	U2 spliceosomal RNA [Source:RFAM%3BAcc:RF00004]
ENSSSAG00000059993	AGKD04596270.1	.	snRNA	U1	U1 spliceosomal RNA [Source:RFAM%3BAcc:RF00003]
ENSSSAG00000059996	AGKD04028215.1	.	protein_coding		
ENSSSAG00000060001	AGKD04596378.1	.	snRNA	U6	U6 spliceosomal RNA [Source:RFAM%3BAcc:RF00026]
ENSSSAG00000060003	AGKD04596605.1	.	pseudogene		
ENSSSAG00000060010	AGKD04019170.1	.	protein_coding		
ENSSSAG00000060011	AGKD04048502.1	.	snRNA	U5	U5 spliceosomal RNA [Source:RFAM%3BAcc:RF00020]
ENSSSAG00000060012	ssa03	.	lncRNA		
ENSSSAG00000060013	AGKD04028220.1	.	protein_coding		
ENSSSAG00000060014	AGKD04048502.1	.	snRNA	U2	U2 spliceosomal RNA [Source:RFAM%3BAcc:RF00004]
ENSSSAG00000060016	AGKD04048502.1	.	snRNA	U5	U5 spliceosomal RNA [Source:RFAM%3BAcc:RF00020]
ENSSSAG00000060017	AGKD04048531.1	.	protein_coding		THAP domain-containing protein 5-like [Source:NCBI gene%3BAcc:106598583]
ENSSSAG00000060022	ssa07	.	lncRNA		
ENSSSAG00000060029	AGKD04028228.1	.	protein_coding		
ENSSSAG00000060030	AGKD04048547.1	.	misc_RNA	Metazoa_SRP	Metazoan signal recognition particle RNA [Source:RFAM%3BAcc:RF00017]
ENSSSAG00000060036	ssa03	.	lncRNA		
ENSSSAG00000060039	AGKD04028254.1	.	protein_coding		
ENSSSAG00000060040	AGKD04597297.1	.	snRNA	U5	U5 spliceosomal RNA [Source:RFAM%3BAcc:RF00020]
ENSSSAG00000060044	AGKD04597304.1	.	protein_coding		
ENSSSAG00000060059	AGKD04028269.1	.	protein_coding	CIDEC	cell death activator CIDE-3-like [Source:NCBI gene%3BAcc:106596534]
ENSSSAG00000060064	AGKD04597559.1	.	snRNA	U6	U6 spliceosomal RNA [Source:RFAM%3BAcc:RF00026]
ENSSSAG00000060065	AGKD04050731.1	.	snRNA	U5	U5 spliceosomal RNA [Source:RFAM%3BAcc:RF00020]
ENSSSAG00000060069	AGKD04019174.1	.	protein_coding	mpi	mannose phosphate isomerase [Source:ZFIN%3BAcc:ZDB-GENE-050904-6]
ENSSSAG00000060070	AGKD04050731.1	.	snRNA	U2	U2 spliceosomal RNA [Source:RFAM%3BAcc:RF00004]
ENSSSAG00000060071	AGKD04597735.1	.	protein_coding		
ENSSSAG00000060086	AGKD04018666.1	.	protein_coding	pcdh17	protocadherin-17-like [Source:NCBI gene%3BAcc:106593832]
ENSSSAG00000060089	AGKD04598031.1	.	protein_coding		
ENSSSAG00000060105	ssa14	.	lncRNA		uncharacterized LOC106569505 [Source:NCBI gene%3BAcc:106569505]
ENSSSAG00000060108	AGKD04048584.1	.	snRNA	U5	U5 spliceosomal RNA [Source:RFAM%3BAcc:RF00020]
ENSSSAG00000060122	ssa25	.	lncRNA		
ENSSSAG00000060124	AGKD04031736.1	.	protein_coding		
ENSSSAG00000060136	AGKD04598432.1	.	snRNA	U2	U2 spliceosomal RNA [Source:RFAM%3BAcc:RF00004]
ENSSSAG00000060138	AGKD04020990.1	.	protein_coding	ndr2	nodal homolog [Source:NCBI gene%3BAcc:106594691]
ENSSSAG00000060139	AGKD04017990.1	.	lncRNA		
ENSSSAG00000060144	AGKD04017990.1	.	lncRNA		
ENSSSAG00000060148	AGKD04048639.1	.	protein_coding		
ENSSSAG00000060152	AGKD04598649.1	.	protein_coding		
ENSSSAG00000060209	AGKD04599226.1	.	snRNA	U6	U6 spliceosomal RNA [Source:RFAM%3BAcc:RF00026]
ENSSSAG00000060212	AGKD04599239.1	.	snRNA	U5	U5 spliceosomal RNA [Source:RFAM%3BAcc:RF00020]
ENSSSAG00000060215	ssa14	.	lncRNA		
ENSSSAG00000060216	AGKD04031769.1	.	protein_coding	josd2	josephin-2-like [Source:NCBI gene%3BAcc:106597197]
ENSSSAG00000060230	AGKD04019174.1	.	protein_coding		
ENSSSAG00000060232	AGKD04028293.1	.	snoRNA	U3	Small nucleolar RNA U3 [Source:RFAM%3BAcc:RF00012]
ENSSSAG00000060235	AGKD04016557.1	.	miRNA	ssa-mir-23a-3	ssa-mir-23a-3 [Source:miRBase%3BAcc:MI0026636]
ENSSSAG00000060237	AGKD04050893.1	.	misc_RNA	Metazoa_SRP	Metazoan signal recognition particle RNA [Source:RFAM%3BAcc:RF00017]
ENSSSAG00000060241	AGKD04016557.1	.	miRNA	ssa-mir-27d	ssa-mir-27d [Source:miRBase%3BAcc:MI0026663]
ENSSSAG00000060242	AGKD04031770.1	.	protein_coding		exosome complex component RRP45-like [Source:NCBI gene%3BAcc:106597199]
ENSSSAG00000060245	AGKD04018023.1	.	processed_pseudogene		
ENSSSAG00000060246	AGKD04016557.1	.	miRNA	ssa-mir-24a-4	ssa-mir-24a-4 [Source:miRBase%3BAcc:MI0026641]
ENSSSAG00000060248	AGKD04050927.1	.	protein_coding	CCN3	cellular communication network factor 3 [Source:HGNC Symbol%3BAcc:HGNC:7885]
ENSSSAG00000060249	ssa05	.	pseudogene		
ENSSSAG00000060253	ssa14	.	pseudogene		E3 ubiquitin-protein ligase RNF152-like [Source:NCBI gene%3BAcc:106569247]
ENSSSAG00000060257	AGKD04031806.1	.	snRNA	U6	U6 spliceosomal RNA [Source:RFAM%3BAcc:RF00026]
ENSSSAG00000060285	AGKD04021013.1	.	protein_coding	rint1	RAD50-interacting protein 1-like [Source:NCBI gene%3BAcc:106594700]
ENSSSAG00000060306	AGKD04018038.1	.	protein_coding		GTPase IMAP family member 4-like [Source:NCBI gene%3BAcc:106593568]
ENSSSAG00000060314	AGKD04018040.1	.	lncRNA		
ENSSSAG00000060319	AGKD04018040.1	.	lncRNA		
ENSSSAG00000060333	AGKD04051016.1	.	misc_RNA	Metazoa_SRP	Metazoan signal recognition particle RNA [Source:RFAM%3BAcc:RF00017]
ENSSSAG00000060338	AGKD04021022.1	.	protein_coding		
ENSSSAG00000060347	ssa18	.	snRNA	U7	U7 small nuclear RNA [Source:RFAM%3BAcc:RF00066]
ENSSSAG00000060354	AGKD04031913.1	.	protein_coding		claudin 23a [Source:ZFIN%3BAcc:ZDB-GENE-091204-28]
ENSSSAG00000060365	AGKD04028380.1	.	protein_coding		
ENSSSAG00000060385	AGKD04031964.1	.	protein_coding	gpa33b	glycoprotein A33 (transmembrane)%2C paralog b [Source:ZFIN%3BAcc:ZDB-GENE-070912-194]
ENSSSAG00000060386	AGKD04016562.1	.	lncRNA		
ENSSSAG00000060414	ssa10	.	lncRNA		
ENSSSAG00000060415	AGKD04018735.1	.	protein_coding	prl2	prolactin 2 [Source:ZFIN%3BAcc:ZDB-GENE-041210-160]
ENSSSAG00000060416	AGKD04051054.1	.	pseudogene		
ENSSSAG00000060419	ssa10	.	lncRNA		
ENSSSAG00000060422	AGKD04031980.1	.	protein_coding	GIMA7	GTPase IMAP family member 7-like [Source:NCBI gene%3BAcc:106597237]
ENSSSAG00000060435	AGKD04051089.1	.	protein_coding	CCN3	cellular communication network factor 3 [Source:HGNC Symbol%3BAcc:HGNC:7885]
ENSSSAG00000060441	AGKD04016586.1	.	pseudogene		
ENSSSAG00000060458	AGKD04031997.1	.	protein_coding		
ENSSSAG00000060471	AGKD04032015.1	.	snoRNA	U3	Small nucleolar RNA U3 [Source:RFAM%3BAcc:RF00012]
ENSSSAG00000060474	AGKD04032015.1	.	snoRNA	U3	Small nucleolar RNA U3 [Source:RFAM%3BAcc:RF00012]
ENSSSAG00000060476	AGKD04032015.1	.	snoRNA	U3	Small nucleolar RNA U3 [Source:RFAM%3BAcc:RF00012]
ENSSSAG00000060481	AGKD04019209.1	.	protein_coding		
ENSSSAG00000060482	AGKD04032015.1	.	snoRNA	U3	Small nucleolar RNA U3 [Source:RFAM%3BAcc:RF00012]
ENSSSAG00000060486	AGKD04032015.1	.	snoRNA	U3	Small nucleolar RNA U3 [Source:RFAM%3BAcc:RF00012]
ENSSSAG00000060489	ssa06	.	protein_coding		
ENSSSAG00000060491	AGKD04021622.1	.	snRNA	U1	U1 spliceosomal RNA [Source:RFAM%3BAcc:RF00003]
ENSSSAG00000060495	AGKD04021622.1	.	snRNA	U1	U1 spliceosomal RNA [Source:RFAM%3BAcc:RF00003]
ENSSSAG00000060497	AGKD04056981.1	.	snRNA	U2	U2 spliceosomal RNA [Source:RFAM%3BAcc:RF00004]
ENSSSAG00000060500	AGKD04056981.1	.	snRNA	U5	U5 spliceosomal RNA [Source:RFAM%3BAcc:RF00020]
ENSSSAG00000060504	AGKD04021038.1	.	protein_coding		
ENSSSAG00000060510	AGKD04051236.1	.	protein_coding		
ENSSSAG00000060517	AGKD04021041.1	.	protein_coding	lmo3	LIM domain only 3 [Source:NCBI gene%3BAcc:553774]
ENSSSAG00000060527	AGKD04011112.1	.	miRNA	ssa-mir-92a-3	ssa-mir-92a-3 [Source:miRBase%3BAcc:MI0026760]
ENSSSAG00000060529	AGKD04011112.1	.	miRNA	ssa-mir-19c-2	ssa-mir-19c-2 [Source:miRBase%3BAcc:MI0026573]
ENSSSAG00000060535	AGKD04011112.1	.	miRNA	ssa-mir-20a-1	ssa-mir-20a-1 [Source:miRBase%3BAcc:MI0026601]
ENSSSAG00000060536	AGKD04018761.1	.	snRNA	U2	U2 spliceosomal RNA [Source:RFAM%3BAcc:RF00004]
ENSSSAG00000060539	AGKD04051246.1	.	snRNA	U2	U2 spliceosomal RNA [Source:RFAM%3BAcc:RF00004]
ENSSSAG00000060543	AGKD04051246.1	.	snRNA	U2	U2 spliceosomal RNA [Source:RFAM%3BAcc:RF00004]
ENSSSAG00000060552	AGKD04051297.1	.	protein_coding	si:ch211-269k10.5	membrane-spanning 4-domains subfamily A member 4D-like [Source:NCBI gene%3BAcc:106598685]
ENSSSAG00000060555	AGKD04011356.1	.	lncRNA		
ENSSSAG00000060586	AGKD04051314.1	.	snRNA	U2	U2 spliceosomal RNA [Source:RFAM%3BAcc:RF00004]
ENSSSAG00000060587	AGKD04090928.1	.	snRNA	U1	U1 spliceosomal RNA [Source:RFAM%3BAcc:RF00003]
ENSSSAG00000060601	AGKD04032118.1	.	protein_coding		
ENSSSAG00000060609	AGKD04019216.1	.	protein_coding	zgc:153896	ectonucleotide pyrophosphatase/phosphodiesterase family member 7-like [Source:NCBI gene%3BAcc:106594037]
ENSSSAG00000060613	AGKD04032133.1	.	snRNA	U1	U1 spliceosomal RNA [Source:RFAM%3BAcc:RF00003]
ENSSSAG00000060618	AGKD04032133.1	.	snRNA	U1	U1 spliceosomal RNA [Source:RFAM%3BAcc:RF00003]
ENSSSAG00000060650	ssa11	.	protein_coding		serine incorporator 4-like [Source:NCBI gene%3BAcc:106562726]
ENSSSAG00000060714	AGKD04021092.1	.	protein_coding		
ENSSSAG00000060724	ssa13	.	lncRNA		
ENSSSAG00000060734	AGKD04051371.1	.	protein_coding	CCN3	cellular communication network factor 3 [Source:HGNC Symbol%3BAcc:HGNC:7885]
ENSSSAG00000060742	AGKD04032180.1	.	snRNA	U1	U1 spliceosomal RNA [Source:RFAM%3BAcc:RF00003]
ENSSSAG00000060761	AGKD04091068.1	.	protein_coding		
ENSSSAG00000060782	AGKD04032196.1	.	protein_coding		apolipoprotein L3-like [Source:NCBI gene%3BAcc:106597265]
ENSSSAG00000060787	AGKD04051411.1	.	snoRNA		
ENSSSAG00000060792	AGKD04051411.1	.	snoRNA	U3	Small nucleolar RNA U3 [Source:RFAM%3BAcc:RF00012]
ENSSSAG00000060797	AGKD04051411.1	.	snoRNA	U3	Small nucleolar RNA U3 [Source:RFAM%3BAcc:RF00012]
ENSSSAG00000060799	AGKD04084662.1	.	snoRNA		
ENSSSAG00000060802	AGKD04051411.1	.	snoRNA		
ENSSSAG00000060803	AGKD04084662.1	.	snoRNA	U3	Small nucleolar RNA U3 [Source:RFAM%3BAcc:RF00012]
ENSSSAG00000060809	AGKD04051411.1	.	snoRNA	U3	Small nucleolar RNA U3 [Source:RFAM%3BAcc:RF00012]
ENSSSAG00000060811	AGKD04084662.1	.	snoRNA		
ENSSSAG00000060814	AGKD04084662.1	.	snoRNA	U3	Small nucleolar RNA U3 [Source:RFAM%3BAcc:RF00012]
ENSSSAG00000060821	ssa11	.	lncRNA		
ENSSSAG00000060826	AGKD04032200.1	.	protein_coding	rint1	RAD50-interacting protein 1-like [Source:NCBI gene%3BAcc:106597266]
ENSSSAG00000060906	ssa15	.	snRNA	U7	U7 small nuclear RNA [Source:RFAM%3BAcc:RF00066]
ENSSSAG00000060909	ssa11	.	snRNA	U7	U7 small nuclear RNA [Source:RFAM%3BAcc:RF00066]
ENSSSAG00000060922	AGKD04091241.1	.	misc_RNA	Metazoa_SRP	Metazoan signal recognition particle RNA [Source:RFAM%3BAcc:RF00017]
ENSSSAG00000060926	ssa19	.	snRNA	U5	U5 spliceosomal RNA [Source:RFAM%3BAcc:RF00020]
ENSSSAG00000060928	AGKD04085005.1	.	misc_RNA	Metazoa_SRP	Metazoan signal recognition particle RNA [Source:RFAM%3BAcc:RF00017]
ENSSSAG00000060929	ssa19	.	snRNA	U5	U5 spliceosomal RNA [Source:RFAM%3BAcc:RF00020]
ENSSSAG00000060958	AGKD04011435.1	.	lncRNA		
ENSSSAG00000060966	AGKD04016209.1	.	protein_coding	M1IP1	mid1-interacting protein 1-B-like [Source:NCBI gene%3BAcc:106592668]
ENSSSAG00000060983	AGKD04016224.1	.	protein_coding	znf330	zinc finger protein 330-like [Source:NCBI gene%3BAcc:106592674]
ENSSSAG00000061005	ssa19	.	miRNA	ssa-mir-146b	ssa-mir-146b [Source:miRBase%3BAcc:MI0026510]
ENSSSAG00000061006	AGKD04085139.1	.	protein_coding		
ENSSSAG00000061007	ssa29	.	protein_coding	tagln3b	transgelin 3b [Source:ZFIN%3BAcc:ZDB-GENE-030131-4199]
ENSSSAG00000061021	ssa11	.	lncRNA		
ENSSSAG00000061028	AGKD04011462.1	.	protein_coding		
ENSSSAG00000061060	AGKD04011466.1	.	snRNA	U5	U5 spliceosomal RNA [Source:RFAM%3BAcc:RF00020]
ENSSSAG00000061062	AGKD04021768.1	.	miRNA	ssa-mir-722-1	ssa-mir-722-1 [Source:miRBase%3BAcc:MI0026722]
ENSSSAG00000061064	AGKD04011466.1	.	snRNA	U5	U5 spliceosomal RNA [Source:RFAM%3BAcc:RF00020]
ENSSSAG00000061068	AGKD04091316.1	.	snRNA	U1	U1 spliceosomal RNA [Source:RFAM%3BAcc:RF00003]
ENSSSAG00000061081	ssa05	.	lncRNA		
ENSSSAG00000061083	AGKD04091362.1	.	snRNA	U6	U6 spliceosomal RNA [Source:RFAM%3BAcc:RF00026]
ENSSSAG00000061090	AGKD04091362.1	.	snRNA	U6	U6 spliceosomal RNA [Source:RFAM%3BAcc:RF00026]
ENSSSAG00000061108	AGKD04091406.1	.	snRNA	U1	U1 spliceosomal RNA [Source:RFAM%3BAcc:RF00003]
ENSSSAG00000061113	AGKD04091423.1	.	snRNA	U1	U1 spliceosomal RNA [Source:RFAM%3BAcc:RF00003]
ENSSSAG00000061121	AGKD04021781.1	.	protein_coding	mmp15a	uromodulin-like [Source:NCBI gene%3BAcc:106594968]
ENSSSAG00000061125	AGKD04021147.1	.	protein_coding	cpvl	probable serine carboxypeptidase CPVL [Source:NCBI gene%3BAcc:106594746]
ENSSSAG00000061135	ssa20	.	snRNA	U7	U7 small nuclear RNA [Source:RFAM%3BAcc:RF00066]
ENSSSAG00000061143	AGKD04115347.1	.	snRNA	U1	U1 spliceosomal RNA [Source:RFAM%3BAcc:RF00003]
ENSSSAG00000061163	AGKD04016225.1	.	protein_coding		
ENSSSAG00000061164	ssa20	.	snoRNA		
ENSSSAG00000061165	AGKD04016688.1	.	lncRNA		
ENSSSAG00000061175	ssa22	.	lncRNA		
ENSSSAG00000061177	AGKD04016225.1	.	protein_coding		
ENSSSAG00000061183	ssa19	.	lncRNA		
ENSSSAG00000061184	AGKD04016225.1	.	protein_coding		Ig heavy chain Mem5-like [Source:NCBI gene%3BAcc:106592675]
ENSSSAG00000061195	ssa24	.	miRNA	ssa-mir-23b	ssa-mir-23b [Source:miRBase%3BAcc:MI0026640]
ENSSSAG00000061200	ssa24	.	miRNA	ssa-mir-27b-2	ssa-mir-27b-2 [Source:miRBase%3BAcc:MI0026660]
ENSSSAG00000061203	AGKD04016698.1	.	protein_coding	josd2	josephin-2-like [Source:NCBI gene%3BAcc:106577096]
ENSSSAG00000061204	ssa24	.	miRNA	ssa-mir-24a-3	ssa-mir-24a-3 [Source:miRBase%3BAcc:MI0026643]
ENSSSAG00000061222	AGKD04018789.1	.	protein_coding		
ENSSSAG00000061225	AGKD04021797.1	.	snRNA	U7	U7 small nuclear RNA [Source:RFAM%3BAcc:RF00066]
ENSSSAG00000061291	AGKD04018798.1	.	protein_coding		
ENSSSAG00000061306	AGKD04018820.1	.	protein_coding		
ENSSSAG00000061308	AGKD04021316.1	.	snRNA	U2	U2 spliceosomal RNA [Source:RFAM%3BAcc:RF00004]
ENSSSAG00000061312	AGKD04232503.1	.	snoRNA	U3	Small nucleolar RNA U3 [Source:RFAM%3BAcc:RF00012]
ENSSSAG00000061315	AGKD04232551.1	.	snRNA	U5	U5 spliceosomal RNA [Source:RFAM%3BAcc:RF00020]
ENSSSAG00000061319	AGKD04232551.1	.	snRNA	U2	U2 spliceosomal RNA [Source:RFAM%3BAcc:RF00004]
ENSSSAG00000061321	AGKD04018839.1	.	lncRNA		
ENSSSAG00000061324	AGKD04232556.1	.	pseudogene		
ENSSSAG00000061328	ssa02	.	protein_coding	CDC42	cell division control protein 42 homolog [Source:NCBI gene%3BAcc:106576553]
ENSSSAG00000061355	AGKD04232670.1	.	protein_coding		
ENSSSAG00000061366	ssa15	.	lncRNA		
ENSSSAG00000061369	AGKD04232762.1	.	pseudogene		
ENSSSAG00000061371	ssa16	.	protein_coding		AMP deaminase 3-like [Source:NCBI gene%3BAcc:106573163]
ENSSSAG00000061376	AGKD04021344.1	.	protein_coding	RBFAL	putative ribosome-binding factor A%2C mitochondrial [Source:NCBI gene%3BAcc:106594808]
ENSSSAG00000061386	AGKD04232801.1	.	protein_coding		
ENSSSAG00000061389	AGKD04126270.1	.	snRNA	U1	U1 spliceosomal RNA [Source:RFAM%3BAcc:RF00003]
ENSSSAG00000061393	AGKD04232809.1	.	protein_coding		
ENSSSAG00000061395	AGKD04273206.1	.	snRNA	U1	U1 spliceosomal RNA [Source:RFAM%3BAcc:RF00003]
ENSSSAG00000061434	AGKD04126424.1	.	snRNA	U2	U2 spliceosomal RNA [Source:RFAM%3BAcc:RF00004]
ENSSSAG00000061438	AGKD04126424.1	.	snRNA	U5	U5 spliceosomal RNA [Source:RFAM%3BAcc:RF00020]
ENSSSAG00000061442	AGKD04126424.1	.	snRNA	U2	U2 spliceosomal RNA [Source:RFAM%3BAcc:RF00004]
ENSSSAG00000061447	AGKD04126456.1	.	snRNA	U6	U6 spliceosomal RNA [Source:RFAM%3BAcc:RF00026]
ENSSSAG00000061460	AGKD04273393.1	.	protein_coding		
ENSSSAG00000061466	AGKD04273397.1	.	protein_coding		
ENSSSAG00000061481	AGKD04344116.1	.	snRNA	U6	U6 spliceosomal RNA [Source:RFAM%3BAcc:RF00026]
ENSSSAG00000061483	ssa10	.	protein_coding	oaz1	ornithine decarboxylase antizyme 1 [Source:NCBI gene%3BAcc:100196403]
ENSSSAG00000061489	AGKD04233059.1	.	protein_coding		
ENSSSAG00000061490	AGKD04126577.1	.	snoRNA		
ENSSSAG00000061493	AGKD04126577.1	.	snoRNA		
ENSSSAG00000061496	AGKD04126577.1	.	snoRNA		
ENSSSAG00000061499	AGKD04233063.1	.	snRNA	U4	U4 spliceosomal RNA [Source:RFAM%3BAcc:RF00015]
ENSSSAG00000061500	AGKD04126577.1	.	snoRNA		
ENSSSAG00000061501	AGKD04028430.1	.	lncRNA		
ENSSSAG00000061505	AGKD04126577.1	.	snoRNA		
ENSSSAG00000061507	AGKD04233063.1	.	snRNA	U4	U4 spliceosomal RNA [Source:RFAM%3BAcc:RF00015]
ENSSSAG00000061509	AGKD04021942.1	.	miRNA	ssa-mir-30b	ssa-mir-30b [Source:miRBase%3BAcc:MI0026678]
ENSSSAG00000061510	AGKD04126577.1	.	snoRNA		
ENSSSAG00000061513	AGKD04021942.1	.	miRNA	ssa-mir-30e-3	ssa-mir-30e-3 [Source:miRBase%3BAcc:MI0026685]
ENSSSAG00000061515	AGKD04344322.1	.	protein_coding		
ENSSSAG00000061520	ssa11	.	snoRNA		
ENSSSAG00000061524	ssa11	.	snoRNA		
ENSSSAG00000061526	AGKD04344382.1	.	snRNA	U5	U5 spliceosomal RNA [Source:RFAM%3BAcc:RF00020]
ENSSSAG00000061529	AGKD04344382.1	.	snRNA	U2	U2 spliceosomal RNA [Source:RFAM%3BAcc:RF00004]
ENSSSAG00000061539	AGKD04273607.1	.	protein_coding		
ENSSSAG00000061550	AGKD04273707.1	.	protein_coding		
ENSSSAG00000061552	AGKD04032220.1	.	protein_coding		
ENSSSAG00000061555	AGKD04233127.1	.	protein_coding		
ENSSSAG00000061575	AGKD04233128.1	.	protein_coding		
ENSSSAG00000061581	AGKD04032237.1	.	protein_coding	TSN8	tetraspanin-8-like [Source:NCBI gene%3BAcc:106597273]
ENSSSAG00000061584	AGKD04273756.1	.	protein_coding		
ENSSSAG00000061586	AGKD04233161.1	.	snRNA	U5	U5 spliceosomal RNA [Source:RFAM%3BAcc:RF00020]
ENSSSAG00000061590	AGKD04233175.1	.	protein_coding		
ENSSSAG00000061594	AGKD04344555.1	.	protein_coding		
ENSSSAG00000061598	ssa05	.	protein_coding	NFIP1	NEDD4 family-interacting protein 1-like [Source:NCBI gene%3BAcc:106604226]
ENSSSAG00000061602	AGKD04126794.1	.	snRNA	U1	U1 spliceosomal RNA [Source:RFAM%3BAcc:RF00003]
ENSSSAG00000061604	AGKD04032243.1	.	snRNA	U1	U1 spliceosomal RNA [Source:RFAM%3BAcc:RF00003]
ENSSSAG00000061610	AGKD04032243.1	.	snRNA	U1	U1 spliceosomal RNA [Source:RFAM%3BAcc:RF00003]
ENSSSAG00000061625	AGKD04273881.1	.	protein_coding		
ENSSSAG00000061630	AGKD04233263.1	.	snRNA	U1	U1 spliceosomal RNA [Source:RFAM%3BAcc:RF00003]
ENSSSAG00000061633	AGKD04028477.1	.	protein_coding		
ENSSSAG00000061635	AGKD04344812.1	.	protein_coding		
ENSSSAG00000061636	AGKD04233264.1	.	protein_coding		
ENSSSAG00000061639	AGKD04273920.1	.	protein_coding		
ENSSSAG00000061642	AGKD04233275.1	.	protein_coding		
ENSSSAG00000061643	AGKD04017383.1	.	protein_coding		60S ribosomal protein L18a-like [Source:NCBI gene%3BAcc:106593275]
ENSSSAG00000061648	AGKD04344818.1	.	snRNA	U1	U1 spliceosomal RNA [Source:RFAM%3BAcc:RF00003]
ENSSSAG00000061654	AGKD04032260.1	.	protein_coding	tyk2	non-receptor tyrosine-protein kinase TYK2-like [Source:NCBI gene%3BAcc:106597276]
ENSSSAG00000061662	ssa06	.	lncRNA		
ENSSSAG00000061666	ssa06	.	lncRNA		
ENSSSAG00000061668	AGKD04233348.1	.	protein_coding		
ENSSSAG00000061669	ssa20	.	lncRNA		
ENSSSAG00000061672	AGKD04021995.1	.	pseudogene		zinc finger and BTB domain-containing protein 5-like [Source:NCBI gene%3BAcc:106595035]
ENSSSAG00000061675	ssa24	.	lncRNA		
ENSSSAG00000061676	ssa23	.	snoRNA		
ENSSSAG00000061681	AGKD04233383.1	.	protein_coding		
ENSSSAG00000061683	ssa25	.	protein_coding	xpo4	exportin 4 [Source:NCBI gene%3BAcc:106586595]
ENSSSAG00000061689	AGKD04344931.1	.	snRNA	U6	U6 spliceosomal RNA [Source:RFAM%3BAcc:RF00026]
ENSSSAG00000061690	AGKD04233403.1	.	protein_coding		
ENSSSAG00000061699	AGKD04017383.1	.	snoRNA		
ENSSSAG00000061706	ssa11	.	lncRNA		
ENSSSAG00000061715	AGKD04274333.1	.	protein_coding		
ENSSSAG00000061716	AGKD04028520.1	.	protein_coding		
ENSSSAG00000061718	AGKD04021995.1	.	lncRNA		
ENSSSAG00000061723	AGKD04233470.1	.	protein_coding		
ENSSSAG00000061733	AGKD04233476.1	.	protein_coding		
ENSSSAG00000061738	AGKD04028526.1	.	protein_coding	sp8b	transcription factor Sp8 [Source:NCBI gene%3BAcc:106596587]
ENSSSAG00000061748	AGKD04023367.1	.	protein_coding	HoxA9b	homeobox protein Hox-A9b-like [Source:NCBI gene%3BAcc:106595455]
ENSSSAG00000061749	AGKD04233489.1	.	protein_coding		
ENSSSAG00000061752	AGKD04021386.1	.	lncRNA		
ENSSSAG00000061753	AGKD04345435.1	.	pseudogene		
ENSSSAG00000061756	AGKD04022006.1	.	protein_coding		
ENSSSAG00000061757	AGKD04233489.1	.	pseudogene		
ENSSSAG00000061766	AGKD04387001.1	.	snoRNA	U3	Small nucleolar RNA U3 [Source:RFAM%3BAcc:RF00012]
ENSSSAG00000061772	AGKD04387034.1	.	protein_coding		
ENSSSAG00000061776	AGKD04274378.1	.	protein_coding		
ENSSSAG00000061777	AGKD04233490.1	.	snRNA	U1	U1 spliceosomal RNA [Source:RFAM%3BAcc:RF00003]
ENSSSAG00000061789	AGKD04274419.1	.	miRNA	ssa-mir-17-3	ssa-mir-17-3 [Source:miRBase%3BAcc:MI0026533]
ENSSSAG00000061795	ssa25	.	lncRNA		
ENSSSAG00000061798	AGKD04233498.1	.	protein_coding		
ENSSSAG00000061807	AGKD04345598.1	.	protein_coding		
ENSSSAG00000061809	AGKD04233615.1	.	protein_coding		
ENSSSAG00000061810	AGKD04274627.1	.	protein_coding		
ENSSSAG00000061814	AGKD04387519.1	.	snRNA	U2	U2 spliceosomal RNA [Source:RFAM%3BAcc:RF00004]
ENSSSAG00000061827	AGKD04028557.1	.	protein_coding	kdm5a	lysine-specific demethylase 5A-like [Source:NCBI gene%3BAcc:106596596]
ENSSSAG00000061837	AGKD04387817.1	.	snRNA	U6	U6 spliceosomal RNA [Source:RFAM%3BAcc:RF00026]
ENSSSAG00000061840	AGKD04274684.1	.	snRNA	U1	U1 spliceosomal RNA [Source:RFAM%3BAcc:RF00003]
ENSSSAG00000061859	AGKD04500986.1	.	protein_coding		
ENSSSAG00000061860	AGKD04387947.1	.	protein_coding		
ENSSSAG00000061863	AGKD04345893.1	.	misc_RNA	Metazoa_SRP	Metazoan signal recognition particle RNA [Source:RFAM%3BAcc:RF00017]
ENSSSAG00000061865	AGKD04233642.1	.	snRNA	U1	U1 spliceosomal RNA [Source:RFAM%3BAcc:RF00003]
ENSSSAG00000061868	AGKD04346064.1	.	protein_coding		
ENSSSAG00000061869	AGKD04233653.1	.	protein_coding		
ENSSSAG00000061873	ssa04	.	miRNA	MIR142	microRNA 142 [Source:HGNC Symbol%3BAcc:HGNC:31529]
ENSSSAG00000061874	AGKD04500990.1	.	protein_coding		
ENSSSAG00000061878	ssa18	.	lncRNA		
ENSSSAG00000061881	AGKD04233693.1	.	protein_coding		
ENSSSAG00000061883	ssa18	.	pseudogene		
ENSSSAG00000061917	ssa07	.	lncRNA		
ENSSSAG00000061920	AGKD04346260.1	.	protein_coding		
ENSSSAG00000061922	AGKD04388058.1	.	protein_coding		
ENSSSAG00000061927	AGKD04346322.1	.	protein_coding		
ENSSSAG00000061928	AGKD04233770.1	.	snRNA	U1	U1 spliceosomal RNA [Source:RFAM%3BAcc:RF00003]
ENSSSAG00000061930	AGKD04017395.1	.	protein_coding		
ENSSSAG00000061934	AGKD04022083.1	.	protein_coding	ENO2	gamma-enolase-like [Source:NCBI gene%3BAcc:106595066]
ENSSSAG00000061937	AGKD04233803.1	.	protein_coding		
ENSSSAG00000061942	AGKD04388254.1	.	snRNA	U1	U1 spliceosomal RNA [Source:RFAM%3BAcc:RF00003]
ENSSSAG00000061944	AGKD04275063.1	.	snRNA	U6	U6 spliceosomal RNA [Source:RFAM%3BAcc:RF00026]
ENSSSAG00000061947	AGKD04275067.1	.	protein_coding		
ENSSSAG00000061948	AGKD04028629.1	.	protein_coding		tetraspanin-8-like [Source:NCBI gene%3BAcc:106596611]
ENSSSAG00000061960	AGKD04346379.1	.	protein_coding		
ENSSSAG00000061964	AGKD04275158.1	.	protein_coding		
ENSSSAG00000061967	AGKD04233817.1	.	pseudogene		
ENSSSAG00000061975	AGKD04501055.1	.	snRNA	U6	U6 spliceosomal RNA [Source:RFAM%3BAcc:RF00026]
ENSSSAG00000061977	AGKD04388742.1	.	pseudogene		
ENSSSAG00000061983	AGKD04275259.1	.	protein_coding		
ENSSSAG00000061992	AGKD04501352.1	.	protein_coding		
ENSSSAG00000061994	ssa18	.	lncRNA		
ENSSSAG00000061999	AGKD04233866.1	.	protein_coding		
ENSSSAG00000062014	AGKD04546280.1	.	snRNA	U2	U2 spliceosomal RNA [Source:RFAM%3BAcc:RF00004]
ENSSSAG00000062028	AGKD04233924.1	.	protein_coding		
ENSSSAG00000062038	AGKD04346570.1	.	protein_coding		
ENSSSAG00000062043	AGKD04546373.1	.	snRNA	U6	U6 spliceosomal RNA [Source:RFAM%3BAcc:RF00026]
ENSSSAG00000062046	AGKD04501970.1	.	snRNA	U4	U4 spliceosomal RNA [Source:RFAM%3BAcc:RF00015]
ENSSSAG00000062055	AGKD04233972.1	.	protein_coding		
ENSSSAG00000062056	AGKD04501994.1	.	snRNA	U5	U5 spliceosomal RNA [Source:RFAM%3BAcc:RF00020]
ENSSSAG00000062057	AGKD04546596.1	.	protein_coding		
ENSSSAG00000062064	AGKD04346617.1	.	snoRNA	U3	Small nucleolar RNA U3 [Source:RFAM%3BAcc:RF00012]
ENSSSAG00000062065	AGKD04389042.1	.	snRNA	U1	U1 spliceosomal RNA [Source:RFAM%3BAcc:RF00003]
ENSSSAG00000062066	AGKD04275509.1	.	protein_coding		
ENSSSAG00000062067	AGKD04346798.1	.	snRNA	U5	U5 spliceosomal RNA [Source:RFAM%3BAcc:RF00020]
ENSSSAG00000062071	AGKD04502163.1	.	protein_coding		
ENSSSAG00000062072	ssa04	.	lncRNA		
ENSSSAG00000062074	AGKD04346798.1	.	snRNA	U2	U2 spliceosomal RNA [Source:RFAM%3BAcc:RF00004]
ENSSSAG00000062085	AGKD04502274.1	.	pseudogene		
ENSSSAG00000062087	AGKD04546609.1	.	snRNA	U2	U2 spliceosomal RNA [Source:RFAM%3BAcc:RF00004]
ENSSSAG00000062090	AGKD04546625.1	.	snoRNA	U3	Small nucleolar RNA U3 [Source:RFAM%3BAcc:RF00012]
ENSSSAG00000062097	AGKD04389289.1	.	pseudogene		
ENSSSAG00000062101	AGKD04275799.1	.	snRNA	U4	U4 spliceosomal RNA [Source:RFAM%3BAcc:RF00015]
ENSSSAG00000062116	AGKD04546812.1	.	protein_coding		
ENSSSAG00000062120	ssa09	.	lncRNA		
ENSSSAG00000062122	AGKD04275935.1	.	snRNA	U6	U6 spliceosomal RNA [Source:RFAM%3BAcc:RF00026]
ENSSSAG00000062125	AGKD04389326.1	.	protein_coding		
ENSSSAG00000062133	AGKD04023474.1	.	protein_coding	HoxA9b	homeobox protein Hox-A9b-like [Source:NCBI gene%3BAcc:106595480]
ENSSSAG00000062137	AGKD04546963.1	.	protein_coding		
ENSSSAG00000062153	AGKD04658746.1	.	snRNA	U2	U2 spliceosomal RNA [Source:RFAM%3BAcc:RF00004]
ENSSSAG00000062165	AGKD04502634.1	.	snRNA	U6	U6 spliceosomal RNA [Source:RFAM%3BAcc:RF00026]
ENSSSAG00000062170	AGKD04658936.1	.	snRNA	U1	U1 spliceosomal RNA [Source:RFAM%3BAcc:RF00003]
ENSSSAG00000062173	AGKD04023474.1	.	protein_coding	hoxa10b	homeobox protein Hox-A10b-like [Source:NCBI gene%3BAcc:106595479]
ENSSSAG00000062175	AGKD04389401.1	.	protein_coding		
ENSSSAG00000062183	AGKD04547344.1	.	protein_coding		
ENSSSAG00000062184	AGKD04389461.1	.	protein_coding		
ENSSSAG00000062189	AGKD04645758.1	.	protein_coding		
ENSSSAG00000062199	AGKD04645762.1	.	snRNA	U2	U2 spliceosomal RNA [Source:RFAM%3BAcc:RF00004]
ENSSSAG00000062206	AGKD04547371.1	.	snRNA	U2	U2 spliceosomal RNA [Source:RFAM%3BAcc:RF00004]
ENSSSAG00000062216	AGKD04389593.1	.	snoRNA	U3	Small nucleolar RNA U3 [Source:RFAM%3BAcc:RF00012]
ENSSSAG00000062223	AGKD04503154.1	.	protein_coding		
ENSSSAG00000062229	AGKD04659429.1	.	protein_coding		
ENSSSAG00000062231	AGKD04646066.1	.	snRNA	U1	U1 spliceosomal RNA [Source:RFAM%3BAcc:RF00003]
ENSSSAG00000062232	AGKD04547526.1	.	snoRNA		
ENSSSAG00000062233	AGKD04028688.1	.	protein_coding		
ENSSSAG00000062237	AGKD04547526.1	.	snoRNA	U3	Small nucleolar RNA U3 [Source:RFAM%3BAcc:RF00012]
ENSSSAG00000062238	AGKD04646123.1	.	snRNA	U5	U5 spliceosomal RNA [Source:RFAM%3BAcc:RF00020]
ENSSSAG00000062239	AGKD04022167.1	.	protein_coding		meiosis arrest female protein 1 homolog [Source:NCBI gene%3BAcc:106595089]
ENSSSAG00000062241	AGKD04389770.1	.	snRNA	U2	U2 spliceosomal RNA [Source:RFAM%3BAcc:RF00004]
ENSSSAG00000062244	AGKD04659458.1	.	protein_coding		
ENSSSAG00000062245	AGKD04389770.1	.	snRNA	U5	U5 spliceosomal RNA [Source:RFAM%3BAcc:RF00020]
ENSSSAG00000062250	AGKD04389872.1	.	snRNA	U1	U1 spliceosomal RNA [Source:RFAM%3BAcc:RF00003]
ENSSSAG00000062258	AGKD04390042.1	.	protein_coding		
ENSSSAG00000062262	AGKD04503419.1	.	pseudogene		
ENSSSAG00000062266	ssa05	.	lncRNA		
ENSSSAG00000062284	AGKD04659719.1	.	snRNA	U1	U1 spliceosomal RNA [Source:RFAM%3BAcc:RF00003]
ENSSSAG00000062292	AGKD04390116.1	.	snoRNA		
ENSSSAG00000062297	AGKD04646562.1	.	protein_coding		
ENSSSAG00000062298	AGKD04390116.1	.	snoRNA		
ENSSSAG00000062302	AGKD04547820.1	.	snRNA	U5	U5 spliceosomal RNA [Source:RFAM%3BAcc:RF00020]
ENSSSAG00000062303	AGKD04390116.1	.	snoRNA		
ENSSSAG00000062304	AGKD04028717.1	.	snRNA	U1	U1 spliceosomal RNA [Source:RFAM%3BAcc:RF00003]
ENSSSAG00000062307	AGKD04548050.1	.	snRNA	U6	U6 spliceosomal RNA [Source:RFAM%3BAcc:RF00026]
ENSSSAG00000062309	AGKD04503548.1	.	protein_coding		
ENSSSAG00000062310	AGKD04390173.1	.	protein_coding		
ENSSSAG00000062313	AGKD04548274.1	.	snoRNA		
ENSSSAG00000062318	AGKD04548274.1	.	snoRNA		
ENSSSAG00000062320	AGKD04646825.1	.	snRNA	U1	U1 spliceosomal RNA [Source:RFAM%3BAcc:RF00003]
ENSSSAG00000062321	AGKD04548274.1	.	snoRNA		
ENSSSAG00000062323	ssa05	.	lncRNA		
ENSSSAG00000062324	AGKD04503832.1	.	snRNA	U5	U5 spliceosomal RNA [Source:RFAM%3BAcc:RF00020]
ENSSSAG00000062330	AGKD04548284.1	.	snRNA	U6	U6 spliceosomal RNA [Source:RFAM%3BAcc:RF00026]
ENSSSAG00000062331	AGKD04660209.1	.	protein_coding		
ENSSSAG00000062349	AGKD04647013.1	.	protein_coding		
ENSSSAG00000062363	AGKD04011142.1	.	pseudogene		
ENSSSAG00000062365	AGKD04548443.1	.	snRNA	U1	U1 spliceosomal RNA [Source:RFAM%3BAcc:RF00003]
ENSSSAG00000062367	AGKD04504236.1	.	protein_coding		
ENSSSAG00000062369	AGKD04660387.1	.	protein_coding		
ENSSSAG00000062370	AGKD04548615.1	.	snRNA	U6	U6 spliceosomal RNA [Source:RFAM%3BAcc:RF00026]
ENSSSAG00000062372	AGKD04022182.1	.	snRNA	U7	U7 small nuclear RNA [Source:RFAM%3BAcc:RF00066]
ENSSSAG00000062373	AGKD04390717.1	.	protein_coding		
ENSSSAG00000062375	AGKD04028735.1	.	protein_coding	zdhhc12b	probable palmitoyltransferase ZDHHC12 [Source:NCBI gene%3BAcc:106596628]
ENSSSAG00000062376	AGKD04504243.1	.	snRNA	U1	U1 spliceosomal RNA [Source:RFAM%3BAcc:RF00003]
ENSSSAG00000062377	AGKD04647312.1	.	snRNA	U2	U2 spliceosomal RNA [Source:RFAM%3BAcc:RF00004]
ENSSSAG00000062381	AGKD04660439.1	.	protein_coding		
ENSSSAG00000062382	AGKD04548736.1	.	snoRNA	U3	Small nucleolar RNA U3 [Source:RFAM%3BAcc:RF00012]
ENSSSAG00000062383	AGKD04504301.1	.	pseudogene		
ENSSSAG00000062384	AGKD04647313.1	.	snRNA	U1	U1 spliceosomal RNA [Source:RFAM%3BAcc:RF00003]
ENSSSAG00000062395	AGKD04390840.1	.	protein_coding		
ENSSSAG00000062398	AGKD04018915.1	.	protein_coding	pard6ga	partitioning defective 6 homolog gamma-like [Source:NCBI gene%3BAcc:106593921]
ENSSSAG00000062399	AGKD04660553.1	.	snRNA	U5	U5 spliceosomal RNA [Source:RFAM%3BAcc:RF00020]
ENSSSAG00000062400	AGKD04660553.1	.	snRNA	U2	U2 spliceosomal RNA [Source:RFAM%3BAcc:RF00004]
ENSSSAG00000062401	AGKD04548931.1	.	protein_coding		
ENSSSAG00000062403	AGKD04390877.1	.	snRNA	U1	U1 spliceosomal RNA [Source:RFAM%3BAcc:RF00003]
ENSSSAG00000062404	AGKD04660679.1	.	protein_coding		
ENSSSAG00000062410	AGKD04504428.1	.	protein_coding		
ENSSSAG00000062413	AGKD04549097.1	.	snRNA	U2	U2 spliceosomal RNA [Source:RFAM%3BAcc:RF00004]
ENSSSAG00000062419	AGKD04549283.1	.	protein_coding		
ENSSSAG00000062423	AGKD04391139.1	.	snRNA	U1	U1 spliceosomal RNA [Source:RFAM%3BAcc:RF00003]
ENSSSAG00000062432	AGKD04647992.1	.	miRNA	ssa-mir-18a	ssa-mir-18a [Source:miRBase%3BAcc:MI0026547]
ENSSSAG00000062437	AGKD04549333.1	.	miRNA	ssa-mir-30e-2	ssa-mir-30e-2 [Source:miRBase%3BAcc:MI0026684]
ENSSSAG00000062441	AGKD04504511.1	.	protein_coding		
ENSSSAG00000062444	AGKD04549403.1	.	protein_coding		
ENSSSAG00000062447	AGKD04391586.1	.	protein_coding		
ENSSSAG00000062451	AGKD04504676.1	.	snoRNA	U3	Small nucleolar RNA U3 [Source:RFAM%3BAcc:RF00012]
ENSSSAG00000062465	ssa04	.	pseudogene		
ENSSSAG00000062470	AGKD04648346.1	.	snRNA	U1	U1 spliceosomal RNA [Source:RFAM%3BAcc:RF00003]
ENSSSAG00000062471	AGKD04504848.1	.	snRNA	U1	U1 spliceosomal RNA [Source:RFAM%3BAcc:RF00003]
ENSSSAG00000062480	AGKD04549516.1	.	snRNA	U1	U1 spliceosomal RNA [Source:RFAM%3BAcc:RF00003]
ENSSSAG00000062484	AGKD04648614.1	.	protein_coding		
ENSSSAG00000062490	AGKD04661416.1	.	snoRNA	U3	Small nucleolar RNA U3 [Source:RFAM%3BAcc:RF00012]
ENSSSAG00000062491	ssa04	.	lncRNA		
ENSSSAG00000062493	AGKD04661489.1	.	pseudogene		
ENSSSAG00000062502	AGKD04505073.1	.	protein_coding		
ENSSSAG00000062503	AGKD04550122.1	.	protein_coding		
ENSSSAG00000062506	AGKD04023505.1	.	protein_coding		
ENSSSAG00000062511	AGKD04648676.1	.	snRNA	U2	U2 spliceosomal RNA [Source:RFAM%3BAcc:RF00004]
ENSSSAG00000062518	AGKD04648814.1	.	snRNA	U5	U5 spliceosomal RNA [Source:RFAM%3BAcc:RF00020]
ENSSSAG00000062520	AGKD04661847.1	.	pseudogene		
ENSSSAG00000062521	AGKD04550360.1	.	protein_coding		
ENSSSAG00000062539	AGKD04550563.1	.	snoRNA	U3	Small nucleolar RNA U3 [Source:RFAM%3BAcc:RF00012]
ENSSSAG00000062540	AGKD04648988.1	.	misc_RNA	Metazoa_SRP	Metazoan signal recognition particle RNA [Source:RFAM%3BAcc:RF00017]
ENSSSAG00000062541	AGKD04735731.1	.	protein_coding		
ENSSSAG00000062547	AGKD04023508.1	.	protein_coding		
ENSSSAG00000062551	AGKD04505470.1	.	pseudogene		
ENSSSAG00000062554	AGKD04661847.1	.	protein_coding		
ENSSSAG00000062567	AGKD04551090.1	.	snRNA	U2	U2 spliceosomal RNA [Source:RFAM%3BAcc:RF00004]
ENSSSAG00000062568	AGKD04649324.1	.	snRNA	U5	U5 spliceosomal RNA [Source:RFAM%3BAcc:RF00020]
ENSSSAG00000062569	AGKD04662044.1	.	miRNA	ssa-mir-15e	ssa-mir-15e [Source:miRBase%3BAcc:MI0026527]
ENSSSAG00000062575	AGKD04662046.1	.	snRNA	U5	U5 spliceosomal RNA [Source:RFAM%3BAcc:RF00020]
ENSSSAG00000062576	AGKD04649429.1	.	protein_coding		
ENSSSAG00000062582	AGKD04505526.1	.	protein_coding		
ENSSSAG00000062583	AGKD04662406.1	.	protein_coding		
ENSSSAG00000062591	AGKD04735986.1	.	protein_coding	shisa9b	shisa family member 9b [Source:NCBI gene%3BAcc:566015]
ENSSSAG00000062592	AGKD04662428.1	.	snRNA	U1	U1 spliceosomal RNA [Source:RFAM%3BAcc:RF00003]
ENSSSAG00000062597	AGKD04023537.1	.	protein_coding	hoxa10b	homeobox protein Hox-A10b-like [Source:NCBI gene%3BAcc:106595492]
ENSSSAG00000062602	AGKD04551220.1	.	protein_coding		
ENSSSAG00000062604	AGKD04736191.1	.	snRNA	U6	U6 spliceosomal RNA [Source:RFAM%3BAcc:RF00026]
ENSSSAG00000062616	AGKD04018965.1	.	miRNA	ssa-mir-2187	ssa-mir-2187 [Source:miRBase%3BAcc:MI0026616]
ENSSSAG00000062622	AGKD04662910.1	.	snRNA	U2	U2 spliceosomal RNA [Source:RFAM%3BAcc:RF00004]
ENSSSAG00000062626	AGKD04736331.1	.	protein_coding		
ENSSSAG00000062629	AGKD04551259.1	.	snRNA	U1	U1 spliceosomal RNA [Source:RFAM%3BAcc:RF00003]
ENSSSAG00000062631	AGKD04649720.1	.	protein_coding		
ENSSSAG00000062632	AGKD04663224.1	.	protein_coding		
ENSSSAG00000062634	ssa29	.	lncRNA		
ENSSSAG00000062636	AGKD04023561.1	.	protein_coding		complement C3 [Source:NCBI gene%3BAcc:106595495]
ENSSSAG00000062640	AGKD04663333.1	.	snRNA	U2	U2 spliceosomal RNA [Source:RFAM%3BAcc:RF00004]
ENSSSAG00000062646	AGKD04663543.1	.	snRNA	U1	U1 spliceosomal RNA [Source:RFAM%3BAcc:RF00003]
ENSSSAG00000062649	AGKD04736540.1	.	snRNA	U4	U4 spliceosomal RNA [Source:RFAM%3BAcc:RF00015]
ENSSSAG00000062651	AGKD04649736.1	.	snRNA	U5	U5 spliceosomal RNA [Source:RFAM%3BAcc:RF00020]
ENSSSAG00000062656	AGKD04649796.1	.	protein_coding		
ENSSSAG00000062657	AGKD04011150.1	.	lncRNA		
ENSSSAG00000062659	AGKD04736612.1	.	protein_coding		
ENSSSAG00000062661	AGKD04664127.1	.	snRNA	U5	U5 spliceosomal RNA [Source:RFAM%3BAcc:RF00020]
ENSSSAG00000062662	AGKD04649923.1	.	snRNA	U2	U2 spliceosomal RNA [Source:RFAM%3BAcc:RF00004]
ENSSSAG00000062667	AGKD04649923.1	.	snRNA	U5	U5 spliceosomal RNA [Source:RFAM%3BAcc:RF00020]
ENSSSAG00000062669	ssa10	.	lncRNA		
ENSSSAG00000062674	AGKD04650196.1	.	snRNA	U1	U1 spliceosomal RNA [Source:RFAM%3BAcc:RF00003]
ENSSSAG00000062687	AGKD04736917.1	.	snRNA	U2	U2 spliceosomal RNA [Source:RFAM%3BAcc:RF00004]
ENSSSAG00000062688	AGKD04665065.1	.	snRNA	U2	U2 spliceosomal RNA [Source:RFAM%3BAcc:RF00004]
ENSSSAG00000062692	AGKD04736930.1	.	protein_coding		
ENSSSAG00000062696	AGKD04737069.1	.	snRNA	U5	U5 spliceosomal RNA [Source:RFAM%3BAcc:RF00020]
ENSSSAG00000062700	AGKD04737139.1	.	snRNA	U5	U5 spliceosomal RNA [Source:RFAM%3BAcc:RF00020]
ENSSSAG00000062701	AGKD04650690.1	.	snRNA	U2	U2 spliceosomal RNA [Source:RFAM%3BAcc:RF00004]
ENSSSAG00000062709	AGKD04665187.1	.	protein_coding		
ENSSSAG00000062716	AGKD04651050.1	.	protein_coding		
ENSSSAG00000062718	AGKD04023578.1	.	protein_coding	COPB2	coatomer subunit beta'-like [Source:NCBI gene%3BAcc:106595500]
ENSSSAG00000062728	ssa02	.	pseudogene		
ENSSSAG00000062730	AGKD04737345.1	.	protein_coding	btg1	B-cell translocation gene 1%2C anti-proliferative [Source:ZFIN%3BAcc:ZDB-GENE-010726-1]
ENSSSAG00000062734	AGKD04651649.1	.	snRNA	U2	U2 spliceosomal RNA [Source:RFAM%3BAcc:RF00004]
ENSSSAG00000062737	AGKD04651718.1	.	protein_coding		
ENSSSAG00000062743	AGKD04737399.1	.	pseudogene		
ENSSSAG00000062751	AGKD04023586.1	.	snRNA	U5	U5 spliceosomal RNA [Source:RFAM%3BAcc:RF00020]
ENSSSAG00000062753	AGKD04023586.1	.	snRNA	U2	U2 spliceosomal RNA [Source:RFAM%3BAcc:RF00004]
ENSSSAG00000062756	AGKD04023586.1	.	snRNA	U2	U2 spliceosomal RNA [Source:RFAM%3BAcc:RF00004]
ENSSSAG00000062757	AGKD04737460.1	.	protein_coding		
ENSSSAG00000062762	AGKD04737533.1	.	snRNA	U2	U2 spliceosomal RNA [Source:RFAM%3BAcc:RF00004]
ENSSSAG00000062764	AGKD04737536.1	.	snRNA	U6	U6 spliceosomal RNA [Source:RFAM%3BAcc:RF00026]
ENSSSAG00000062766	AGKD04737586.1	.	pseudogene		
ENSSSAG00000062767	ssa09	.	pseudogene		
ENSSSAG00000062768	AGKD04737591.1	.	pseudogene		
ENSSSAG00000062772	AGKD04023620.1	.	protein_coding		
ENSSSAG00000062774	ssa23	.	lncRNA		
ENSSSAG00000062780	AGKD04023639.1	.	protein_coding		
ENSSSAG00000062785	AGKD04738038.1	.	snoRNA		
ENSSSAG00000062786	AGKD04023647.1	.	protein_coding	hoxa9b	homeo box A9b [Source:NCBI gene%3BAcc:100194482]
ENSSSAG00000062788	AGKD04738038.1	.	snoRNA		
ENSSSAG00000062790	AGKD04738038.1	.	snoRNA		
ENSSSAG00000062797	AGKD04023647.1	.	protein_coding	hoxa10b	homeo box A10b [Source:NCBI gene%3BAcc:100194481]
ENSSSAG00000062798	AGKD04738451.1	.	snRNA	U5	U5 spliceosomal RNA [Source:RFAM%3BAcc:RF00020]
ENSSSAG00000062801	AGKD04738665.1	.	snRNA	U2	U2 spliceosomal RNA [Source:RFAM%3BAcc:RF00004]
ENSSSAG00000062807	AGKD04023657.1	.	protein_coding		inactive serine protease PAMR1-like [Source:NCBI gene%3BAcc:106595518]
ENSSSAG00000062809	AGKD04738762.1	.	snRNA	U7	U7 small nuclear RNA [Source:RFAM%3BAcc:RF00066]
ENSSSAG00000062813	AGKD04739387.1	.	snRNA	U5	U5 spliceosomal RNA [Source:RFAM%3BAcc:RF00020]
ENSSSAG00000062814	AGKD04739387.1	.	snRNA	U2	U2 spliceosomal RNA [Source:RFAM%3BAcc:RF00004]
ENSSSAG00000062820	AGKD04739779.1	.	protein_coding		
ENSSSAG00000062823	AGKD04023673.1	.	miRNA	ssa-mir-459	ssa-mir-459 [Source:miRBase%3BAcc:MI0026709]
ENSSSAG00000062826	AGKD04739903.1	.	snRNA	U5	U5 spliceosomal RNA [Source:RFAM%3BAcc:RF00020]
ENSSSAG00000062827	AGKD04739903.1	.	snRNA	U2	U2 spliceosomal RNA [Source:RFAM%3BAcc:RF00004]
ENSSSAG00000062838	AGKD04740698.1	.	protein_coding		
ENSSSAG00000062844	AGKD04740838.1	.	snRNA	U2	U2 spliceosomal RNA [Source:RFAM%3BAcc:RF00004]
ENSSSAG00000062845	AGKD04740900.1	.	snRNA	U1	U1 spliceosomal RNA [Source:RFAM%3BAcc:RF00003]
ENSSSAG00000062857	AGKD04741443.1	.	protein_coding		
ENSSSAG00000062858	ssa14	.	snRNA	U7	U7 small nuclear RNA [Source:RFAM%3BAcc:RF00066]
ENSSSAG00000062859	AGKD04741473.1	.	protein_coding	IGLV3-27	immunoglobulin lambda variable 3-27 [Source:HGNC Symbol%3BAcc:HGNC:5910]
ENSSSAG00000062863	ssa09	.	lncRNA		
ENSSSAG00000062875	AGKD04741930.1	.	protein_coding	CXXC5	CXXC finger protein 5a [Source:ZFIN%3BAcc:ZDB-GENE-030131-3178]
ENSSSAG00000062881	AGKD04742191.1	.	snRNA	U6	U6 spliceosomal RNA [Source:RFAM%3BAcc:RF00026]
ENSSSAG00000062882	AGKD04742226.1	.	snRNA	U5	U5 spliceosomal RNA [Source:RFAM%3BAcc:RF00020]
ENSSSAG00000062883	AGKD04742226.1	.	snRNA	U2	U2 spliceosomal RNA [Source:RFAM%3BAcc:RF00004]
ENSSSAG00000062890	AGKD04742419.1	.	snRNA	U2	U2 spliceosomal RNA [Source:RFAM%3BAcc:RF00004]
ENSSSAG00000062892	AGKD04742476.1	.	snRNA	U5	U5 spliceosomal RNA [Source:RFAM%3BAcc:RF00020]
ENSSSAG00000062895	AGKD04742576.1	.	protein_coding		
ENSSSAG00000062897	AGKD04742624.1	.	snRNA	U2	U2 spliceosomal RNA [Source:RFAM%3BAcc:RF00004]
ENSSSAG00000062899	AGKD04742651.1	.	miRNA	ssa-mir-22b-1	ssa-mir-22b-1 [Source:miRBase%3BAcc:MI0026634]
ENSSSAG00000062903	AGKD04023691.1	.	protein_coding	cpt1aa	carnitine O-palmitoyltransferase 1%2C liver isoform-like [Source:NCBI gene%3BAcc:106595528]
ENSSSAG00000062919	AGKD04023723.1	.	protein_coding		
ENSSSAG00000062935	ssa09	.	lncRNA		
ENSSSAG00000062937	ssa14	.	protein_coding	ef1a	elongation factor 1-alpha%2C oocyte form [Source:NCBI gene%3BAcc:100136485]
ENSSSAG00000062940	ssa12	.	protein_coding	RL32	60S ribosomal protein L32-like [Source:NCBI gene%3BAcc:106566216]
ENSSSAG00000062949	ssa11	.	pseudogene		
ENSSSAG00000062956	ssa09	.	lncRNA		
ENSSSAG00000062957	ssa09	.	lncRNA		
ENSSSAG00000062974	ssa12	.	protein_coding	cand2	cullin-associated NEDD8-dissociated protein 1-like [Source:NCBI gene%3BAcc:106566217]
ENSSSAG00000062985	AGKD04032299.1	.	protein_coding		
ENSSSAG00000062992	AGKD04032305.1	.	protein_coding	espnla	espin-like protein [Source:NCBI gene%3BAcc:106597284]
ENSSSAG00000062997	ssa11	.	lncRNA		
ENSSSAG00000063000	AGKD04032307.1	.	protein_coding	PARD6G	partitioning defective 6 homolog gamma-like [Source:NCBI gene%3BAcc:106597286]
ENSSSAG00000063007	AGKD04032333.1	.	protein_coding	rint1	RAD50-interacting protein 1-like [Source:NCBI gene%3BAcc:106597290]
ENSSSAG00000063022	ssa19	.	lncRNA		uncharacterized LOC106579367 [Source:NCBI gene%3BAcc:106579367]
ENSSSAG00000063040	ssa21	.	lncRNA		
ENSSSAG00000063067	AGKD04032335.1	.	protein_coding		prolactin receptor-like [Source:NCBI gene%3BAcc:106597291]
ENSSSAG00000063078	AGKD04032404.1	.	protein_coding		
ENSSSAG00000063079	ssa09	.	lncRNA		
ENSSSAG00000063082	AGKD04032427.1	.	protein_coding		
ENSSSAG00000063087	AGKD04032464.1	.	protein_coding	ccn2a	cellular communication network factor 2a [Source:ZFIN%3BAcc:ZDB-GENE-030131-102]
ENSSSAG00000063092	ssa01	.	snoRNA	SNORD24	Small nucleolar RNA SNORD24 [Source:RFAM%3BAcc:RF00069]
ENSSSAG00000063094	ssa01	.	snoRNA	SNORD36	Small nucleolar RNA SNORD36 [Source:RFAM%3BAcc:RF00049]
ENSSSAG00000063095	ssa01	.	snoRNA	SNORD36	Small nucleolar RNA SNORD36 [Source:RFAM%3BAcc:RF00049]
ENSSSAG00000063097	AGKD04032516.1	.	protein_coding		
ENSSSAG00000063099	ssa01	.	snoRNA	SNORD36	Small nucleolar RNA SNORD36 [Source:RFAM%3BAcc:RF00049]
ENSSSAG00000063103	ssa10	.	lncRNA		
ENSSSAG00000063105	AGKD04032527.1	.	pseudogene		
ENSSSAG00000063110	AGKD04032544.1	.	protein_coding		
ENSSSAG00000063124	AGKD04032585.1	.	lncRNA		
ENSSSAG00000063127	ssa15	.	lncRNA		
ENSSSAG00000063132	ssa09	.	lncRNA		
ENSSSAG00000063135	ssa09	.	lncRNA		
ENSSSAG00000063138	ssa19	.	lncRNA		uncharacterized LOC106578645 [Source:NCBI gene%3BAcc:106578645]
ENSSSAG00000063142	AGKD04032643.1	.	protein_coding		
ENSSSAG00000063148	ssa05	.	lncRNA		
ENSSSAG00000063150	ssa29	.	pseudogene		
ENSSSAG00000063153	ssa29	.	lncRNA		
ENSSSAG00000063162	ssa14	.	lncRNA		
ENSSSAG00000063165	ssa27	.	snRNA	U2	U2 spliceosomal RNA [Source:RFAM%3BAcc:RF00004]
ENSSSAG00000063183	ssa11	.	protein_coding	cstf3	cleavage stimulation factor subunit 3-like [Source:NCBI gene%3BAcc:106562763]
ENSSSAG00000063187	ssa15	.	miRNA	ssa-mir-135b-1	ssa-mir-135b-1 [Source:miRBase%3BAcc:MI0026486]
ENSSSAG00000063198	ssa20	.	lncRNA		
ENSSSAG00000063234	AGKD04032688.1	.	snRNA	U1	U1 spliceosomal RNA [Source:RFAM%3BAcc:RF00003]
ENSSSAG00000063235	AGKD04032688.1	.	snRNA	U1	U1 spliceosomal RNA [Source:RFAM%3BAcc:RF00003]
ENSSSAG00000063239	ssa11	.	snoRNA	U8	U8 small nucleolar RNA [Source:RFAM%3BAcc:RF00096]
ENSSSAG00000063240	AGKD04032728.1	.	protein_coding	atp5md	ATP synthase membrane subunit DAPIT [Source:ZFIN%3BAcc:ZDB-GENE-110914-234]
ENSSSAG00000063243	ssa11	.	miRNA	ssa-mir-25-2	ssa-mir-25-2 [Source:miRBase%3BAcc:MI0026647]
ENSSSAG00000063245	ssa11	.	miRNA	ssa-mir-106a-2	ssa-mir-106a-2 [Source:miRBase%3BAcc:MI0026439]
ENSSSAG00000063248	ssa24	.	lncRNA		
ENSSSAG00000063266	ssa13	.	snoRNA		
ENSSSAG00000063271	ssa26	.	lncRNA		
ENSSSAG00000063277	ssa20	.	lncRNA		
ENSSSAG00000063285	ssa09	.	miRNA	ssa-mir-103	ssa-mir-103 [Source:miRBase%3BAcc:MI0026437]
ENSSSAG00000063351	ssa08	.	pseudogene		
ENSSSAG00000063353	ssa26	.	pseudogene		
ENSSSAG00000063364	ssa10	.	lncRNA		
ENSSSAG00000063368	ssa08	.	processed_pseudogene		
ENSSSAG00000063372	ssa08	.	rRNA	5_8S_rRNA	5.8S ribosomal RNA [Source:RFAM%3BAcc:RF00002]
ENSSSAG00000063384	ssa29	.	lncRNA		
ENSSSAG00000063390	ssa10	.	lncRNA		
ENSSSAG00000063397	ssa08	.	processed_pseudogene		
ENSSSAG00000063399	ssa16	.	lncRNA		
ENSSSAG00000063405	ssa16	.	lncRNA		
ENSSSAG00000063414	ssa10	.	pseudogene		
ENSSSAG00000063421	ssa18	.	pseudogene		
ENSSSAG00000063427	ssa25	.	lncRNA		
ENSSSAG00000063432	ssa20	.	snoRNA		
ENSSSAG00000063446	ssa13	.	miRNA	ssa-mir-144	ssa-mir-144 [Source:miRBase%3BAcc:MI0026504]
ENSSSAG00000063453	ssa08	.	processed_pseudogene		
ENSSSAG00000063460	ssa07	.	pseudogene		
ENSSSAG00000063466	ssa27	.	lncRNA		
ENSSSAG00000063470	ssa04	.	lncRNA		
ENSSSAG00000063471	ssa08	.	processed_pseudogene		
ENSSSAG00000063493	ssa12	.	snRNA	U7	U7 small nuclear RNA [Source:RFAM%3BAcc:RF00066]
ENSSSAG00000063516	ssa10	.	lncRNA		
ENSSSAG00000063534	ssa10	.	lncRNA		
ENSSSAG00000063539	ssa08	.	processed_pseudogene		
ENSSSAG00000063550	ssa10	.	miRNA	ssa-mir-8157	ssa-mir-8157 [Source:miRBase%3BAcc:MI0026780]
ENSSSAG00000063560	ssa01	.	snoRNA		
ENSSSAG00000063589	ssa13	.	miRNA	ssa-mir-1-3	ssa-mir-1-3 [Source:miRBase%3BAcc:MI0026577]
ENSSSAG00000063592	ssa13	.	miRNA	ssa-mir-133a-2	ssa-mir-133a-2 [Source:miRBase%3BAcc:MI0026484]
ENSSSAG00000063610	ssa15	.	snRNA	U7	U7 small nuclear RNA [Source:RFAM%3BAcc:RF00066]
ENSSSAG00000063616	ssa13	.	lncRNA		
ENSSSAG00000063618	ssa25	.	lncRNA		neurofilament heavy polypeptide-like [Source:NCBI gene%3BAcc:106586459]
ENSSSAG00000063627	ssa01	.	lncRNA		
ENSSSAG00000063635	ssa20	.	lncRNA		
ENSSSAG00000063654	ssa23	.	lncRNA		
ENSSSAG00000063661	ssa22	.	lncRNA		
ENSSSAG00000063674	ssa04	.	lncRNA		
ENSSSAG00000063681	ssa22	.	lncRNA		
ENSSSAG00000063684	ssa01	.	pseudogene		
ENSSSAG00000063691	ssa12	.	miRNA	ssa-mir-205b-1	ssa-mir-205b-1 [Source:miRBase%3BAcc:MI0026596]
ENSSSAG00000063701	ssa05	.	pseudogene		
ENSSSAG00000063725	ssa04	.	lncRNA		
ENSSSAG00000063728	ssa05	.	lncRNA		
ENSSSAG00000063730	ssa12	.	protein_coding	PLXNA2	plexin-A2-like [Source:NCBI gene%3BAcc:106565878]
ENSSSAG00000063734	ssa03	.	pseudogene		
ENSSSAG00000063744	ssa04	.	lncRNA		
ENSSSAG00000063751	AGKD04011179.1	.	protein_coding	phf2	PHD finger protein 2 [Source:NCBI gene%3BAcc:106591232]
ENSSSAG00000063766	ssa27	.	lncRNA		
ENSSSAG00000063784	ssa13	.	lncRNA		
ENSSSAG00000063785	ssa16	.	lncRNA		
ENSSSAG00000063787	ssa13	.	lncRNA		
ENSSSAG00000063789	ssa23	.	lncRNA		
ENSSSAG00000063820	ssa15	.	lncRNA		
ENSSSAG00000063828	ssa04	.	miRNA	ssa-mir-301d	ssa-mir-301d [Source:miRBase%3BAcc:MI0026673]
ENSSSAG00000063831	ssa04	.	miRNA	ssa-mir-130b-1	ssa-mir-130b-1 [Source:miRBase%3BAcc:MI0026470]
ENSSSAG00000063871	ssa28	.	pseudogene		
ENSSSAG00000063872	ssa25	.	lncRNA		
ENSSSAG00000063875	ssa09	.	lncRNA		
ENSSSAG00000063877	ssa28	.	pseudogene		
ENSSSAG00000063879	ssa08	.	lncRNA		
ENSSSAG00000063881	ssa08	.	lncRNA		
ENSSSAG00000063901	ssa18	.	pseudogene		
ENSSSAG00000063915	ssa09	.	pseudogene		RNA polymerase I subunit A [Source:NCBI gene%3BAcc:106611963]
ENSSSAG00000063917	ssa13	.	lncRNA		
ENSSSAG00000063923	ssa15	.	lncRNA		
ENSSSAG00000063949	ssa05	.	protein_coding	TIG3	retinoic acid receptor responder protein 3-like [Source:NCBI gene%3BAcc:106604378]
ENSSSAG00000063966	ssa13	.	snRNA	U7	U7 small nuclear RNA [Source:RFAM%3BAcc:RF00066]
ENSSSAG00000063967	ssa28	.	snRNA	U7	U7 small nuclear RNA [Source:RFAM%3BAcc:RF00066]
ENSSSAG00000063984	ssa22	.	lncRNA		
ENSSSAG00000064002	ssa13	.	pseudogene		
ENSSSAG00000064005	ssa01	.	pseudogene		
ENSSSAG00000064021	ssa12	.	miRNA	ssa-mir-29b-1	ssa-mir-29b-1 [Source:miRBase%3BAcc:MI0026665]
ENSSSAG00000064044	ssa28	.	snRNA	U7	U7 small nuclear RNA [Source:RFAM%3BAcc:RF00066]
ENSSSAG00000064057	AGKD04011602.1	.	snRNA	U6	U6 spliceosomal RNA [Source:RFAM%3BAcc:RF00026]
ENSSSAG00000064059	AGKD04011606.1	.	snRNA	U1	U1 spliceosomal RNA [Source:RFAM%3BAcc:RF00003]
ENSSSAG00000064061	AGKD04011606.1	.	snRNA	U1	U1 spliceosomal RNA [Source:RFAM%3BAcc:RF00003]
ENSSSAG00000064062	AGKD04011606.1	.	snRNA	U1	U1 spliceosomal RNA [Source:RFAM%3BAcc:RF00003]
ENSSSAG00000064065	AGKD04011606.1	.	snRNA	U1	U1 spliceosomal RNA [Source:RFAM%3BAcc:RF00003]
ENSSSAG00000064066	AGKD04011606.1	.	snRNA	U1	U1 spliceosomal RNA [Source:RFAM%3BAcc:RF00003]
ENSSSAG00000064070	ssa09	.	lncRNA		
ENSSSAG00000064074	AGKD04011614.1	.	protein_coding		
ENSSSAG00000064078	ssa28	.	lncRNA		
ENSSSAG00000064095	ssa28	.	snRNA	U5	U5 spliceosomal RNA [Source:RFAM%3BAcc:RF00020]
ENSSSAG00000064098	ssa28	.	snRNA		
ENSSSAG00000064099	ssa28	.	lncRNA		
ENSSSAG00000064108	ssa10	.	miRNA	ssa-mir-9a-1	ssa-mir-9a-1 [Source:miRBase%3BAcc:MI0026769]
ENSSSAG00000064116	ssa04	.	lncRNA		
ENSSSAG00000064150	ssa04	.	processed_pseudogene		
ENSSSAG00000064157	ssa19	.	lncRNA		
ENSSSAG00000064160	ssa05	.	lncRNA		
ENSSSAG00000064174	ssa04	.	protein_coding		
ENSSSAG00000064175	ssa05	.	lncRNA		
ENSSSAG00000064180	ssa05	.	protein_coding		endothelin-2-like [Source:NCBI gene%3BAcc:106605170]
ENSSSAG00000064183	ssa04	.	protein_coding		
ENSSSAG00000064184	ssa11	.	snoRNA		
ENSSSAG00000064187	ssa05	.	lncRNA		
ENSSSAG00000064194	ssa19	.	lncRNA		
ENSSSAG00000064215	ssa25	.	snoRNA		
ENSSSAG00000064250	ssa04	.	lncRNA		
ENSSSAG00000064256	ssa12	.	snRNA	U7	U7 small nuclear RNA [Source:RFAM%3BAcc:RF00066]
ENSSSAG00000064294	ssa22	.	pseudogene		
ENSSSAG00000064299	ssa20	.	lncRNA		
ENSSSAG00000064301	ssa20	.	pseudogene		
ENSSSAG00000064321	ssa14	.	snoRNA		
ENSSSAG00000064322	ssa03	.	lncRNA		
ENSSSAG00000064335	ssa04	.	lncRNA		
ENSSSAG00000064352	ssa14	.	lncRNA		
ENSSSAG00000064353	ssa14	.	lncRNA		
ENSSSAG00000064359	ssa09	.	lncRNA		
ENSSSAG00000064367	ssa10	.	miRNA	ssa-mir-138-2	ssa-mir-138-2 [Source:miRBase%3BAcc:MI0026494]
ENSSSAG00000064379	ssa06	.	snoRNA		
ENSSSAG00000064381	ssa06	.	snoRNA		
ENSSSAG00000064383	ssa06	.	snoRNA		
ENSSSAG00000064386	ssa06	.	snoRNA		
ENSSSAG00000064400	ssa06	.	snoRNA		
ENSSSAG00000064403	ssa06	.	snoRNA		
ENSSSAG00000064409	ssa23	.	lncRNA		
ENSSSAG00000064411	ssa13	.	miRNA	ssa-let-7g-2	ssa-let-7g-2 [Source:miRBase%3BAcc:MI0026427]
ENSSSAG00000064413	ssa13	.	miRNA	ssa-let-7h	ssa-let-7h [Source:miRBase%3BAcc:MI0026428]
ENSSSAG00000064414	ssa13	.	lncRNA		
ENSSSAG00000064424	ssa15	.	misc_RNA	Metazoa_SRP	Metazoan signal recognition particle RNA [Source:RFAM%3BAcc:RF00017]
ENSSSAG00000064426	ssa15	.	misc_RNA	Metazoa_SRP	Metazoan signal recognition particle RNA [Source:RFAM%3BAcc:RF00017]
ENSSSAG00000064429	ssa15	.	lncRNA		
ENSSSAG00000064432	ssa15	.	lncRNA		
ENSSSAG00000064437	ssa15	.	lncRNA		
ENSSSAG00000064444	ssa13	.	protein_coding	cltca	clathrin heavy chain 1-like [Source:NCBI gene%3BAcc:106567969]
ENSSSAG00000064462	ssa26	.	protein_coding	gas2b	growth arrest-specific protein 2-like [Source:NCBI gene%3BAcc:106587478]
ENSSSAG00000064466	ssa26	.	protein_coding	si:ch211-150g13.3	transmembrane protein 178B-like [Source:NCBI gene%3BAcc:106587479]
ENSSSAG00000064511	ssa10	.	lncRNA		
ENSSSAG00000064530	ssa20	.	miRNA	ssa-mir-22b-1	ssa-mir-22b-1 [Source:miRBase%3BAcc:MI0026634]
ENSSSAG00000064535	ssa25	.	miRNA	ssa-mir-1788	ssa-mir-1788 [Source:miRBase%3BAcc:MI0026532]
ENSSSAG00000064549	ssa25	.	miRNA	ssa-mir-10b-2	ssa-mir-10b-2 [Source:miRBase%3BAcc:MI0026445]
ENSSSAG00000064550	ssa25	.	miRNA	ssa-mir-375-3	ssa-mir-375-3 [Source:miRBase%3BAcc:MI0026697]
ENSSSAG00000064555	ssa23	.	lncRNA		
ENSSSAG00000064557	ssa23	.	protein_coding		
ENSSSAG00000064569	ssa16	.	miRNA		
ENSSSAG00000064570	ssa25	.	lncRNA		
ENSSSAG00000064593	ssa20	.	pseudogene		family with sequence similarity 181 member B [Source:NCBI gene%3BAcc:106581564]
ENSSSAG00000064600	ssa25	.	miRNA	ssa-mir-148a	ssa-mir-148a [Source:miRBase%3BAcc:MI0026513]
ENSSSAG00000064605	ssa23	.	miRNA	ssa-let-7a-3	ssa-let-7a-3 [Source:miRBase%3BAcc:MI0026741]
ENSSSAG00000064631	ssa20	.	lncRNA		
ENSSSAG00000064638	ssa20	.	lncRNA		
ENSSSAG00000064643	ssa10	.	lncRNA		
ENSSSAG00000064647	ssa04	.	pseudogene		
ENSSSAG00000064648	ssa03	.	miRNA	ssa-mir-8163	ssa-mir-8163 [Source:miRBase%3BAcc:MI0026791]
ENSSSAG00000064660	ssa20	.	snRNA	U7	U7 small nuclear RNA [Source:RFAM%3BAcc:RF00066]
ENSSSAG00000064662	ssa04	.	pseudogene		
ENSSSAG00000064687	ssa05	.	snoRNA		
ENSSSAG00000064692	ssa20	.	pseudogene		
ENSSSAG00000064697	ssa12	.	lncRNA		
ENSSSAG00000064698	ssa12	.	lncRNA		
ENSSSAG00000064709	ssa22	.	lncRNA		
ENSSSAG00000064710	ssa22	.	lncRNA		
ENSSSAG00000064712	ssa22	.	lncRNA		
ENSSSAG00000064714	ssa22	.	lncRNA		
ENSSSAG00000064716	ssa22	.	lncRNA		
ENSSSAG00000064725	ssa14	.	pseudogene		
ENSSSAG00000064748	ssa20	.	pseudogene		
ENSSSAG00000064757	ssa16	.	pseudogene		
ENSSSAG00000064769	ssa09	.	lncRNA		
ENSSSAG00000064776	ssa24	.	protein_coding		
ENSSSAG00000064808	ssa24	.	snRNA	U5	U5 spliceosomal RNA [Source:RFAM%3BAcc:RF00020]
ENSSSAG00000064809	ssa24	.	snRNA	U2	U2 spliceosomal RNA [Source:RFAM%3BAcc:RF00004]
ENSSSAG00000064817	ssa20	.	lncRNA		
ENSSSAG00000064824	AGKD04011637.1	.	pseudogene		
ENSSSAG00000064830	AGKD04011639.1	.	snRNA	U5	U5 spliceosomal RNA [Source:RFAM%3BAcc:RF00020]
ENSSSAG00000064847	AGKD04011639.1	.	snRNA	U2	U2 spliceosomal RNA [Source:RFAM%3BAcc:RF00004]
ENSSSAG00000064849	AGKD04011639.1	.	snRNA	U5	U5 spliceosomal RNA [Source:RFAM%3BAcc:RF00020]
ENSSSAG00000064850	AGKD04011639.1	.	snRNA	U2	U2 spliceosomal RNA [Source:RFAM%3BAcc:RF00004]
ENSSSAG00000064852	AGKD04011639.1	.	snRNA	U5	U5 spliceosomal RNA [Source:RFAM%3BAcc:RF00020]
ENSSSAG00000064853	AGKD04011639.1	.	snRNA	U2	U2 spliceosomal RNA [Source:RFAM%3BAcc:RF00004]
ENSSSAG00000064854	ssa25	.	snRNA	U5	U5 spliceosomal RNA [Source:RFAM%3BAcc:RF00020]
ENSSSAG00000064856	ssa25	.	snRNA	U2	U2 spliceosomal RNA [Source:RFAM%3BAcc:RF00004]
ENSSSAG00000064859	ssa25	.	snRNA	U2	U2 spliceosomal RNA [Source:RFAM%3BAcc:RF00004]
ENSSSAG00000064861	ssa25	.	snRNA	U5	U5 spliceosomal RNA [Source:RFAM%3BAcc:RF00020]
ENSSSAG00000064893	ssa09	.	pseudogene		
ENSSSAG00000064898	ssa16	.	lncRNA		
ENSSSAG00000064900	AGKD04011652.1	.	lncRNA		
ENSSSAG00000064909	ssa25	.	lncRNA		
ENSSSAG00000064916	AGKD04016296.1	.	pseudogene		
ENSSSAG00000064925	AGKD04011657.1	.	pseudogene		alpha-2-macroglobulin-like [Source:NCBI gene%3BAcc:106591454]
ENSSSAG00000064926	AGKD04016296.1	.	lncRNA		
ENSSSAG00000064940	ssa06	.	protein_coding	selenow2a	selenoprotein W%2C 2a [Source:ZFIN%3BAcc:ZDB-GENE-030428-1]
ENSSSAG00000064941	ssa15	.	pseudogene		
ENSSSAG00000064952	ssa29	.	pseudogene		
ENSSSAG00000064953	ssa09	.	lncRNA		
ENSSSAG00000064966	ssa23	.	lncRNA		
ENSSSAG00000064972	ssa09	.	pseudogene		zinc finger FYVE domain-containing protein 26-like [Source:NCBI gene%3BAcc:106611478]
ENSSSAG00000064986	AGKD04016302.1	.	protein_coding	glo2	Hydroxyacylglutathione hydrolase [Source:NCBI gene%3BAcc:100195535]
ENSSSAG00000064997	ssa14	.	lncRNA		
ENSSSAG00000064998	ssa14	.	lncRNA		
ENSSSAG00000065005	ssa29	.	lncRNA		
ENSSSAG00000065009	ssa27	.	lncRNA		
ENSSSAG00000065027	ssa09	.	lncRNA		
ENSSSAG00000065045	ssa27	.	lncRNA		
ENSSSAG00000065071	ssa14	.	lncRNA		
ENSSSAG00000065081	ssa11	.	snRNA	U2	U2 spliceosomal RNA [Source:RFAM%3BAcc:RF00004]
ENSSSAG00000065082	ssa11	.	snRNA	U2	U2 spliceosomal RNA [Source:RFAM%3BAcc:RF00004]
ENSSSAG00000065088	ssa15	.	snoRNA		
ENSSSAG00000065090	ssa07	.	lncRNA		uncharacterized LOC106609266 [Source:NCBI gene%3BAcc:106609266]
ENSSSAG00000065093	ssa15	.	snoRNA		
ENSSSAG00000065095	ssa15	.	snoRNA		
ENSSSAG00000065113	ssa19	.	lncRNA		
ENSSSAG00000065116	ssa15	.	miRNA	ssa-mir-205b-3	ssa-mir-205b-3 [Source:miRBase%3BAcc:MI0026598]
ENSSSAG00000065124	ssa15	.	lncRNA		
ENSSSAG00000065162	ssa10	.	protein_coding	NDUA7	NADH:ubiquinone oxidoreductase subunit A7 [Source:NCBI gene%3BAcc:106613652]
ENSSSAG00000065187	ssa05	.	snoRNA		
ENSSSAG00000065190	ssa16	.	pseudogene		
ENSSSAG00000065202	ssa10	.	lncRNA		
ENSSSAG00000065218	ssa14	.	lncRNA		
ENSSSAG00000065236	AGKD04016762.1	.	lncRNA		
ENSSSAG00000065238	ssa09	.	rRNA	5_8S_rRNA	5.8S ribosomal RNA [Source:RFAM%3BAcc:RF00002]
ENSSSAG00000065241	ssa09	.	lncRNA		
ENSSSAG00000065259	ssa06	.	protein_coding		
ENSSSAG00000065268	AGKD04016767.1	.	protein_coding	HoxA13b	homeobox protein Hox-A13b-like [Source:NCBI gene%3BAcc:106592961]
ENSSSAG00000065272	AGKD04011753.1	.	miRNA	ssa-mir-2187	ssa-mir-2187 [Source:miRBase%3BAcc:MI0026616]
ENSSSAG00000065277	ssa14	.	lncRNA		
ENSSSAG00000065278	AGKD04016769.1	.	protein_coding	HoxA11b	homeobox protein Hox-A11b-like [Source:NCBI gene%3BAcc:106592963]
ENSSSAG00000065279	ssa29	.	snoRNA		
ENSSSAG00000065280	ssa29	.	snoRNA		
ENSSSAG00000065282	ssa11	.	lncRNA		
ENSSSAG00000065287	ssa11	.	pseudogene		
ENSSSAG00000065288	ssa06	.	snRNA	U7	U7 small nuclear RNA [Source:RFAM%3BAcc:RF00066]
ENSSSAG00000065291	ssa16	.	lncRNA		
ENSSSAG00000065292	ssa06	.	protein_coding	taf1a	TATA box-binding protein-associated factor RNA polymerase I subunit A-like [Source:NCBI gene%3BAcc:106607592]
ENSSSAG00000065293	AGKD04016771.1	.	lncRNA		
ENSSSAG00000065297	ssa14	.	lncRNA		
ENSSSAG00000065298	ssa10	.	miRNA	ssa-mir-214-2	ssa-mir-214-2 [Source:miRBase%3BAcc:MI0026612]
ENSSSAG00000065301	ssa10	.	miRNA	ssa-mir-199a-1	ssa-mir-199a-1 [Source:miRBase%3BAcc:MI0026565]
ENSSSAG00000065310	ssa06	.	protein_coding	aida	axin interactor%2C dorsalization-associated protein [Source:NCBI gene%3BAcc:106607593]
ENSSSAG00000065311	ssa10	.	protein_coding	suco	SUN domain-containing ossification factor-like [Source:NCBI gene%3BAcc:106613974]
ENSSSAG00000065324	ssa20	.	pseudogene		
ENSSSAG00000065329	ssa12	.	protein_coding	sec13	SEC13 homolog%2C nuclear pore and COPII coat complex component [Source:ZFIN%3BAcc:ZDB-GENE-040426-2649]
ENSSSAG00000065339	ssa15	.	protein_coding	trpc4ap	transient receptor potential cation channel subfamily C member 4 associated protein [Source:NCBI gene%3BAcc:106572078]
ENSSSAG00000065359	ssa25	.	lncRNA		CD200 receptor 1 [Source:NCBI gene%3BAcc:106586573]
ENSSSAG00000065401	ssa15	.	misc_RNA	Metazoa_SRP	Metazoan signal recognition particle RNA [Source:RFAM%3BAcc:RF00017]
ENSSSAG00000065402	ssa15	.	misc_RNA	Metazoa_SRP	Metazoan signal recognition particle RNA [Source:RFAM%3BAcc:RF00017]
ENSSSAG00000065404	ssa15	.	misc_RNA	Metazoa_SRP	Metazoan signal recognition particle RNA [Source:RFAM%3BAcc:RF00017]
ENSSSAG00000065414	ssa12	.	snoRNA	SNORA71	Small nucleolar RNA SNORA71 [Source:RFAM%3BAcc:RF00056]
ENSSSAG00000065416	ssa12	.	snoRNA		
ENSSSAG00000065418	ssa12	.	snoRNA		
ENSSSAG00000065434	ssa19	.	pseudogene		
ENSSSAG00000065467	ssa09	.	pseudogene		
ENSSSAG00000065475	ssa09	.	miRNA	ssa-mir-15c-2	ssa-mir-15c-2 [Source:miRBase%3BAcc:MI0026525]
ENSSSAG00000065479	ssa09	.	miRNA	ssa-mir-16c	ssa-mir-16c [Source:miRBase%3BAcc:MI0026531]
ENSSSAG00000065485	ssa09	.	pseudogene		
ENSSSAG00000065490	AGKD04016302.1	.	protein_coding	fahd1	acylpyruvase FAHD1%2C mitochondrial-like [Source:NCBI gene%3BAcc:106592728]
ENSSSAG00000065494	ssa25	.	snRNA	U1	U1 spliceosomal RNA [Source:RFAM%3BAcc:RF00003]
ENSSSAG00000065503	AGKD04016310.1	.	protein_coding	nup85	nucleoporin 85 [Source:NCBI gene%3BAcc:100195533]
ENSSSAG00000065533	ssa11	.	lncRNA		
ENSSSAG00000065534	ssa27	.	lncRNA		
ENSSSAG00000065558	ssa13	.	lncRNA		
ENSSSAG00000065571	ssa18	.	pseudogene		
ENSSSAG00000065578	ssa18	.	lncRNA		
ENSSSAG00000065580	ssa18	.	lncRNA		
ENSSSAG00000065582	AGKD04016310.1	.	protein_coding		small ubiquitin like modifier 2b [Source:NCBI gene%3BAcc:445027]
ENSSSAG00000065586	ssa24	.	lncRNA		uncharacterized LOC106585782 [Source:NCBI gene%3BAcc:106585782]
ENSSSAG00000065587	ssa19	.	lncRNA		
ENSSSAG00000065589	ssa10	.	lncRNA		
ENSSSAG00000065590	AGKD04016314.1	.	snoRNA	SNORA70	Small nucleolar RNA SNORA70 [Source:RFAM%3BAcc:RF00156]
ENSSSAG00000065594	AGKD04016314.1	.	snoRNA	SNORA70	Small nucleolar RNA SNORA70 [Source:RFAM%3BAcc:RF00156]
ENSSSAG00000065597	ssa10	.	pseudogene	dyhc	Dynein heavy chain [Source:NCBI gene%3BAcc:100196121]
ENSSSAG00000065608	ssa13	.	lncRNA		
ENSSSAG00000065611	ssa13	.	lncRNA		
ENSSSAG00000065624	ssa13	.	lncRNA		
ENSSSAG00000065625	ssa13	.	lncRNA		
ENSSSAG00000065690	ssa24	.	lncRNA		
ENSSSAG00000065691	ssa20	.	protein_coding	RBX2	RING-box protein 2 [Source:NCBI gene%3BAcc:106580882]
ENSSSAG00000065697	ssa20	.	lncRNA		
ENSSSAG00000065709	ssa20	.	lncRNA		
ENSSSAG00000065730	ssa20	.	snoRNA		
ENSSSAG00000065746	ssa20	.	lncRNA		
ENSSSAG00000065758	ssa13	.	pseudogene		
ENSSSAG00000065763	ssa20	.	pseudogene		
ENSSSAG00000065770	ssa18	.	lncRNA		
ENSSSAG00000065771	ssa18	.	pseudogene		
ENSSSAG00000065773	ssa15	.	miRNA	ssa-mir-10b-1	ssa-mir-10b-1 [Source:miRBase%3BAcc:MI0026444]
ENSSSAG00000065775	ssa18	.	lncRNA		
ENSSSAG00000065779	ssa26	.	snRNA	U7	U7 small nuclear RNA [Source:RFAM%3BAcc:RF00066]
ENSSSAG00000065792	ssa15	.	miRNA	ssa-mir-196a-3	ssa-mir-196a-3 [Source:miRBase%3BAcc:MI0026561]
ENSSSAG00000065794	ssa15	.	lncRNA		
ENSSSAG00000065799	ssa21	.	protein_coding		
ENSSSAG00000065809	ssa19	.	protein_coding		
ENSSSAG00000065822	ssa29	.	miRNA	MIR153-2	microRNA 153-2 [Source:HGNC Symbol%3BAcc:HGNC:31540]
ENSSSAG00000065834	ssa28	.	miRNA	ssa-mir-723-1	ssa-mir-723-1 [Source:miRBase%3BAcc:MI0026724]
ENSSSAG00000065847	ssa22	.	lncRNA		
ENSSSAG00000065848	ssa14	.	lncRNA		
ENSSSAG00000065853	ssa01	.	pseudogene		
ENSSSAG00000065867	ssa22	.	lncRNA		
ENSSSAG00000065869	ssa22	.	pseudogene		
ENSSSAG00000065876	ssa22	.	snoRNA	SNORA63	Small nucleolar RNA SNORA63 [Source:RFAM%3BAcc:RF00092]
ENSSSAG00000065878	ssa22	.	snoRNA	SNORD15	Small nucleolar RNA SNORD15 [Source:RFAM%3BAcc:RF00067]
ENSSSAG00000065880	ssa22	.	snoRNA		
ENSSSAG00000065881	ssa22	.	snoRNA	SNORA63	Small nucleolar RNA SNORA63 [Source:RFAM%3BAcc:RF00092]
ENSSSAG00000065885	ssa03	.	snoRNA		
ENSSSAG00000065886	ssa03	.	snoRNA		
ENSSSAG00000065898	ssa07	.	lncRNA		
ENSSSAG00000065909	ssa03	.	lncRNA		
ENSSSAG00000065914	ssa22	.	pseudogene		citron Rho-interacting kinase-like [Source:NCBI gene%3BAcc:106583567]
ENSSSAG00000065933	ssa03	.	protein_coding		ras-related protein Rap-2b-like [Source:NCBI gene%3BAcc:106600591]
ENSSSAG00000065936	ssa03	.	snRNA	U7	U7 small nuclear RNA [Source:RFAM%3BAcc:RF00066]
ENSSSAG00000065951	ssa22	.	snRNA	U2	U2 spliceosomal RNA [Source:RFAM%3BAcc:RF00004]
ENSSSAG00000065984	ssa27	.	protein_coding	mc5ra	melanocortin 5a receptor [Source:ZFIN%3BAcc:ZDB-GENE-021223-3]
ENSSSAG00000065986	ssa14	.	lncRNA		uncharacterized LOC106569920 [Source:NCBI gene%3BAcc:106569920]
ENSSSAG00000066001	ssa01	.	lncRNA		
ENSSSAG00000066009	ssa01	.	lncRNA		
ENSSSAG00000066010	ssa13	.	snoRNA		
ENSSSAG00000066012	ssa13	.	snoRNA		
ENSSSAG00000066015	ssa13	.	snoRNA		
ENSSSAG00000066033	ssa15	.	lncRNA		
ENSSSAG00000066036	ssa05	.	snoRNA		
ENSSSAG00000066048	ssa14	.	pseudogene		
ENSSSAG00000066063	ssa14	.	lncRNA		
ENSSSAG00000066066	ssa26	.	lncRNA		
ENSSSAG00000066072	ssa03	.	lncRNA		
ENSSSAG00000066078	ssa01	.	protein_coding	DHE3	glutamate dehydrogenase%2C mitochondrial-like [Source:NCBI gene%3BAcc:106606089]
ENSSSAG00000066091	ssa22	.	snRNA	U7	U7 small nuclear RNA [Source:RFAM%3BAcc:RF00066]
ENSSSAG00000066106	ssa24	.	lncRNA		
ENSSSAG00000066115	ssa10	.	protein_coding	cdkn2c	cyclin-dependent kinase 4 inhibitor C-like [Source:NCBI gene%3BAcc:106613897]
ENSSSAG00000066128	ssa10	.	miRNA	ssa-mir-125a-1	ssa-mir-125a-1 [Source:miRBase%3BAcc:MI0026452]
ENSSSAG00000066130	ssa10	.	miRNA	ssa-let-7a-1	ssa-let-7a-1 [Source:miRBase%3BAcc:MI0026740]
ENSSSAG00000066131	ssa10	.	miRNA	ssa-mir-100a-2	ssa-mir-100a-2 [Source:miRBase%3BAcc:MI0026432]
ENSSSAG00000066138	ssa27	.	protein_coding		7-methylguanosine phosphate-specific 5'-nucleotidase-like [Source:NCBI gene%3BAcc:106589139]
ENSSSAG00000066141	ssa27	.	lncRNA		
ENSSSAG00000066142	ssa21	.	snRNA	U7	U7 small nuclear RNA [Source:RFAM%3BAcc:RF00066]
ENSSSAG00000066148	ssa04	.	protein_coding	dyrk1aa	dual specificity tyrosine-phosphorylation-regulated kinase 1A-like [Source:NCBI gene%3BAcc:106603446]
ENSSSAG00000066150	ssa03	.	pseudogene		
ENSSSAG00000066176	ssa14	.	miRNA	MIR153-2	microRNA 153-2 [Source:HGNC Symbol%3BAcc:HGNC:31540]
ENSSSAG00000066183	ssa27	.	lncRNA		
ENSSSAG00000066199	ssa11	.	pseudogene		
ENSSSAG00000066214	ssa16	.	lncRNA		
ENSSSAG00000066225	ssa03	.	lncRNA		
ENSSSAG00000066283	ssa03	.	miRNA	ssa-mir-181b	ssa-mir-181b [Source:miRBase%3BAcc:MI0026541]
ENSSSAG00000066285	ssa03	.	miRNA	ssa-mir-181a-5	ssa-mir-181a-5 [Source:miRBase%3BAcc:MI0026540]
ENSSSAG00000066309	ssa28	.	lncRNA		uncharacterized LOC106589855 [Source:NCBI gene%3BAcc:106589855]
ENSSSAG00000066312	ssa19	.	lncRNA		
ENSSSAG00000066314	ssa19	.	lncRNA		
ENSSSAG00000066316	ssa19	.	lncRNA		
ENSSSAG00000066318	ssa10	.	snRNA	U5	U5 spliceosomal RNA [Source:RFAM%3BAcc:RF00020]
ENSSSAG00000066334	ssa16	.	lncRNA		
ENSSSAG00000066374	ssa28	.	snRNA	U5	U5 spliceosomal RNA [Source:RFAM%3BAcc:RF00020]
ENSSSAG00000066377	ssa28	.	lncRNA		
ENSSSAG00000066378	ssa28	.	lncRNA		urokinase plasminogen activator surface receptor-like [Source:NCBI gene%3BAcc:106589486]
ENSSSAG00000066394	ssa28	.	lncRNA		
ENSSSAG00000066397	ssa15	.	miRNA	ssa-mir-499b-2	ssa-mir-499b-2 [Source:miRBase%3BAcc:MI0026718]
ENSSSAG00000066399	ssa28	.	snRNA	U5	U5 spliceosomal RNA [Source:RFAM%3BAcc:RF00020]
ENSSSAG00000066404	ssa14	.	lncRNA		
ENSSSAG00000066406	ssa15	.	pseudogene		apolipoprotein B-100-like [Source:NCBI gene%3BAcc:106571178]
ENSSSAG00000066413	ssa14	.	pseudogene		
ENSSSAG00000066416	ssa28	.	snRNA	U5	U5 spliceosomal RNA [Source:RFAM%3BAcc:RF00020]
ENSSSAG00000066420	ssa28	.	snRNA	U5	U5 spliceosomal RNA [Source:RFAM%3BAcc:RF00020]
ENSSSAG00000066430	ssa27	.	lncRNA		
ENSSSAG00000066431	ssa28	.	lncRNA		
ENSSSAG00000066433	ssa28	.	lncRNA		
ENSSSAG00000066435	ssa28	.	pseudogene		
ENSSSAG00000066442	ssa28	.	pseudogene		
ENSSSAG00000066443	ssa02	.	pseudogene		
ENSSSAG00000066448	ssa12	.	lncRNA		
ENSSSAG00000066451	ssa12	.	lncRNA		
ENSSSAG00000066473	ssa15	.	lncRNA		
ENSSSAG00000066497	ssa13	.	protein_coding	yk005	LOC399947 homolog [Source:NCBI gene%3BAcc:100194966]
ENSSSAG00000066502	ssa12	.	snoRNA		
ENSSSAG00000066518	ssa24	.	miRNA	ssa-mir-126-4	ssa-mir-126-4 [Source:miRBase%3BAcc:MI0026460]
ENSSSAG00000066527	ssa20	.	lncRNA		uncharacterized LOC106581292 [Source:NCBI gene%3BAcc:106581292]
ENSSSAG00000066546	ssa24	.	lncRNA		
ENSSSAG00000066549	ssa17	.	lncRNA		
ENSSSAG00000066556	ssa17	.	lncRNA		
ENSSSAG00000066562	ssa09	.	protein_coding		
ENSSSAG00000066566	ssa09	.	protein_coding		olfactory receptor 11A1-like [Source:NCBI gene%3BAcc:106612774]
ENSSSAG00000066574	ssa26	.	lncRNA		
ENSSSAG00000066589	ssa19	.	lncRNA		
ENSSSAG00000066592	ssa19	.	lncRNA		
ENSSSAG00000066594	ssa09	.	pseudogene		
ENSSSAG00000066607	ssa09	.	pseudogene		
ENSSSAG00000066611	ssa23	.	miRNA	ssa-let-7i-2	ssa-let-7i-2 [Source:miRBase%3BAcc:MI0026430]
ENSSSAG00000066634	ssa16	.	snRNA	U1	U1 spliceosomal RNA [Source:RFAM%3BAcc:RF00003]
ENSSSAG00000066637	ssa09	.	snoRNA	SNORD15	Small nucleolar RNA SNORD15 [Source:RFAM%3BAcc:RF00067]
ENSSSAG00000066639	ssa09	.	snoRNA	SNORD15	Small nucleolar RNA SNORD15 [Source:RFAM%3BAcc:RF00067]
ENSSSAG00000066642	ssa09	.	snoRNA	SNORD15	Small nucleolar RNA SNORD15 [Source:RFAM%3BAcc:RF00067]
ENSSSAG00000066643	ssa09	.	snoRNA	SNORD15	Small nucleolar RNA SNORD15 [Source:RFAM%3BAcc:RF00067]
ENSSSAG00000066644	ssa16	.	protein_coding	dph3	DPH3 homolog [Source:NCBI gene%3BAcc:106574460]
ENSSSAG00000066647	ssa16	.	lncRNA		
ENSSSAG00000066648	ssa16	.	protein_coding	NCK2	cytoplasmic protein NCK2-like [Source:NCBI gene%3BAcc:106574449]
ENSSSAG00000066649	ssa16	.	pseudogene		
ENSSSAG00000066651	ssa22	.	pseudogene		
ENSSSAG00000066653	ssa10	.	snRNA	U7	U7 small nuclear RNA [Source:RFAM%3BAcc:RF00066]
ENSSSAG00000066700	ssa03	.	protein_coding	si:ch211-106h11.1	volume-regulated anion channel subunit LRRC8D-like [Source:NCBI gene%3BAcc:106601312]
ENSSSAG00000066720	ssa10	.	lncRNA		
ENSSSAG00000066741	ssa29	.	protein_coding		
ENSSSAG00000066744	ssa25	.	lncRNA		
ENSSSAG00000066745	ssa19	.	lncRNA		
ENSSSAG00000066747	ssa15	.	lncRNA		
ENSSSAG00000066755	ssa10	.	lncRNA		
ENSSSAG00000066760	ssa10	.	protein_coding	calr	calreticulin-like [Source:NCBI gene%3BAcc:106613902]
ENSSSAG00000066764	ssa12	.	lncRNA		
ENSSSAG00000066767	ssa12	.	miRNA	ssa-mir-10d-2	ssa-mir-10d-2 [Source:miRBase%3BAcc:MI0026449]
ENSSSAG00000066782	ssa12	.	miRNA	ssa-mir-196a-1	ssa-mir-196a-1 [Source:miRBase%3BAcc:MI0026559]
ENSSSAG00000066785	ssa10	.	snoRNA		
ENSSSAG00000066787	ssa10	.	lncRNA		
ENSSSAG00000066788	ssa10	.	snoRNA		
ENSSSAG00000066790	ssa10	.	snoRNA		
ENSSSAG00000066792	ssa10	.	snoRNA		
ENSSSAG00000066794	ssa01	.	snoRNA		
ENSSSAG00000066795	ssa26	.	lncRNA		
ENSSSAG00000066798	ssa01	.	snoRNA		small nucleolar RNA%2C H/ACA box 65 [Source:HGNC Symbol%3BAcc:HGNC:10222]
ENSSSAG00000066799	ssa01	.	snoRNA		
ENSSSAG00000066801	ssa01	.	snoRNA		
ENSSSAG00000066802	ssa12	.	lncRNA		
ENSSSAG00000066804	ssa12	.	lncRNA		
ENSSSAG00000066814	ssa16	.	miRNA		microRNA 190a [Source:HGNC Symbol%3BAcc:HGNC:31560]
ENSSSAG00000066818	ssa14	.	lncRNA		
ENSSSAG00000066823	ssa22	.	lncRNA		
ENSSSAG00000066828	ssa29	.	lncRNA		
ENSSSAG00000066829	ssa12	.	lncRNA		
ENSSSAG00000066843	ssa07	.	scaRNA		
ENSSSAG00000066851	ssa05	.	pseudogene		
ENSSSAG00000066857	ssa26	.	lncRNA		
ENSSSAG00000066865	ssa26	.	lncRNA		
ENSSSAG00000066867	ssa26	.	lncRNA		
ENSSSAG00000066868	ssa26	.	lncRNA		
ENSSSAG00000066888	ssa09	.	snoRNA		
ENSSSAG00000066892	ssa14	.	lncRNA		
ENSSSAG00000066893	ssa15	.	lncRNA		
ENSSSAG00000066910	ssa12	.	snoRNA	SNORA73	Small nucleolar RNA SNORA73 family [Source:RFAM%3BAcc:RF00045]
ENSSSAG00000066925	ssa15	.	pseudogene		
ENSSSAG00000066927	ssa11	.	snRNA	U7	U7 small nuclear RNA [Source:RFAM%3BAcc:RF00066]
ENSSSAG00000066930	ssa22	.	lncRNA		
ENSSSAG00000066931	ssa22	.	snRNA	U7	U7 small nuclear RNA [Source:RFAM%3BAcc:RF00066]
ENSSSAG00000066950	ssa07	.	snoRNA		
ENSSSAG00000066953	ssa07	.	lncRNA		
ENSSSAG00000066957	ssa16	.	pseudogene		
ENSSSAG00000066963	ssa09	.	miRNA	ssa-mir-22a	ssa-mir-22a [Source:miRBase%3BAcc:MI0026633]
ENSSSAG00000066979	ssa28	.	miRNA	ssa-mir-338a-3	ssa-mir-338a-3 [Source:miRBase%3BAcc:MI0026686]
ENSSSAG00000066993	ssa23	.	snoRNA		
ENSSSAG00000066996	ssa23	.	lncRNA		uncharacterized LOC106584486 [Source:NCBI gene%3BAcc:106584486]
ENSSSAG00000066997	ssa23	.	lncRNA		
ENSSSAG00000066998	ssa03	.	protein_coding		pre-mRNA-splicing factor 38B-like [Source:NCBI gene%3BAcc:106600568]
ENSSSAG00000066999	ssa23	.	lncRNA		
ENSSSAG00000067006	ssa29	.	lncRNA		
ENSSSAG00000067035	ssa24	.	lncRNA		
ENSSSAG00000067045	ssa29	.	snRNA	U7	U7 small nuclear RNA [Source:RFAM%3BAcc:RF00066]
ENSSSAG00000067057	ssa04	.	rRNA	5_8S_rRNA	5.8S ribosomal RNA [Source:RFAM%3BAcc:RF00002]
ENSSSAG00000067065	ssa22	.	protein_coding		
ENSSSAG00000067080	ssa03	.	snRNA	U7	U7 small nuclear RNA [Source:RFAM%3BAcc:RF00066]
ENSSSAG00000067104	ssa15	.	misc_RNA	Metazoa_SRP	Metazoan signal recognition particle RNA [Source:RFAM%3BAcc:RF00017]
ENSSSAG00000067114	ssa29	.	lncRNA		
ENSSSAG00000067120	ssa28	.	lncRNA		
ENSSSAG00000067131	ssa25	.	snRNA	U7	U7 small nuclear RNA [Source:RFAM%3BAcc:RF00066]
ENSSSAG00000067138	ssa03	.	lncRNA		
ENSSSAG00000067142	ssa03	.	miRNA	ssa-mir-9a-3	ssa-mir-9a-3 [Source:miRBase%3BAcc:MI0026771]
ENSSSAG00000067152	ssa28	.	lncRNA		
ENSSSAG00000067162	ssa29	.	lncRNA		
ENSSSAG00000067174	ssa20	.	pseudogene		
ENSSSAG00000067182	ssa15	.	lncRNA		
ENSSSAG00000067191	ssa22	.	miRNA	ssa-mir-200a-3	ssa-mir-200a-3 [Source:miRBase%3BAcc:MI0026583]
ENSSSAG00000067216	ssa22	.	protein_coding	fam120a	constitutive coactivator of PPAR-gamma-like protein 1 homolog [Source:NCBI gene%3BAcc:106583833]
ENSSSAG00000067226	ssa29	.	protein_coding		metalloendopeptidase homolog PEX-like [Source:NCBI gene%3BAcc:106590720]
ENSSSAG00000067229	ssa22	.	pseudogene		
ENSSSAG00000067233	ssa22	.	pseudogene		
ENSSSAG00000067242	ssa22	.	pseudogene		
ENSSSAG00000067246	ssa22	.	protein_coding		
ENSSSAG00000067248	ssa22	.	pseudogene		
ENSSSAG00000067255	ssa20	.	snRNA	U7	U7 small nuclear RNA [Source:RFAM%3BAcc:RF00066]
ENSSSAG00000067256	ssa20	.	miRNA	ssa-mir-24a-3	ssa-mir-24a-3 [Source:miRBase%3BAcc:MI0026643]
ENSSSAG00000067257	ssa20	.	miRNA	ssa-mir-27b-1	ssa-mir-27b-1 [Source:miRBase%3BAcc:MI0026659]
ENSSSAG00000067276	ssa16	.	lncRNA		
ENSSSAG00000067312	ssa16	.	protein_coding	dennd11	DENN domain containing 11 [Source:NCBI gene%3BAcc:556432]
ENSSSAG00000067320	ssa04	.	pseudogene		
ENSSSAG00000067327	ssa04	.	lncRNA		
ENSSSAG00000067330	ssa21	.	miRNA		
ENSSSAG00000067338	ssa04	.	miRNA	ssa-mir-194a-1	ssa-mir-194a-1 [Source:miRBase%3BAcc:MI0026555]
ENSSSAG00000067339	ssa04	.	miRNA	ssa-mir-192a-1	ssa-mir-192a-1 [Source:miRBase%3BAcc:MI0026551]
ENSSSAG00000067350	ssa14	.	lncRNA		
ENSSSAG00000067365	ssa28	.	lncRNA		
ENSSSAG00000067366	ssa14	.	protein_coding		
ENSSSAG00000067367	ssa04	.	snRNA	U7	U7 small nuclear RNA [Source:RFAM%3BAcc:RF00066]
ENSSSAG00000067376	ssa18	.	snRNA	U7	U7 small nuclear RNA [Source:RFAM%3BAcc:RF00066]
ENSSSAG00000067377	ssa21	.	protein_coding		GRIP and coiled-coil domain-containing protein 2-like [Source:NCBI gene%3BAcc:106582185]
ENSSSAG00000067378	ssa07	.	miRNA	ssa-mir-15b	ssa-mir-15b [Source:miRBase%3BAcc:MI0026523]
ENSSSAG00000067383	ssa12	.	pseudogene		
ENSSSAG00000067415	ssa21	.	protein_coding		LIM and senescent cell antigen-like-containing domain protein 1 [Source:NCBI gene%3BAcc:106582183]
ENSSSAG00000067439	ssa15	.	miRNA	ssa-mir-731	ssa-mir-731 [Source:miRBase%3BAcc:MI0026737]
ENSSSAG00000067440	ssa15	.	miRNA	ssa-mir-462a	ssa-mir-462a [Source:miRBase%3BAcc:MI0026712]
ENSSSAG00000067475	ssa22	.	protein_coding	cers5	ceramide synthase 5-like [Source:NCBI gene%3BAcc:106583702]
ENSSSAG00000067483	ssa27	.	protein_coding		
ENSSSAG00000067484	ssa15	.	miRNA	ssa-mir-135a	ssa-mir-135a [Source:miRBase%3BAcc:MI0026485]
ENSSSAG00000067496	ssa22	.	snRNA	U6	U6 spliceosomal RNA [Source:RFAM%3BAcc:RF00026]
ENSSSAG00000067512	ssa12	.	snoRNA		
ENSSSAG00000067513	ssa12	.	snoRNA		
ENSSSAG00000067515	ssa12	.	snoRNA		
ENSSSAG00000067523	ssa14	.	miRNA	ssa-mir-133a-3	ssa-mir-133a-3 [Source:miRBase%3BAcc:MI0026483]
ENSSSAG00000067525	ssa14	.	miRNA	ssa-mir-1-1	ssa-mir-1-1 [Source:miRBase%3BAcc:MI0026579]
ENSSSAG00000067540	ssa24	.	miRNA	ssa-mir-219b-1	ssa-mir-219b-1 [Source:miRBase%3BAcc:MI0026622]
ENSSSAG00000067544	ssa07	.	snoRNA		
ENSSSAG00000067545	ssa07	.	snoRNA		
ENSSSAG00000067578	ssa15	.	lncRNA		
ENSSSAG00000067598	ssa11	.	pseudogene		
ENSSSAG00000067629	ssa09	.	lncRNA		
ENSSSAG00000067634	ssa22	.	snoRNA		
ENSSSAG00000067635	ssa09	.	lncRNA		
ENSSSAG00000067636	ssa22	.	snoRNA		
ENSSSAG00000067637	ssa09	.	lncRNA		
ENSSSAG00000067648	ssa12	.	snoRNA	SNORA70	Small nucleolar RNA SNORA70 [Source:RFAM%3BAcc:RF00156]
ENSSSAG00000067650	ssa12	.	snoRNA		
ENSSSAG00000067655	ssa12	.	pseudogene		
ENSSSAG00000067658	ssa15	.	lncRNA		
ENSSSAG00000067668	ssa12	.	lncRNA		
ENSSSAG00000067696	ssa22	.	lncRNA		
ENSSSAG00000067697	ssa09	.	lncRNA		
ENSSSAG00000067698	ssa29	.	snRNA	U1	U1 spliceosomal RNA [Source:RFAM%3BAcc:RF00003]
ENSSSAG00000067701	ssa09	.	lncRNA		
ENSSSAG00000067714	ssa29	.	lncRNA		
ENSSSAG00000067716	ssa07	.	protein_coding		
ENSSSAG00000067740	ssa16	.	snoRNA	SNORA71	Small nucleolar RNA SNORA71 [Source:RFAM%3BAcc:RF00056]
ENSSSAG00000067741	ssa16	.	snoRNA	SNORA71	Small nucleolar RNA SNORA71 [Source:RFAM%3BAcc:RF00056]
ENSSSAG00000067743	ssa03	.	protein_coding	HOOK2	protein Hook homolog 2-like [Source:NCBI gene%3BAcc:106601330]
ENSSSAG00000067757	ssa07	.	protein_coding	ace2	angiotensin I converting enzyme 2 [Source:NCBI gene%3BAcc:106609069]
ENSSSAG00000067768	ssa06	.	lncRNA		trichohyalin-like [Source:NCBI gene%3BAcc:106608054]
ENSSSAG00000067798	ssa02	.	snoRNA		
ENSSSAG00000067855	ssa20	.	lncRNA		
ENSSSAG00000067862	ssa06	.	lncRNA		
ENSSSAG00000067867	ssa20	.	protein_coding	mrps22	28S ribosomal protein S22%2C mitochondrial-like [Source:NCBI gene%3BAcc:106581297]
ENSSSAG00000067884	ssa12	.	lncRNA		
ENSSSAG00000067885	ssa12	.	lncRNA		
ENSSSAG00000067889	ssa20	.	snRNA	U7	U7 small nuclear RNA [Source:RFAM%3BAcc:RF00066]
ENSSSAG00000067897	ssa24	.	lncRNA		
ENSSSAG00000067919	ssa06	.	lncRNA		
ENSSSAG00000067920	ssa12	.	lncRNA		
ENSSSAG00000067933	ssa06	.	snoRNA		
ENSSSAG00000067934	ssa06	.	snoRNA		
ENSSSAG00000067938	ssa24	.	snoRNA		
ENSSSAG00000067939	ssa24	.	snoRNA		
ENSSSAG00000067946	ssa16	.	lncRNA		
ENSSSAG00000067951	ssa15	.	snoRNA		
ENSSSAG00000067952	ssa15	.	snoRNA		
ENSSSAG00000067970	ssa23	.	protein_coding		
ENSSSAG00000067973	ssa23	.	snoRNA		
ENSSSAG00000067975	ssa23	.	snoRNA		
ENSSSAG00000067976	ssa23	.	snoRNA		
ENSSSAG00000067978	ssa23	.	snoRNA		
ENSSSAG00000067981	ssa07	.	lncRNA		
ENSSSAG00000067982	ssa02	.	lncRNA		
ENSSSAG00000068035	ssa20	.	lncRNA		
ENSSSAG00000068044	ssa15	.	lncRNA		
ENSSSAG00000068050	ssa07	.	protein_coding	zgc:172079	lysophosphatidic acid receptor 6-like [Source:NCBI gene%3BAcc:106608951]
ENSSSAG00000068073	ssa12	.	protein_coding	lgalsla	galectin-related protein-like [Source:NCBI gene%3BAcc:106564854]
ENSSSAG00000068100	ssa02	.	lncRNA		
ENSSSAG00000068104	ssa02	.	lncRNA		
ENSSSAG00000068105	ssa02	.	lncRNA		
ENSSSAG00000068108	ssa16	.	lncRNA		
ENSSSAG00000068113	ssa02	.	lncRNA		
ENSSSAG00000068119	ssa11	.	lncRNA		
ENSSSAG00000068120	ssa11	.	lncRNA		
ENSSSAG00000068136	ssa02	.	lncRNA		
ENSSSAG00000068146	ssa24	.	miRNA	ssa-mir-9a-2	ssa-mir-9a-2 [Source:miRBase%3BAcc:MI0026770]
ENSSSAG00000068170	ssa23	.	lncRNA		
ENSSSAG00000068172	ssa23	.	lncRNA		
ENSSSAG00000068184	ssa02	.	rRNA	5_8S_rRNA	5.8S ribosomal RNA [Source:RFAM%3BAcc:RF00002]
ENSSSAG00000068186	ssa13	.	pseudogene		nipped-B-like protein B [Source:NCBI gene%3BAcc:106568173]
ENSSSAG00000068192	ssa28	.	snRNA	U7	U7 small nuclear RNA [Source:RFAM%3BAcc:RF00066]
ENSSSAG00000068196	ssa09	.	lncRNA		
ENSSSAG00000068200	ssa12	.	lncRNA		
ENSSSAG00000068223	ssa02	.	lncRNA		uncharacterized LOC106582774 [Source:NCBI gene%3BAcc:106582774]
ENSSSAG00000068237	ssa10	.	pseudogene		
ENSSSAG00000068275	ssa15	.	lncRNA		uncharacterized LOC106572167 [Source:NCBI gene%3BAcc:106572167]
ENSSSAG00000068276	ssa16	.	miRNA	ssa-mir-138-1	ssa-mir-138-1 [Source:miRBase%3BAcc:MI0026493]
ENSSSAG00000068287	ssa15	.	lncRNA		
ENSSSAG00000068289	ssa15	.	lncRNA		
ENSSSAG00000068309	ssa25	.	snRNA	U2	U2 spliceosomal RNA [Source:RFAM%3BAcc:RF00004]
ENSSSAG00000068312	ssa25	.	snRNA	U5	U5 spliceosomal RNA [Source:RFAM%3BAcc:RF00020]
ENSSSAG00000068315	ssa25	.	snRNA	U2	U2 spliceosomal RNA [Source:RFAM%3BAcc:RF00004]
ENSSSAG00000068318	ssa25	.	snRNA	U5	U5 spliceosomal RNA [Source:RFAM%3BAcc:RF00020]
ENSSSAG00000068321	ssa25	.	snRNA	U2	U2 spliceosomal RNA [Source:RFAM%3BAcc:RF00004]
ENSSSAG00000068325	ssa25	.	snRNA	U5	U5 spliceosomal RNA [Source:RFAM%3BAcc:RF00020]
ENSSSAG00000068328	AGKD04017474.1	.	protein_coding	uts2r3	urotensin-2 receptor-like [Source:NCBI gene%3BAcc:106593317]
ENSSSAG00000068333	ssa12	.	snRNA	U7	U7 small nuclear RNA [Source:RFAM%3BAcc:RF00066]
ENSSSAG00000068335	ssa06	.	protein_coding		interferon-induced very large GTPase 1-like [Source:NCBI gene%3BAcc:106607153]
ENSSSAG00000068352	ssa28	.	miRNA	ssa-mir-107	ssa-mir-107 [Source:miRBase%3BAcc:MI0026441]
ENSSSAG00000068360	ssa28	.	pseudogene		
ENSSSAG00000068394	AGKD04017502.1	.	misc_RNA	Metazoa_SRP	Metazoan signal recognition particle RNA [Source:RFAM%3BAcc:RF00017]
ENSSSAG00000068395	AGKD04017502.1	.	misc_RNA	Metazoa_SRP	Metazoan signal recognition particle RNA [Source:RFAM%3BAcc:RF00017]
ENSSSAG00000068396	AGKD04017502.1	.	misc_RNA	Metazoa_SRP	Metazoan signal recognition particle RNA [Source:RFAM%3BAcc:RF00017]
ENSSSAG00000068397	ssa15	.	miRNA	ssa-mir-724-2	ssa-mir-724-2 [Source:miRBase%3BAcc:MI0026727]
ENSSSAG00000068398	AGKD04017502.1	.	misc_RNA	Metazoa_SRP	Metazoan signal recognition particle RNA [Source:RFAM%3BAcc:RF00017]
ENSSSAG00000068401	ssa15	.	lncRNA		
ENSSSAG00000068402	AGKD04017502.1	.	misc_RNA	Metazoa_SRP	Metazoan signal recognition particle RNA [Source:RFAM%3BAcc:RF00017]
ENSSSAG00000068403	AGKD04017502.1	.	misc_RNA	Metazoa_SRP	Metazoan signal recognition particle RNA [Source:RFAM%3BAcc:RF00017]
ENSSSAG00000068406	AGKD04017502.1	.	misc_RNA	Metazoa_SRP	Metazoan signal recognition particle RNA [Source:RFAM%3BAcc:RF00017]
ENSSSAG00000068408	AGKD04017502.1	.	misc_RNA	Metazoa_SRP	Metazoan signal recognition particle RNA [Source:RFAM%3BAcc:RF00017]
ENSSSAG00000068416	ssa10	.	lncRNA		
ENSSSAG00000068422	ssa09	.	protein_coding	asxl2	putative Polycomb group protein ASXL2 [Source:NCBI gene%3BAcc:106611331]
ENSSSAG00000068431	ssa09	.	lncRNA		
ENSSSAG00000068435	ssa24	.	lncRNA		
ENSSSAG00000068436	ssa18	.	lncRNA		
ENSSSAG00000068441	ssa26	.	protein_coding	calc1	Calcitonin-1 [Source:NCBI gene%3BAcc:100196557]
ENSSSAG00000068457	ssa25	.	snoRNA		
ENSSSAG00000068471	ssa26	.	lncRNA		
ENSSSAG00000068474	ssa21	.	pseudogene		
ENSSSAG00000068475	ssa29	.	snRNA	U1	U1 spliceosomal RNA [Source:RFAM%3BAcc:RF00003]
ENSSSAG00000068480	ssa21	.	lncRNA		
ENSSSAG00000068482	ssa21	.	lncRNA		
ENSSSAG00000068483	ssa21	.	lncRNA		
ENSSSAG00000068484	ssa26	.	protein_coding	copb1	coatomer subunit beta-like [Source:NCBI gene%3BAcc:106587533]
ENSSSAG00000068504	ssa15	.	ribozyme	RNase_MRP	RNase MRP [Source:RFAM%3BAcc:RF00030]
ENSSSAG00000068506	ssa21	.	lncRNA		
ENSSSAG00000068517	ssa21	.	pseudogene		
ENSSSAG00000068632	ssa15	.	processed_pseudogene		
ENSSSAG00000068644	ssa15	.	lncRNA		
ENSSSAG00000068647	ssa15	.	lncRNA		
ENSSSAG00000068648	ssa11	.	lncRNA		
ENSSSAG00000068650	ssa11	.	protein_coding		NAD(P) transhydrogenase%2C mitochondrial-like [Source:NCBI gene%3BAcc:106562428]
ENSSSAG00000068656	ssa07	.	snoRNA		
ENSSSAG00000068657	ssa07	.	snoRNA		
ENSSSAG00000068660	ssa07	.	snoRNA		small nucleolar RNA%2C C/D box 10 [Source:HGNC Symbol%3BAcc:HGNC:32706]
ENSSSAG00000068664	ssa28	.	pseudogene		
ENSSSAG00000068682	ssa11	.	protein_coding	irx3a	iroquois-class homeodomain protein irx-3-like [Source:NCBI gene%3BAcc:106562437]
ENSSSAG00000068684	ssa19	.	lncRNA		
ENSSSAG00000068688	ssa11	.	snRNA	U7	U7 small nuclear RNA [Source:RFAM%3BAcc:RF00066]
ENSSSAG00000068762	ssa23	.	snRNA	U2	U2 spliceosomal RNA [Source:RFAM%3BAcc:RF00004]
ENSSSAG00000068789	ssa20	.	snoRNA		
ENSSSAG00000068815	ssa23	.	protein_coding		intestinal mucin-like protein [Source:NCBI gene%3BAcc:106584759]
ENSSSAG00000068831	ssa04	.	lncRNA		
ENSSSAG00000068844	ssa23	.	lncRNA		
ENSSSAG00000068848	ssa23	.	lncRNA		
ENSSSAG00000068874	ssa04	.	snoRNA	SNORD14	Small nucleolar RNA SNORD14 [Source:RFAM%3BAcc:RF00016]
ENSSSAG00000068875	ssa04	.	snoRNA	SNORD14	Small nucleolar RNA SNORD14 [Source:RFAM%3BAcc:RF00016]
ENSSSAG00000068876	ssa04	.	snoRNA	SNORD14	Small nucleolar RNA SNORD14 [Source:RFAM%3BAcc:RF00016]
ENSSSAG00000068879	ssa09	.	lncRNA		
ENSSSAG00000068887	ssa29	.	snoRNA		
ENSSSAG00000068914	ssa15	.	snRNA	U7	U7 small nuclear RNA [Source:RFAM%3BAcc:RF00066]
ENSSSAG00000068924	AGKD04017538.1	.	pseudogene		
ENSSSAG00000068927	AGKD04017546.1	.	pseudogene		
ENSSSAG00000068932	ssa12	.	lncRNA		
ENSSSAG00000068933	ssa19	.	lncRNA		
ENSSSAG00000068937	ssa04	.	snoRNA		
ENSSSAG00000068939	ssa04	.	snoRNA		
ENSSSAG00000068940	ssa02	.	processed_pseudogene		
ENSSSAG00000068943	ssa04	.	snoRNA		
ENSSSAG00000068945	ssa04	.	snoRNA		
ENSSSAG00000068950	ssa17	.	lncRNA		
ENSSSAG00000068951	ssa17	.	lncRNA		
ENSSSAG00000068955	ssa17	.	protein_coding		gamma-tubulin complex component 3-like [Source:NCBI gene%3BAcc:106575467]
ENSSSAG00000068959	ssa04	.	snRNA	U7	U7 small nuclear RNA [Source:RFAM%3BAcc:RF00066]
ENSSSAG00000068965	ssa04	.	snRNA	U7	U7 small nuclear RNA [Source:RFAM%3BAcc:RF00066]
ENSSSAG00000069006	ssa01	.	lncRNA		uncharacterized LOC106606354 [Source:NCBI gene%3BAcc:106606354]
ENSSSAG00000069014	ssa12	.	pseudogene		
ENSSSAG00000069021	ssa13	.	protein_coding		
ENSSSAG00000069024	ssa15	.	lncRNA		
ENSSSAG00000069038	ssa27	.	pseudogene		
ENSSSAG00000069043	ssa17	.	protein_coding	hmx2	homeobox protein HMX2-like [Source:NCBI gene%3BAcc:106575494]
ENSSSAG00000069048	ssa13	.	lncRNA		
ENSSSAG00000069054	ssa28	.	pseudogene		
ENSSSAG00000069075	ssa19	.	lncRNA		
ENSSSAG00000069099	ssa17	.	lncRNA		
ENSSSAG00000069101	ssa13	.	lncRNA		cytochrome c1-like [Source:NCBI gene%3BAcc:106567378]
ENSSSAG00000069104	ssa15	.	lncRNA		
ENSSSAG00000069113	ssa20	.	lncRNA		uncharacterized LOC106580740 [Source:NCBI gene%3BAcc:106580740]
ENSSSAG00000069131	ssa27	.	pseudogene		
ENSSSAG00000069143	ssa15	.	protein_coding	timm17b	mitochondrial import inner membrane translocase subunit Tim17-B-like [Source:NCBI gene%3BAcc:106572441]
ENSSSAG00000069150	ssa19	.	lncRNA		
ENSSSAG00000069163	ssa07	.	snoRNA		
ENSSSAG00000069213	ssa14	.	lncRNA		CD2-associated protein-like [Source:NCBI gene%3BAcc:106569040]
ENSSSAG00000069234	ssa17	.	protein_coding	usp9	probable ubiquitin carboxyl-terminal hydrolase FAF-X [Source:NCBI gene%3BAcc:106575498]
ENSSSAG00000069263	ssa24	.	pseudogene		
ENSSSAG00000069264	ssa16	.	lncRNA		
ENSSSAG00000069268	ssa16	.	pseudogene		
ENSSSAG00000069290	ssa14	.	protein_coding		
ENSSSAG00000069294	ssa24	.	processed_pseudogene		
ENSSSAG00000069296	ssa01	.	lncRNA		
ENSSSAG00000069321	ssa07	.	lncRNA		
ENSSSAG00000069337	ssa08	.	protein_coding	hand2	heart- and neural crest derivatives-expressed protein 2 [Source:NCBI gene%3BAcc:106610170]
ENSSSAG00000069348	ssa08	.	protein_coding	hmgb2	high-mobility group box 2 [Source:NCBI gene%3BAcc:100194613]
ENSSSAG00000069385	ssa13	.	miRNA	ssa-mir-21b	ssa-mir-21b [Source:miRBase%3BAcc:MI0026628]
ENSSSAG00000069387	ssa11	.	protein_coding		
ENSSSAG00000069413	ssa09	.	pseudogene		
ENSSSAG00000069420	ssa09	.	lncRNA		
ENSSSAG00000069451	ssa08	.	lncRNA		
ENSSSAG00000069459	ssa24	.	snRNA	U2	U2 spliceosomal RNA [Source:RFAM%3BAcc:RF00004]
ENSSSAG00000069523	ssa11	.	snRNA	U7	U7 small nuclear RNA [Source:RFAM%3BAcc:RF00066]
ENSSSAG00000069549	ssa07	.	lncRNA		
ENSSSAG00000069561	ssa06	.	miRNA	ssa-mir-33a-1	ssa-mir-33a-1 [Source:miRBase%3BAcc:MI0026690]
ENSSSAG00000069570	ssa13	.	lncRNA		
ENSSSAG00000069572	ssa08	.	pseudogene		
ENSSSAG00000069588	ssa11	.	snoRNA	SNORA71	Small nucleolar RNA SNORA71 [Source:RFAM%3BAcc:RF00056]
ENSSSAG00000069589	ssa11	.	pseudogene		
ENSSSAG00000069595	ssa21	.	snRNA	U1	U1 spliceosomal RNA [Source:RFAM%3BAcc:RF00003]
ENSSSAG00000069597	ssa21	.	miRNA	ssa-mir-222a-2	ssa-mir-222a-2 [Source:miRBase%3BAcc:MI0026631]
ENSSSAG00000069598	ssa21	.	miRNA	ssa-mir-221	ssa-mir-221 [Source:miRBase%3BAcc:MI0026629]
ENSSSAG00000069599	ssa08	.	snoRNA		
ENSSSAG00000069602	ssa08	.	snoRNA	SNORD73	Small nucleolar RNA SNORD73 [Source:RFAM%3BAcc:RF00071]
ENSSSAG00000069604	ssa11	.	protein_coding		
ENSSSAG00000069609	ssa04	.	lncRNA		
ENSSSAG00000069620	ssa11	.	protein_coding	nnt2	NAD(P) transhydrogenase%2C mitochondrial-like [Source:NCBI gene%3BAcc:106562460]
ENSSSAG00000069644	ssa11	.	snoRNA		
ENSSSAG00000069662	ssa18	.	lncRNA		
ENSSSAG00000069663	ssa09	.	lncRNA		
ENSSSAG00000069690	ssa11	.	lncRNA		
ENSSSAG00000069691	ssa11	.	protein_coding	bloc1s6	biogenesis of lysosome-related organelles complex 1 subunit 6-like [Source:NCBI gene%3BAcc:106562462]
ENSSSAG00000069696	ssa11	.	protein_coding		
ENSSSAG00000069700	ssa11	.	lncRNA		
ENSSSAG00000069721	ssa24	.	protein_coding	secisbp2	selenocysteine insertion sequence-binding protein 2-like [Source:NCBI gene%3BAcc:106585390]
ENSSSAG00000069725	ssa13	.	lncRNA		
ENSSSAG00000069726	ssa13	.	lncRNA		
ENSSSAG00000069740	ssa26	.	pseudogene		
ENSSSAG00000069761	ssa11	.	lncRNA		
ENSSSAG00000069770	ssa09	.	lncRNA		
ENSSSAG00000069771	ssa11	.	miRNA	ssa-mir-126-3	ssa-mir-126-3 [Source:miRBase%3BAcc:MI0026459]
ENSSSAG00000069779	ssa11	.	snoRNA		
ENSSSAG00000069780	ssa11	.	snoRNA		
ENSSSAG00000069782	ssa11	.	snoRNA		
ENSSSAG00000069792	ssa07	.	miRNA	ssa-mir-29a	ssa-mir-29a [Source:miRBase%3BAcc:MI0026664]
ENSSSAG00000069793	ssa07	.	miRNA	ssa-mir-29b-1	ssa-mir-29b-1 [Source:miRBase%3BAcc:MI0026665]
ENSSSAG00000069802	ssa11	.	lncRNA		
ENSSSAG00000069811	ssa12	.	snRNA	U4	U4 spliceosomal RNA [Source:RFAM%3BAcc:RF00015]
ENSSSAG00000069814	ssa12	.	snRNA	U4	U4 spliceosomal RNA [Source:RFAM%3BAcc:RF00015]
ENSSSAG00000069815	ssa12	.	snRNA	U4	U4 spliceosomal RNA [Source:RFAM%3BAcc:RF00015]
ENSSSAG00000069816	ssa12	.	snRNA	U4	U4 spliceosomal RNA [Source:RFAM%3BAcc:RF00015]
ENSSSAG00000069817	ssa12	.	snRNA	U4	U4 spliceosomal RNA [Source:RFAM%3BAcc:RF00015]
ENSSSAG00000069818	ssa12	.	snRNA	U4	U4 spliceosomal RNA [Source:RFAM%3BAcc:RF00015]
ENSSSAG00000069819	ssa12	.	snRNA	U4	U4 spliceosomal RNA [Source:RFAM%3BAcc:RF00015]
ENSSSAG00000069820	ssa12	.	snRNA	U4	U4 spliceosomal RNA [Source:RFAM%3BAcc:RF00015]
ENSSSAG00000069821	ssa09	.	pseudogene		
ENSSSAG00000069822	ssa12	.	snRNA	U4	U4 spliceosomal RNA [Source:RFAM%3BAcc:RF00015]
ENSSSAG00000069823	ssa12	.	snRNA	U4	U4 spliceosomal RNA [Source:RFAM%3BAcc:RF00015]
ENSSSAG00000069825	ssa12	.	snRNA	U4	U4 spliceosomal RNA [Source:RFAM%3BAcc:RF00015]
ENSSSAG00000069826	ssa12	.	snRNA	U4	U4 spliceosomal RNA [Source:RFAM%3BAcc:RF00015]
ENSSSAG00000069827	ssa12	.	snRNA	U4	U4 spliceosomal RNA [Source:RFAM%3BAcc:RF00015]
ENSSSAG00000069828	ssa12	.	snRNA	U4	U4 spliceosomal RNA [Source:RFAM%3BAcc:RF00015]
ENSSSAG00000069829	ssa15	.	lncRNA		
ENSSSAG00000069830	ssa12	.	snRNA	U4	U4 spliceosomal RNA [Source:RFAM%3BAcc:RF00015]
ENSSSAG00000069831	ssa12	.	snRNA	U4	U4 spliceosomal RNA [Source:RFAM%3BAcc:RF00015]
ENSSSAG00000069832	ssa12	.	snRNA	U4	U4 spliceosomal RNA [Source:RFAM%3BAcc:RF00015]
ENSSSAG00000069833	ssa12	.	snRNA	U4	U4 spliceosomal RNA [Source:RFAM%3BAcc:RF00015]
ENSSSAG00000069834	ssa12	.	snRNA	U4	U4 spliceosomal RNA [Source:RFAM%3BAcc:RF00015]
ENSSSAG00000069835	ssa12	.	snRNA	U4	U4 spliceosomal RNA [Source:RFAM%3BAcc:RF00015]
ENSSSAG00000069836	ssa12	.	snRNA	U4	U4 spliceosomal RNA [Source:RFAM%3BAcc:RF00015]
ENSSSAG00000069837	ssa12	.	snRNA	U4	U4 spliceosomal RNA [Source:RFAM%3BAcc:RF00015]
ENSSSAG00000069838	ssa12	.	snRNA	U4	U4 spliceosomal RNA [Source:RFAM%3BAcc:RF00015]
ENSSSAG00000069839	ssa12	.	snRNA	U4	U4 spliceosomal RNA [Source:RFAM%3BAcc:RF00015]
ENSSSAG00000069840	ssa12	.	snRNA	U4	U4 spliceosomal RNA [Source:RFAM%3BAcc:RF00015]
ENSSSAG00000069841	ssa12	.	snRNA	U4	U4 spliceosomal RNA [Source:RFAM%3BAcc:RF00015]
ENSSSAG00000069843	ssa12	.	snRNA	U4	U4 spliceosomal RNA [Source:RFAM%3BAcc:RF00015]
ENSSSAG00000069844	ssa12	.	snRNA	U4	U4 spliceosomal RNA [Source:RFAM%3BAcc:RF00015]
ENSSSAG00000069846	ssa12	.	snRNA	U4	U4 spliceosomal RNA [Source:RFAM%3BAcc:RF00015]
ENSSSAG00000069847	ssa12	.	snRNA	U4	U4 spliceosomal RNA [Source:RFAM%3BAcc:RF00015]
ENSSSAG00000069848	ssa12	.	snRNA	U4	U4 spliceosomal RNA [Source:RFAM%3BAcc:RF00015]
ENSSSAG00000069850	ssa12	.	snRNA	U4	U4 spliceosomal RNA [Source:RFAM%3BAcc:RF00015]
ENSSSAG00000069851	ssa12	.	snRNA	U4	U4 spliceosomal RNA [Source:RFAM%3BAcc:RF00015]
ENSSSAG00000069853	ssa14	.	snoRNA		
ENSSSAG00000069854	ssa12	.	snRNA	U4	U4 spliceosomal RNA [Source:RFAM%3BAcc:RF00015]
ENSSSAG00000069855	ssa12	.	snRNA	U4	U4 spliceosomal RNA [Source:RFAM%3BAcc:RF00015]
ENSSSAG00000069856	ssa12	.	snRNA	U4	U4 spliceosomal RNA [Source:RFAM%3BAcc:RF00015]
ENSSSAG00000069859	ssa12	.	snRNA	U4	U4 spliceosomal RNA [Source:RFAM%3BAcc:RF00015]
ENSSSAG00000069861	ssa12	.	snRNA	U4	U4 spliceosomal RNA [Source:RFAM%3BAcc:RF00015]
ENSSSAG00000069863	ssa12	.	snRNA	U4	U4 spliceosomal RNA [Source:RFAM%3BAcc:RF00015]
ENSSSAG00000069864	ssa12	.	snRNA	U4	U4 spliceosomal RNA [Source:RFAM%3BAcc:RF00015]
ENSSSAG00000069866	ssa12	.	snRNA	U4	U4 spliceosomal RNA [Source:RFAM%3BAcc:RF00015]
ENSSSAG00000069869	ssa12	.	snRNA	U4	U4 spliceosomal RNA [Source:RFAM%3BAcc:RF00015]
ENSSSAG00000069870	ssa12	.	snRNA	U4	U4 spliceosomal RNA [Source:RFAM%3BAcc:RF00015]
ENSSSAG00000069871	ssa12	.	snRNA	U4	U4 spliceosomal RNA [Source:RFAM%3BAcc:RF00015]
ENSSSAG00000069873	ssa12	.	snRNA	U4	U4 spliceosomal RNA [Source:RFAM%3BAcc:RF00015]
ENSSSAG00000069875	ssa12	.	snRNA	U4	U4 spliceosomal RNA [Source:RFAM%3BAcc:RF00015]
ENSSSAG00000069877	ssa12	.	snRNA	U4	U4 spliceosomal RNA [Source:RFAM%3BAcc:RF00015]
ENSSSAG00000069878	ssa12	.	snRNA	U4	U4 spliceosomal RNA [Source:RFAM%3BAcc:RF00015]
ENSSSAG00000069879	ssa12	.	snRNA	U4	U4 spliceosomal RNA [Source:RFAM%3BAcc:RF00015]
ENSSSAG00000069881	ssa12	.	snRNA	U4	U4 spliceosomal RNA [Source:RFAM%3BAcc:RF00015]
ENSSSAG00000069883	ssa12	.	snRNA	U4	U4 spliceosomal RNA [Source:RFAM%3BAcc:RF00015]
ENSSSAG00000069884	ssa12	.	snRNA	U4	U4 spliceosomal RNA [Source:RFAM%3BAcc:RF00015]
ENSSSAG00000069886	ssa09	.	pseudogene		
ENSSSAG00000069893	ssa09	.	protein_coding		
ENSSSAG00000069901	ssa28	.	lncRNA		
ENSSSAG00000069949	ssa15	.	protein_coding	dip2ba	disco-interacting protein 2 homolog B-A-like [Source:NCBI gene%3BAcc:106572725]
ENSSSAG00000069952	ssa14	.	snoRNA		
ENSSSAG00000069953	ssa14	.	snoRNA		
ENSSSAG00000069954	ssa14	.	snoRNA		
ENSSSAG00000069955	ssa14	.	snoRNA		
ENSSSAG00000069980	ssa13	.	lncRNA		
ENSSSAG00000069991	ssa13	.	lncRNA		
ENSSSAG00000069998	ssa09	.	lncRNA		
ENSSSAG00000069999	ssa09	.	lncRNA		
ENSSSAG00000070006	ssa23	.	lncRNA		
ENSSSAG00000070015	ssa11	.	snRNA		
ENSSSAG00000070046	ssa22	.	miRNA	ssa-mir-724-1	ssa-mir-724-1 [Source:miRBase%3BAcc:MI0026726]
ENSSSAG00000070074	ssa29	.	protein_coding	uba5	ubiquitin-like modifier-activating enzyme 5 [Source:NCBI gene%3BAcc:106590118]
ENSSSAG00000070078	ssa15	.	lncRNA		
ENSSSAG00000070093	ssa14	.	lncRNA		
ENSSSAG00000070095	ssa15	.	lncRNA		uncharacterized LOC106572853 [Source:NCBI gene%3BAcc:106572853]
ENSSSAG00000070101	ssa24	.	protein_coding	malt1	mucosa-associated lymphoid tissue lymphoma translocation protein 1-like [Source:NCBI gene%3BAcc:106585388]
ENSSSAG00000070108	ssa20	.	pseudogene		
ENSSSAG00000070114	ssa14	.	pseudogene		
ENSSSAG00000070116	ssa20	.	lncRNA		
ENSSSAG00000070129	ssa20	.	lncRNA		
ENSSSAG00000070144	ssa24	.	protein_coding	cplx4b	complexin 4 [Source:HGNC Symbol%3BAcc:HGNC:24330]
ENSSSAG00000070150	ssa24	.	protein_coding	mrps30	28S ribosomal protein S30%2C mitochondrial-like [Source:NCBI gene%3BAcc:106585386]
ENSSSAG00000070152	ssa14	.	protein_coding		
ENSSSAG00000070155	ssa24	.	protein_coding	hint2	uncharacterized HIT-like protein Synpcc7942_1390 [Source:NCBI gene%3BAcc:106585387]
ENSSSAG00000070191	ssa24	.	pseudogene	cirbp	cold inducible RNA binding protein [Source:NCBI gene%3BAcc:100194590]
ENSSSAG00000070192	ssa24	.	protein_coding		long-chain-fatty-acid--CoA ligase ACSBG2-like [Source:NCBI gene%3BAcc:106585385]
ENSSSAG00000070194	ssa14	.	lncRNA		
ENSSSAG00000070200	ssa29	.	snRNA	U1	U1 spliceosomal RNA [Source:RFAM%3BAcc:RF00003]
ENSSSAG00000070204	ssa09	.	pseudogene		
ENSSSAG00000070205	ssa09	.	lncRNA		
ENSSSAG00000070210	ssa17	.	snoRNA		small nucleolar RNA%2C H/ACA box 53 [Source:HGNC Symbol%3BAcc:HGNC:32646]
ENSSSAG00000070261	ssa25	.	lncRNA		
ENSSSAG00000070267	ssa01	.	lncRNA		
ENSSSAG00000070268	ssa10	.	lncRNA		
ENSSSAG00000070273	ssa17	.	miRNA	ssa-mir-729	ssa-mir-729 [Source:miRBase%3BAcc:MI0026734]
ENSSSAG00000070279	ssa15	.	lncRNA		
ENSSSAG00000070306	ssa05	.	scaRNA		
ENSSSAG00000070328	ssa19	.	lncRNA		
ENSSSAG00000070351	ssa11	.	lncRNA		
ENSSSAG00000070362	ssa14	.	lncRNA		
ENSSSAG00000070364	ssa14	.	snoRNA		
ENSSSAG00000070366	ssa14	.	snoRNA		
ENSSSAG00000070367	ssa14	.	snoRNA		
ENSSSAG00000070368	ssa14	.	snoRNA	SNORD79	Small nucleolar RNA SNORD79 [Source:RFAM%3BAcc:RF00152]
ENSSSAG00000070371	ssa14	.	snoRNA		
ENSSSAG00000070372	ssa14	.	snoRNA		
ENSSSAG00000070374	ssa24	.	miRNA	ssa-mir-7a-3	ssa-mir-7a-3 [Source:miRBase%3BAcc:MI0026747]
ENSSSAG00000070385	ssa15	.	pseudogene		
ENSSSAG00000070402	ssa26	.	lncRNA		
ENSSSAG00000070415	ssa18	.	lncRNA		
ENSSSAG00000070418	ssa18	.	lncRNA		
ENSSSAG00000070422	ssa18	.	snoRNA		
ENSSSAG00000070438	ssa03	.	protein_coding	rab3db	ras-related protein Rab-3D-like [Source:NCBI gene%3BAcc:106601190]
ENSSSAG00000070449	ssa22	.	lncRNA		
ENSSSAG00000070457	ssa22	.	pseudogene		
ENSSSAG00000070459	ssa03	.	protein_coding	dtna	dystrobrevin alpha [Source:NCBI gene%3BAcc:100195747]
ENSSSAG00000070465	ssa21	.	protein_coding	TCTP	translationally-controlled tumor protein homolog [Source:NCBI gene%3BAcc:106582181]
ENSSSAG00000070471	ssa21	.	protein_coding		
ENSSSAG00000070474	ssa21	.	lncRNA		
ENSSSAG00000070475	ssa22	.	lncRNA		
ENSSSAG00000070476	ssa22	.	miRNA	ssa-mir-205a-2	ssa-mir-205a-2 [Source:miRBase%3BAcc:MI0026595]
ENSSSAG00000070478	ssa22	.	lncRNA		
ENSSSAG00000070479	ssa21	.	protein_coding		general transcription factor IIF%2C polypeptide 2b [Source:ZFIN%3BAcc:ZDB-GENE-050417-374]
ENSSSAG00000070480	ssa22	.	lncRNA		
ENSSSAG00000070488	ssa21	.	protein_coding	kctd4	BTB/POZ domain-containing protein KCTD4-like [Source:NCBI gene%3BAcc:106582180]
ENSSSAG00000070492	ssa27	.	lncRNA		
ENSSSAG00000070493	ssa27	.	lncRNA		
ENSSSAG00000070494	ssa21	.	protein_coding		
ENSSSAG00000070497	ssa21	.	protein_coding	serp2	stress-associated endoplasmic reticulum protein 2 [Source:NCBI gene%3BAcc:106582177]
ENSSSAG00000070499	ssa21	.	protein_coding	enox1	ecto-NOX disulfide-thiol exchanger 1-like [Source:NCBI gene%3BAcc:106582175]
ENSSSAG00000070501	ssa24	.	protein_coding	BLVRB	flavin reductase (NADPH)-like [Source:NCBI gene%3BAcc:106585384]
ENSSSAG00000070505	ssa26	.	lncRNA		
ENSSSAG00000070508	ssa24	.	protein_coding		N-acylethanolamine-hydrolyzing acid amidase-like [Source:NCBI gene%3BAcc:106585383]
ENSSSAG00000070512	ssa24	.	protein_coding		bone morphogenetic protein 6-like [Source:NCBI gene%3BAcc:106585325]
ENSSSAG00000070516	ssa21	.	protein_coding	dnajc15	dnaJ homolog subfamily C member 15-like [Source:NCBI gene%3BAcc:106582174]
ENSSSAG00000070522	ssa27	.	miRNA	ssa-mir-489-1	ssa-mir-489-1 [Source:miRBase%3BAcc:MI0026714]
ENSSSAG00000070529	ssa21	.	protein_coding	tnfsf11	tumor necrosis factor ligand superfamily member 11-like [Source:NCBI gene%3BAcc:106582173]
ENSSSAG00000070530	ssa24	.	protein_coding	PPEF2	serine/threonine-protein phosphatase with EF-hands 2-like [Source:NCBI gene%3BAcc:106585382]
ENSSSAG00000070533	ssa21	.	protein_coding	akap11	A-kinase anchor protein 11-like [Source:NCBI gene%3BAcc:106582171]
ENSSSAG00000070534	ssa11	.	lncRNA		
ENSSSAG00000070537	ssa11	.	pseudogene		
ENSSSAG00000070548	ssa21	.	protein_coding	vgll3	transcription cofactor vestigial-like protein 3 [Source:NCBI gene%3BAcc:106582170]
ENSSSAG00000070554	ssa21	.	protein_coding	CHMP2B	charged multivesicular body protein 2b [Source:NCBI gene%3BAcc:106582169]
ENSSSAG00000070565	ssa21	.	protein_coding	pit-1	pituitary-specific positive transcription factor 1 [Source:NCBI gene%3BAcc:106582168]
ENSSSAG00000070578	ssa21	.	protein_coding	HTR1F	5-hydroxytryptamine receptor 1F-like [Source:NCBI gene%3BAcc:106582159]
ENSSSAG00000070581	ssa27	.	pseudogene		
ENSSSAG00000070583	ssa24	.	protein_coding	scarb2a	lysosome membrane protein 2-like [Source:NCBI gene%3BAcc:106585381]
ENSSSAG00000070584	ssa19	.	pseudogene		
ENSSSAG00000070591	ssa24	.	protein_coding	zgc:158260	protein FAM47A-like [Source:NCBI gene%3BAcc:106585379]
ENSSSAG00000070592	ssa20	.	lncRNA		
ENSSSAG00000070594	ssa24	.	protein_coding		coiled-coil domain-containing protein 158-like [Source:NCBI gene%3BAcc:106585378]
ENSSSAG00000070599	ssa26	.	lncRNA		
ENSSSAG00000070607	ssa24	.	protein_coding	CCNG2	cyclin-G2-like [Source:NCBI gene%3BAcc:106585380]
ENSSSAG00000070613	ssa24	.	protein_coding	ST8SIA3	sia-alpha-2%2C3-Gal-beta-1%2C4-GlcNAc-R:alpha 2%2C8-sialyltransferase-like [Source:NCBI gene%3BAcc:106585377]
ENSSSAG00000070614	ssa24	.	protein_coding	rab27b	ras-related protein Rab-27B-like [Source:NCBI gene%3BAcc:106585376]
ENSSSAG00000070619	ssa24	.	protein_coding	POLI	DNA polymerase iota-like [Source:NCBI gene%3BAcc:106585375]
ENSSSAG00000070620	ssa01	.	lncRNA		
ENSSSAG00000070622	ssa24	.	protein_coding		
ENSSSAG00000070626	ssa24	.	protein_coding		
ENSSSAG00000070628	ssa24	.	protein_coding	tal2	T-cell acute lymphocytic leukemia protein 2-like [Source:NCBI gene%3BAcc:106585373]
ENSSSAG00000070630	ssa24	.	lncRNA		
ENSSSAG00000070631	ssa27	.	lncRNA		
ENSSSAG00000070632	ssa27	.	lncRNA		
ENSSSAG00000070634	ssa24	.	protein_coding	susd1	sushi domain-containing protein 1-like [Source:NCBI gene%3BAcc:106585372]
ENSSSAG00000070641	ssa24	.	lncRNA		
ENSSSAG00000070642	ssa24	.	protein_coding	IR3IP	immediate early response 3 interacting protein 1 [Source:NCBI gene%3BAcc:554110]
ENSSSAG00000070646	ssa24	.	protein_coding	smad2	mothers against decapentaplegic homolog 2 [Source:NCBI gene%3BAcc:106585370]
ENSSSAG00000070660	ssa15	.	lncRNA		
ENSSSAG00000070664	ssa18	.	lncRNA		
ENSSSAG00000070668	ssa19	.	snRNA	U7	U7 small nuclear RNA [Source:RFAM%3BAcc:RF00066]
ENSSSAG00000070675	ssa12	.	lncRNA		
ENSSSAG00000070683	ssa18	.	miRNA	ssa-mir-730a-1	ssa-mir-730a-1 [Source:miRBase%3BAcc:MI0026735]
ENSSSAG00000070686	ssa12	.	lncRNA		uncharacterized LOC106566033 [Source:NCBI gene%3BAcc:106566033]
ENSSSAG00000070688	ssa12	.	lncRNA		
ENSSSAG00000070690	ssa12	.	lncRNA		uncharacterized LOC106566034 [Source:NCBI gene%3BAcc:106566034]
ENSSSAG00000070693	ssa03	.	snoRNA		
ENSSSAG00000070703	ssa03	.	protein_coding		
ENSSSAG00000070704	ssa19	.	pseudogene		
ENSSSAG00000070707	ssa12	.	lncRNA		
ENSSSAG00000070709	ssa03	.	protein_coding	ANR54	ankyrin repeat domain-containing protein 54-like [Source:NCBI gene%3BAcc:106601323]
ENSSSAG00000070725	ssa26	.	lncRNA		
ENSSSAG00000070751	ssa12	.	miRNA	ssa-let-7a-5	ssa-let-7a-5 [Source:miRBase%3BAcc:MI0026744]
ENSSSAG00000070753	ssa12	.	miRNA	ssa-let-7e-1	ssa-let-7e-1 [Source:miRBase%3BAcc:MI0026756]
ENSSSAG00000070754	ssa24	.	protein_coding		very low-density lipoprotein receptor-like [Source:NCBI gene%3BAcc:106585369]
ENSSSAG00000070756	ssa15	.	lncRNA		
ENSSSAG00000070760	ssa21	.	snRNA	U7	U7 small nuclear RNA [Source:RFAM%3BAcc:RF00066]
ENSSSAG00000070767	ssa03	.	protein_coding	si:dkeyp-69e1.8	GTPase IMAP family member 7-like [Source:NCBI gene%3BAcc:106601321]
ENSSSAG00000070778	ssa01	.	lncRNA		
ENSSSAG00000070786	ssa09	.	lncRNA		
ENSSSAG00000070787	ssa01	.	lncRNA		
ENSSSAG00000070789	ssa01	.	lncRNA		
ENSSSAG00000070798	ssa15	.	protein_coding	ptk6b	protein-tyrosine kinase 6-like [Source:NCBI gene%3BAcc:106572886]
ENSSSAG00000070802	ssa10	.	lncRNA		
ENSSSAG00000070804	ssa10	.	lncRNA		
ENSSSAG00000070805	ssa10	.	lncRNA		
ENSSSAG00000070809	ssa15	.	lncRNA		
ENSSSAG00000070810	ssa15	.	lncRNA		
ENSSSAG00000070811	ssa01	.	lncRNA		
ENSSSAG00000070812	ssa15	.	protein_coding		
ENSSSAG00000070818	ssa14	.	lncRNA		
ENSSSAG00000070826	ssa24	.	protein_coding		RING finger and CHY zinc finger domain-containing protein 1-like [Source:NCBI gene%3BAcc:106585368]
ENSSSAG00000070831	ssa10	.	miRNA	ssa-mir-204-2	ssa-mir-204-2 [Source:miRBase%3BAcc:MI0026591]
ENSSSAG00000070853	ssa10	.	rRNA	5_8S_rRNA	5.8S ribosomal RNA [Source:RFAM%3BAcc:RF00002]
ENSSSAG00000070857	ssa10	.	pseudogene		kielin cysteine rich BMP regulator [Source:NCBI gene%3BAcc:106561243]
ENSSSAG00000070859	ssa09	.	pseudogene		neurofibromin-like [Source:NCBI gene%3BAcc:106613084]
ENSSSAG00000070867	ssa01	.	lncRNA		
ENSSSAG00000070868	ssa01	.	lncRNA		
ENSSSAG00000070872	ssa11	.	snoRNA		
ENSSSAG00000070874	ssa11	.	snoRNA		
ENSSSAG00000070876	ssa11	.	snoRNA		
ENSSSAG00000070878	ssa11	.	snoRNA		
ENSSSAG00000070882	ssa11	.	snoRNA		
ENSSSAG00000070883	ssa11	.	snoRNA		
ENSSSAG00000070884	ssa11	.	snoRNA		
ENSSSAG00000070887	ssa11	.	snoRNA		
ENSSSAG00000070889	ssa11	.	snoRNA		
ENSSSAG00000070894	ssa03	.	protein_coding		phosphoinositide 3-kinase regulatory subunit 5-like [Source:NCBI gene%3BAcc:106601370]
ENSSSAG00000070908	ssa02	.	protein_coding		
ENSSSAG00000070929	ssa14	.	lncRNA		
ENSSSAG00000070951	ssa10	.	lncRNA		
ENSSSAG00000070954	ssa14	.	lncRNA		
ENSSSAG00000070969	ssa25	.	snRNA	U1	U1 spliceosomal RNA [Source:RFAM%3BAcc:RF00003]
ENSSSAG00000070972	ssa25	.	snRNA	U1	U1 spliceosomal RNA [Source:RFAM%3BAcc:RF00003]
ENSSSAG00000070974	ssa03	.	protein_coding		
ENSSSAG00000071006	ssa02	.	lncRNA		
ENSSSAG00000071008	ssa02	.	lncRNA		
ENSSSAG00000071024	ssa15	.	lncRNA		
ENSSSAG00000071026	ssa01	.	lncRNA		
ENSSSAG00000071038	ssa11	.	snoRNA	SNORD24	Small nucleolar RNA SNORD24 [Source:RFAM%3BAcc:RF00069]
ENSSSAG00000071039	ssa13	.	lncRNA		
ENSSSAG00000071042	ssa11	.	snoRNA	SNORD36	Small nucleolar RNA SNORD36 [Source:RFAM%3BAcc:RF00049]
ENSSSAG00000071045	ssa11	.	snoRNA	SNORD36	Small nucleolar RNA SNORD36 [Source:RFAM%3BAcc:RF00049]
ENSSSAG00000071048	ssa11	.	snoRNA	SNORD36	Small nucleolar RNA SNORD36 [Source:RFAM%3BAcc:RF00049]
ENSSSAG00000071051	ssa11	.	snoRNA	SNORD24	Small nucleolar RNA SNORD24 [Source:RFAM%3BAcc:RF00069]
ENSSSAG00000071053	ssa11	.	snoRNA	SNORD24	Small nucleolar RNA SNORD24 [Source:RFAM%3BAcc:RF00069]
ENSSSAG00000071054	ssa14	.	lncRNA		
ENSSSAG00000071055	ssa11	.	snoRNA	SNORD36	Small nucleolar RNA SNORD36 [Source:RFAM%3BAcc:RF00049]
ENSSSAG00000071057	ssa14	.	lncRNA		
ENSSSAG00000071060	ssa14	.	lncRNA		
ENSSSAG00000071069	ssa20	.	snoRNA		
ENSSSAG00000071072	ssa20	.	snoRNA		
ENSSSAG00000071075	ssa11	.	snRNA	U7	U7 small nuclear RNA [Source:RFAM%3BAcc:RF00066]
ENSSSAG00000071076	ssa20	.	snoRNA		
ENSSSAG00000071077	ssa20	.	snoRNA		
ENSSSAG00000071088	ssa11	.	rRNA	5_8S_rRNA	5.8S ribosomal RNA [Source:RFAM%3BAcc:RF00002]
ENSSSAG00000071091	ssa14	.	snoRNA		
ENSSSAG00000071094	ssa01	.	miRNA	ssa-mir-181a-2	ssa-mir-181a-2 [Source:miRBase%3BAcc:MI0026537]
ENSSSAG00000071109	ssa11	.	lncRNA		
ENSSSAG00000071133	ssa01	.	lncRNA		
ENSSSAG00000071155	ssa09	.	lncRNA		
ENSSSAG00000071157	ssa20	.	lncRNA		
ENSSSAG00000071158	ssa09	.	lncRNA		
ENSSSAG00000071163	ssa09	.	lncRNA		
ENSSSAG00000071169	ssa10	.	lncRNA		
ENSSSAG00000071202	ssa29	.	snoRNA		
ENSSSAG00000071210	ssa09	.	snoRNA		
ENSSSAG00000071225	ssa24	.	protein_coding	lzts1	leucine zipper putative tumor suppressor 1-like [Source:NCBI gene%3BAcc:106585365]
ENSSSAG00000071230	ssa24	.	rRNA	5_8S_rRNA	5.8S ribosomal RNA [Source:RFAM%3BAcc:RF00002]
ENSSSAG00000071233	ssa06	.	lncRNA		
ENSSSAG00000071234	ssa24	.	protein_coding		GDNF family receptor alpha-2-like [Source:NCBI gene%3BAcc:106585364]
ENSSSAG00000071250	ssa29	.	lncRNA		
ENSSSAG00000071251	ssa29	.	lncRNA		
ENSSSAG00000071255	ssa29	.	lncRNA		
ENSSSAG00000071272	ssa04	.	miRNA	ssa-mir-99-1	ssa-mir-99-1 [Source:miRBase%3BAcc:MI0026767]
ENSSSAG00000071273	ssa04	.	miRNA	ssa-let-7c-2	ssa-let-7c-2 [Source:miRBase%3BAcc:MI0026424]
ENSSSAG00000071274	ssa04	.	miRNA	ssa-mir-125a-2	ssa-mir-125a-2 [Source:miRBase%3BAcc:MI0026453]
ENSSSAG00000071277	ssa24	.	protein_coding	bco2 like	beta%2Cbeta-carotene 9'%2C10'-oxygenase-like [Source:NCBI gene%3BAcc:106585363]
ENSSSAG00000071285	ssa01	.	pseudogene		
ENSSSAG00000071293	ssa27	.	lncRNA		
ENSSSAG00000071304	ssa12	.	snoRNA		
ENSSSAG00000071312	ssa23	.	snRNA	U1	U1 spliceosomal RNA [Source:RFAM%3BAcc:RF00003]
ENSSSAG00000071314	ssa23	.	snRNA	U1	U1 spliceosomal RNA [Source:RFAM%3BAcc:RF00003]
ENSSSAG00000071315	ssa18	.	pseudogene		
ENSSSAG00000071325	ssa22	.	lncRNA		
ENSSSAG00000071327	ssa22	.	lncRNA		
ENSSSAG00000071329	ssa13	.	snoRNA	SNORD58	Small nucleolar RNA SNORD58 [Source:RFAM%3BAcc:RF00151]
ENSSSAG00000071331	ssa13	.	snoRNA	SNORD58	Small nucleolar RNA SNORD58 [Source:RFAM%3BAcc:RF00151]
ENSSSAG00000071332	ssa13	.	snoRNA	SNORD58	Small nucleolar RNA SNORD58 [Source:RFAM%3BAcc:RF00151]
ENSSSAG00000071343	ssa09	.	protein_coding	SAMD5	sterile alpha motif domain containing 5 [Source:HGNC Symbol%3BAcc:HGNC:21180]
ENSSSAG00000071346	ssa09	.	ribozyme	RNaseP_nuc	Nuclear RNase P [Source:RFAM%3BAcc:RF00009]
ENSSSAG00000071370	ssa23	.	lncRNA		
ENSSSAG00000071385	ssa01	.	miRNA	ssa-mir-8162	ssa-mir-8162 [Source:miRBase%3BAcc:MI0026790]
ENSSSAG00000071410	ssa19	.	Y_RNA	Y_RNA	Y RNA [Source:RFAM%3BAcc:RF00019]
ENSSSAG00000071418	ssa26	.	lncRNA		
ENSSSAG00000071419	ssa19	.	lncRNA		
ENSSSAG00000071420	ssa26	.	lncRNA		
ENSSSAG00000071440	ssa09	.	lncRNA		
ENSSSAG00000071442	ssa09	.	lncRNA		
ENSSSAG00000071449	ssa09	.	pseudogene		
ENSSSAG00000071458	ssa20	.	lncRNA		
ENSSSAG00000071459	ssa20	.	lncRNA		
ENSSSAG00000071461	ssa26	.	lncRNA		
ENSSSAG00000071462	ssa11	.	pseudogene		
ENSSSAG00000071463	ssa01	.	lncRNA		
ENSSSAG00000071466	ssa16	.	snoRNA		
ENSSSAG00000071477	ssa16	.	lncRNA		
ENSSSAG00000071479	ssa16	.	lncRNA		
ENSSSAG00000071483	ssa16	.	lncRNA		
ENSSSAG00000071492	ssa01	.	lncRNA		
ENSSSAG00000071493	ssa01	.	lncRNA		
ENSSSAG00000071497	ssa16	.	protein_coding	cnot4a	CCR4-NOT transcription complex subunit 4-like [Source:NCBI gene%3BAcc:106573076]
ENSSSAG00000071509	ssa26	.	protein_coding	pkma	pyruvate kinase PKM-like [Source:NCBI gene%3BAcc:106587214]
ENSSSAG00000071510	ssa27	.	snoRNA		
ENSSSAG00000071511	ssa27	.	snoRNA		
ENSSSAG00000071512	ssa27	.	snoRNA		
ENSSSAG00000071513	ssa27	.	snoRNA	SNORD33	Small nucleolar RNA Z195/SNORD33/SNORD32 family [Source:RFAM%3BAcc:RF00133]
ENSSSAG00000071534	ssa11	.	protein_coding	kars1	lysine--tRNA ligase [Source:NCBI gene%3BAcc:100380865]
ENSSSAG00000071537	ssa24	.	protein_coding	ndc80	kinetochore protein NDC80 homolog [Source:NCBI gene%3BAcc:106585867]
ENSSSAG00000071561	ssa24	.	lncRNA		
ENSSSAG00000071567	ssa24	.	protein_coding	RM01	mitochondrial ribosomal protein L1 [Source:NCBI gene%3BAcc:106585874]
ENSSSAG00000071606	ssa20	.	lncRNA		
ENSSSAG00000071626	ssa20	.	lncRNA		
ENSSSAG00000071641	ssa20	.	lncRNA		
ENSSSAG00000071647	ssa01	.	lncRNA		
ENSSSAG00000071650	ssa01	.	lncRNA		
ENSSSAG00000071653	ssa01	.	lncRNA		
ENSSSAG00000071657	ssa01	.	lncRNA		
ENSSSAG00000071675	ssa12	.	lncRNA		
ENSSSAG00000071681	ssa19	.	lncRNA		
ENSSSAG00000071688	ssa12	.	lncRNA		
ENSSSAG00000071698	ssa11	.	snoRNA		small nucleolar RNA%2C C/D box 68 [Source:HGNC Symbol%3BAcc:HGNC:32729]
ENSSSAG00000071699	ssa11	.	snoRNA		
ENSSSAG00000071702	ssa11	.	snoRNA		
ENSSSAG00000071737	ssa26	.	snoRNA		
ENSSSAG00000071750	ssa14	.	protein_coding		
ENSSSAG00000071752	ssa04	.	lncRNA		
ENSSSAG00000071754	ssa16	.	protein_coding		
ENSSSAG00000071768	ssa10	.	miRNA	ssa-mir-7a-4	ssa-mir-7a-4 [Source:miRBase%3BAcc:MI0026748]
ENSSSAG00000071772	ssa28	.	pseudogene		
ENSSSAG00000071802	ssa24	.	miRNA	ssa-mir-130d-1	ssa-mir-130d-1 [Source:miRBase%3BAcc:MI0026472]
ENSSSAG00000071804	ssa24	.	miRNA	ssa-mir-301b	ssa-mir-301b [Source:miRBase%3BAcc:MI0026671]
ENSSSAG00000071805	ssa24	.	miRNA	ssa-mir-130a-2	ssa-mir-130a-2 [Source:miRBase%3BAcc:MI0026469]
ENSSSAG00000071807	ssa24	.	lncRNA		
ENSSSAG00000071840	ssa29	.	lncRNA		
ENSSSAG00000071842	ssa24	.	lncRNA		
ENSSSAG00000071847	ssa09	.	pseudogene		
ENSSSAG00000071848	ssa26	.	snRNA	U7	U7 small nuclear RNA [Source:RFAM%3BAcc:RF00066]
ENSSSAG00000071849	ssa26	.	snRNA	U7	U7 small nuclear RNA [Source:RFAM%3BAcc:RF00066]
ENSSSAG00000071851	ssa26	.	snRNA	U7	U7 small nuclear RNA [Source:RFAM%3BAcc:RF00066]
ENSSSAG00000071852	ssa26	.	snRNA	U7	U7 small nuclear RNA [Source:RFAM%3BAcc:RF00066]
ENSSSAG00000071857	ssa25	.	snoRNA		
ENSSSAG00000071858	ssa25	.	snoRNA		
ENSSSAG00000071865	ssa19	.	pseudogene		
ENSSSAG00000071870	ssa02	.	lncRNA		
ENSSSAG00000071871	ssa02	.	miRNA	ssa-mir-9a-4	ssa-mir-9a-4 [Source:miRBase%3BAcc:MI0026772]
ENSSSAG00000071888	ssa07	.	protein_coding		
ENSSSAG00000071890	ssa07	.	lncRNA		
ENSSSAG00000071914	ssa26	.	snoRNA		
ENSSSAG00000071921	ssa19	.	lncRNA		
ENSSSAG00000071922	ssa08	.	protein_coding		
ENSSSAG00000071929	ssa29	.	lncRNA		
ENSSSAG00000071946	ssa09	.	pseudogene		
ENSSSAG00000071971	ssa22	.	snRNA	U7	U7 small nuclear RNA [Source:RFAM%3BAcc:RF00066]
ENSSSAG00000071992	ssa26	.	lncRNA		
ENSSSAG00000071994	ssa26	.	lncRNA		
ENSSSAG00000072038	ssa29	.	lncRNA		
ENSSSAG00000072042	ssa01	.	lncRNA		
ENSSSAG00000072051	ssa10	.	pseudogene		MuRF1c [Source:NCBI gene%3BAcc:101448020]
ENSSSAG00000072054	ssa15	.	lncRNA		
ENSSSAG00000072058	ssa29	.	lncRNA		
ENSSSAG00000072059	ssa13	.	pseudogene		
ENSSSAG00000072061	ssa13	.	pseudogene		
ENSSSAG00000072067	ssa29	.	pseudogene		
ENSSSAG00000072085	ssa29	.	lncRNA		
ENSSSAG00000072086	ssa29	.	lncRNA		
ENSSSAG00000072102	ssa02	.	lncRNA		
ENSSSAG00000072117	ssa04	.	miRNA	ssa-mir-132-2	ssa-mir-132-2 [Source:miRBase%3BAcc:MI0026476]
ENSSSAG00000072119	ssa04	.	miRNA	ssa-mir-212a-2	ssa-mir-212a-2 [Source:miRBase%3BAcc:MI0026608]
ENSSSAG00000072128	ssa01	.	protein_coding	papolg	poly(A) polymerase gamma [Source:NCBI gene%3BAcc:106613820]
ENSSSAG00000072133	ssa06	.	protein_coding	asb2a.1	ankyrin repeat and SOCS box protein 2-like [Source:NCBI gene%3BAcc:106607652]
ENSSSAG00000072142	ssa06	.	miRNA	ssa-mir-8164	ssa-mir-8164 [Source:miRBase%3BAcc:MI0026792]
ENSSSAG00000072150	ssa02	.	lncRNA		
ENSSSAG00000072165	ssa07	.	pseudogene		
ENSSSAG00000072166	ssa11	.	protein_coding	SNX1	sorting nexin-1 [Source:NCBI gene%3BAcc:100380673]
ENSSSAG00000072171	ssa23	.	lncRNA		
ENSSSAG00000072256	ssa02	.	lncRNA		
ENSSSAG00000072276	ssa20	.	miRNA	ssa-mir-737	ssa-mir-737 [Source:miRBase%3BAcc:MI0026739]
ENSSSAG00000072288	ssa02	.	pseudogene		
ENSSSAG00000072326	ssa23	.	lncRNA		
ENSSSAG00000072335	ssa24	.	miRNA	ssa-mir-181a-1	ssa-mir-181a-1 [Source:miRBase%3BAcc:MI0026536]
ENSSSAG00000072365	ssa23	.	lncRNA		
ENSSSAG00000072368	ssa02	.	protein_coding	ptpn23a	tyrosine-protein phosphatase non-receptor type 23-like [Source:NCBI gene%3BAcc:106581434]
ENSSSAG00000072372	ssa06	.	snoRNA		
ENSSSAG00000072375	ssa06	.	snoRNA		
ENSSSAG00000072376	ssa13	.	lncRNA		
ENSSSAG00000072378	ssa13	.	lncRNA		
ENSSSAG00000072379	ssa06	.	snoRNA		
ENSSSAG00000072392	ssa15	.	protein_coding		
ENSSSAG00000072412	ssa15	.	protein_coding	mpx	eosinophil peroxidase-like [Source:NCBI gene%3BAcc:106572735]
ENSSSAG00000072425	ssa11	.	lncRNA		
ENSSSAG00000072441	ssa11	.	protein_coding	muc5f	mucin 5f [Source:ZFIN%3BAcc:ZDB-GENE-110411-240]
ENSSSAG00000072446	ssa23	.	lncRNA		
ENSSSAG00000072463	ssa24	.	protein_coding	fam219ab	protein FAM219A-like [Source:NCBI gene%3BAcc:106585361]
ENSSSAG00000072466	ssa13	.	lncRNA		
ENSSSAG00000072467	ssa13	.	lncRNA		
ENSSSAG00000072491	ssa22	.	protein_coding	ube2v1	ubiquitin-conjugating enzyme E2 variant 1-like [Source:NCBI gene%3BAcc:100136508]
ENSSSAG00000072519	ssa24	.	protein_coding	trpm3	transient receptor potential cation channel subfamily M member 3-like [Source:NCBI gene%3BAcc:106585358]
ENSSSAG00000072533	ssa11	.	rRNA	5S_rRNA	5S ribosomal RNA [Source:RFAM%3BAcc:RF00001]
ENSSSAG00000072546	ssa13	.	lncRNA		
ENSSSAG00000072553	ssa13	.	lncRNA		
ENSSSAG00000072554	ssa13	.	lncRNA		
ENSSSAG00000072558	ssa11	.	lncRNA		
ENSSSAG00000072562	ssa13	.	lncRNA		
ENSSSAG00000072563	ssa13	.	miRNA	ssa-mir-499b-1	ssa-mir-499b-1 [Source:miRBase%3BAcc:MI0026717]
ENSSSAG00000072589	ssa14	.	rRNA	5_8S_rRNA	5.8S ribosomal RNA [Source:RFAM%3BAcc:RF00002]
ENSSSAG00000072595	ssa17	.	snRNA	U2	U2 spliceosomal RNA [Source:RFAM%3BAcc:RF00004]
ENSSSAG00000072597	ssa17	.	pseudogene		
ENSSSAG00000072658	ssa20	.	lncRNA		
ENSSSAG00000072661	ssa20	.	miRNA	ssa-mir-142b	ssa-mir-142b [Source:miRBase%3BAcc:MI0026502]
ENSSSAG00000072694	ssa01	.	lncRNA		
ENSSSAG00000072703	ssa12	.	snoRNA		
ENSSSAG00000072704	ssa12	.	snoRNA		
ENSSSAG00000072706	ssa12	.	snoRNA		
ENSSSAG00000072720	ssa17	.	lncRNA		
ENSSSAG00000072723	ssa22	.	pseudogene		
ENSSSAG00000072726	ssa26	.	protein_coding	esrp2	epithelial splicing regulatory protein 2-like [Source:NCBI gene%3BAcc:106587606]
ENSSSAG00000072732	ssa12	.	lncRNA		
ENSSSAG00000072733	ssa12	.	miRNA	ssa-mir-216a	ssa-mir-216a [Source:miRBase%3BAcc:MI0026614]
ENSSSAG00000072754	ssa18	.	snRNA	U7	U7 small nuclear RNA [Source:RFAM%3BAcc:RF00066]
ENSSSAG00000072757	ssa18	.	pseudogene		
ENSSSAG00000072768	ssa23	.	snRNA	U7	U7 small nuclear RNA [Source:RFAM%3BAcc:RF00066]
ENSSSAG00000072769	ssa26	.	lncRNA		
ENSSSAG00000072770	ssa26	.	lncRNA		
ENSSSAG00000072809	ssa10	.	lncRNA		
ENSSSAG00000072811	ssa10	.	lncRNA		
ENSSSAG00000072826	ssa09	.	lncRNA		
ENSSSAG00000072828	ssa09	.	lncRNA		
ENSSSAG00000072829	ssa09	.	lncRNA		
ENSSSAG00000072830	ssa22	.	lncRNA		tumor necrosis factor receptor superfamily member 21-like [Source:NCBI gene%3BAcc:106582824]
ENSSSAG00000072858	ssa24	.	lncRNA		
ENSSSAG00000072869	ssa21	.	miRNA	ssa-mir-148b	ssa-mir-148b [Source:miRBase%3BAcc:MI0026514]
ENSSSAG00000072871	ssa21	.	lncRNA		
ENSSSAG00000072883	ssa19	.	snRNA	U1	U1 spliceosomal RNA [Source:RFAM%3BAcc:RF00003]
ENSSSAG00000072885	ssa19	.	lncRNA		
ENSSSAG00000072891	ssa19	.	lncRNA		
ENSSSAG00000072907	ssa17	.	lncRNA		
ENSSSAG00000072914	ssa19	.	pseudogene		
ENSSSAG00000072916	ssa21	.	miRNA	ssa-mir-10b-3	ssa-mir-10b-3 [Source:miRBase%3BAcc:MI0026446]
ENSSSAG00000072922	ssa16	.	lncRNA		
ENSSSAG00000072936	ssa21	.	lncRNA		
ENSSSAG00000072960	ssa02	.	miRNA	ssa-mir-7a-1	ssa-mir-7a-1 [Source:miRBase%3BAcc:MI0026745]
ENSSSAG00000072992	ssa24	.	lncRNA		
ENSSSAG00000073015	ssa01	.	lncRNA		
ENSSSAG00000073016	ssa01	.	lncRNA		
ENSSSAG00000073036	ssa10	.	snoRNA		
ENSSSAG00000073040	ssa13	.	lncRNA		
ENSSSAG00000073077	ssa15	.	scaRNA		
ENSSSAG00000073085	ssa15	.	protein_coding	MAPK	mitogen-activated protein kinase 14A-like [Source:NCBI gene%3BAcc:106572737]
ENSSSAG00000073086	ssa06	.	snRNA	U7	U7 small nuclear RNA [Source:RFAM%3BAcc:RF00066]
ENSSSAG00000073098	ssa17	.	lncRNA		
ENSSSAG00000073099	ssa17	.	lncRNA		
ENSSSAG00000073102	ssa17	.	protein_coding		
ENSSSAG00000073108	ssa15	.	lncRNA		
ENSSSAG00000073116	ssa17	.	lncRNA		
ENSSSAG00000073125	ssa04	.	snRNA	U7	U7 small nuclear RNA [Source:RFAM%3BAcc:RF00066]
ENSSSAG00000073135	ssa29	.	lncRNA		
ENSSSAG00000073154	ssa09	.	lncRNA		
ENSSSAG00000073162	ssa29	.	snoRNA		
ENSSSAG00000073170	ssa26	.	lncRNA		
ENSSSAG00000073186	ssa14	.	pseudogene		
ENSSSAG00000073213	ssa14	.	lncRNA		
ENSSSAG00000073235	ssa10	.	lncRNA		
ENSSSAG00000073238	ssa20	.	protein_coding	DBNL	drebrin-like protein B [Source:NCBI gene%3BAcc:106579831]
ENSSSAG00000073260	ssa11	.	lncRNA		
ENSSSAG00000073277	ssa23	.	lncRNA		
ENSSSAG00000073284	ssa23	.	pseudogene		
ENSSSAG00000073287	ssa11	.	lncRNA		
ENSSSAG00000073318	ssa14	.	snoRNA		
ENSSSAG00000073322	ssa22	.	protein_coding	stk35l	serine/threonine-protein kinase 35-like [Source:NCBI gene%3BAcc:106583621]
ENSSSAG00000073345	ssa05	.	protein_coding	iqgap3	ras GTPase-activating-like protein IQGAP3 [Source:NCBI gene%3BAcc:106605450]
ENSSSAG00000073351	ssa15	.	miRNA	ssa-mir-29b-3	ssa-mir-29b-3 [Source:miRBase%3BAcc:MI0026667]
ENSSSAG00000073385	ssa14	.	pseudogene		
ENSSSAG00000073389	ssa15	.	lncRNA		dentin sialophosphoprotein-like [Source:NCBI gene%3BAcc:106570888]
ENSSSAG00000073390	ssa25	.	snRNA	U2	U2 spliceosomal RNA [Source:RFAM%3BAcc:RF00004]
ENSSSAG00000073392	ssa15	.	miRNA	ssa-mir-130a-1	ssa-mir-130a-1 [Source:miRBase%3BAcc:MI0026468]
ENSSSAG00000073394	ssa15	.	miRNA	ssa-mir-454	ssa-mir-454 [Source:miRBase%3BAcc:MI0026704]
ENSSSAG00000073395	ssa15	.	miRNA	ssa-mir-301c	ssa-mir-301c [Source:miRBase%3BAcc:MI0026672]
ENSSSAG00000073398	ssa15	.	miRNA	ssa-mir-130d-2	ssa-mir-130d-2 [Source:miRBase%3BAcc:MI0026473]
ENSSSAG00000073403	ssa01	.	protein_coding	GCNT4	beta-1%2C3-galactosyl-O-glycosyl-glycoprotein beta-1%2C6-N-acetylglucosaminyltransferase 4-like [Source:NCBI gene%3BAcc:106562139]
ENSSSAG00000073410	ssa25	.	lncRNA		
ENSSSAG00000073422	ssa23	.	scaRNA		
ENSSSAG00000073433	ssa15	.	miRNA	ssa-mir-8160-1	ssa-mir-8160-1 [Source:miRBase%3BAcc:MI0026785]
ENSSSAG00000073458	ssa14	.	lncRNA		
ENSSSAG00000073477	ssa05	.	lncRNA		
ENSSSAG00000073489	ssa25	.	lncRNA		
ENSSSAG00000073497	ssa13	.	lncRNA		
ENSSSAG00000073504	ssa13	.	lncRNA		
ENSSSAG00000073505	ssa13	.	lncRNA		
ENSSSAG00000073516	ssa23	.	lncRNA		
ENSSSAG00000073520	ssa13	.	miRNA	ssa-mir-142a-1	ssa-mir-142a-1 [Source:miRBase%3BAcc:MI0026500]
ENSSSAG00000073529	ssa15	.	pseudogene		basement membrane-specific heparan sulfate proteoglycan core protein [Source:NCBI gene%3BAcc:100380784]
ENSSSAG00000073547	ssa28	.	lncRNA		
ENSSSAG00000073548	ssa28	.	lncRNA		
ENSSSAG00000073586	ssa09	.	pseudogene		
ENSSSAG00000073610	ssa11	.	lncRNA		
ENSSSAG00000073624	ssa14	.	snRNA	U7	U7 small nuclear RNA [Source:RFAM%3BAcc:RF00066]
ENSSSAG00000073654	ssa14	.	lncRNA		
ENSSSAG00000073655	ssa14	.	pseudogene		
ENSSSAG00000073673	ssa26	.	lncRNA		
ENSSSAG00000073675	ssa26	.	lncRNA		
ENSSSAG00000073704	ssa20	.	protein_coding	dock5	dedicator of cytokinesis 5 [Source:NCBI gene%3BAcc:106579873]
ENSSSAG00000073714	ssa09	.	lncRNA		adhesion G-protein coupled receptor F1-like [Source:NCBI gene%3BAcc:106611346]
ENSSSAG00000073739	ssa19	.	lncRNA		
ENSSSAG00000073748	ssa19	.	pseudogene		
ENSSSAG00000073751	ssa14	.	lncRNA		
ENSSSAG00000073765	ssa15	.	lncRNA		
ENSSSAG00000073773	ssa11	.	lncRNA		
ENSSSAG00000073775	ssa11	.	lncRNA		
ENSSSAG00000073778	ssa15	.	lncRNA		
ENSSSAG00000073784	ssa10	.	lncRNA		
ENSSSAG00000073787	ssa19	.	lncRNA		
ENSSSAG00000073791	ssa11	.	lncRNA		
ENSSSAG00000073797	ssa14	.	snoRNA		
ENSSSAG00000073799	ssa14	.	snoRNA		
ENSSSAG00000073801	ssa14	.	snoRNA		
ENSSSAG00000073810	ssa15	.	lncRNA		
ENSSSAG00000073818	ssa23	.	pseudogene		
ENSSSAG00000073849	ssa01	.	snoRNA		
ENSSSAG00000073850	ssa01	.	snoRNA		
ENSSSAG00000073872	ssa14	.	lncRNA		uncharacterized LOC106570162 [Source:NCBI gene%3BAcc:106570162]
ENSSSAG00000073881	ssa13	.	miRNA	ssa-mir-146d-2	ssa-mir-146d-2 [Source:miRBase%3BAcc:MI0026512]
ENSSSAG00000073884	ssa16	.	lncRNA		
ENSSSAG00000073885	ssa16	.	miRNA	ssa-mir-27c-2	ssa-mir-27c-2 [Source:miRBase%3BAcc:MI0026662]
ENSSSAG00000073886	ssa16	.	miRNA	ssa-mir-24a-1	ssa-mir-24a-1 [Source:miRBase%3BAcc:MI0026644]
ENSSSAG00000073891	ssa22	.	lncRNA		
ENSSSAG00000073901	ssa14	.	miRNA	ssa-mir-199a-3	ssa-mir-199a-3 [Source:miRBase%3BAcc:MI0026567]
ENSSSAG00000073903	ssa14	.	miRNA	ssa-mir-214-3	ssa-mir-214-3 [Source:miRBase%3BAcc:MI0026613]
ENSSSAG00000073909	ssa09	.	lncRNA		
ENSSSAG00000073912	ssa09	.	pseudogene		
ENSSSAG00000073920	ssa24	.	pseudogene		
ENSSSAG00000073945	ssa24	.	miRNA	ssa-mir-204-4	ssa-mir-204-4 [Source:miRBase%3BAcc:MI0026593]
ENSSSAG00000073950	ssa01	.	lncRNA		
ENSSSAG00000073982	ssa26	.	lncRNA		
ENSSSAG00000074000	ssa24	.	protein_coding	cemip2	transmembrane protein 2-like [Source:NCBI gene%3BAcc:106585357]
ENSSSAG00000074021	ssa13	.	scaRNA		
ENSSSAG00000074030	ssa26	.	snoRNA		
ENSSSAG00000074065	ssa19	.	lncRNA		
ENSSSAG00000074066	ssa19	.	lncRNA		
ENSSSAG00000074077	ssa06	.	lncRNA		
ENSSSAG00000074081	ssa27	.	lncRNA		
ENSSSAG00000074084	ssa27	.	lncRNA		
ENSSSAG00000074085	ssa27	.	pseudogene		
ENSSSAG00000074086	ssa20	.	lncRNA		
ENSSSAG00000074091	ssa27	.	miRNA	ssa-mir-125b-2	ssa-mir-125b-2 [Source:miRBase%3BAcc:MI0026455]
ENSSSAG00000074100	ssa27	.	lncRNA		
ENSSSAG00000074102	ssa12	.	lncRNA		
ENSSSAG00000074108	ssa27	.	lncRNA		
ENSSSAG00000074118	ssa09	.	lncRNA		
ENSSSAG00000074145	ssa13	.	snRNA	U5	U5 spliceosomal RNA [Source:RFAM%3BAcc:RF00020]
ENSSSAG00000074164	ssa25	.	protein_coding	mylka	myosin light chain kinase%2C smooth muscle-like [Source:NCBI gene%3BAcc:106586160]
ENSSSAG00000074194	ssa01	.	lncRNA		uncharacterized LOC106607043 [Source:NCBI gene%3BAcc:106607043]
ENSSSAG00000074201	ssa17	.	lncRNA		
ENSSSAG00000074244	ssa15	.	miRNA	ssa-mir-449b	ssa-mir-449b [Source:miRBase%3BAcc:MI0026703]
ENSSSAG00000074269	ssa14	.	snRNA	U6	U6 spliceosomal RNA [Source:RFAM%3BAcc:RF00026]
ENSSSAG00000074279	ssa15	.	lncRNA		
ENSSSAG00000074280	ssa15	.	lncRNA		
ENSSSAG00000074286	ssa15	.	lncRNA		
ENSSSAG00000074289	ssa12	.	lncRNA		
ENSSSAG00000074305	ssa03	.	snoRNA		
ENSSSAG00000074356	ssa16	.	lncRNA		
ENSSSAG00000074357	ssa16	.	lncRNA		
ENSSSAG00000074391	ssa15	.	pseudogene		
ENSSSAG00000074416	ssa09	.	lncRNA		
ENSSSAG00000074431	ssa17	.	snRNA	U7	U7 small nuclear RNA [Source:RFAM%3BAcc:RF00066]
ENSSSAG00000074432	ssa17	.	scaRNA		
ENSSSAG00000074451	ssa08	.	lncRNA		
ENSSSAG00000074453	ssa08	.	protein_coding		zinc finger protein 827-like [Source:NCBI gene%3BAcc:106610196]
ENSSSAG00000074458	ssa08	.	protein_coding	pou4f2	POU domain%2C class 4%2C transcription factor 2-like [Source:NCBI gene%3BAcc:106610199]
ENSSSAG00000074471	ssa09	.	lncRNA		
ENSSSAG00000074482	ssa01	.	pseudogene		
ENSSSAG00000074483	ssa01	.	lncRNA		
ENSSSAG00000074505	ssa01	.	lncRNA		
ENSSSAG00000074532	ssa04	.	protein_coding	gne	bifunctional UDP-N-acetylglucosamine 2-epimerase/N-acetylmannosamine kinase-like [Source:NCBI gene%3BAcc:106602595]
ENSSSAG00000074557	ssa15	.	snRNA	U7	U7 small nuclear RNA [Source:RFAM%3BAcc:RF00066]
ENSSSAG00000074585	ssa13	.	miRNA	ssa-mir-29b-3	ssa-mir-29b-3 [Source:miRBase%3BAcc:MI0026667]
ENSSSAG00000074594	ssa01	.	lncRNA		
ENSSSAG00000074604	ssa20	.	lncRNA		
ENSSSAG00000074641	ssa15	.	snRNA	U2	U2 spliceosomal RNA [Source:RFAM%3BAcc:RF00004]
ENSSSAG00000074648	ssa15	.	lncRNA		uncharacterized LOC106571733 [Source:NCBI gene%3BAcc:106571733]
ENSSSAG00000074674	ssa05	.	lncRNA		
ENSSSAG00000074684	ssa15	.	pseudogene		
ENSSSAG00000074685	ssa04	.	lncRNA		T-cell surface glycoprotein CD5-like [Source:NCBI gene%3BAcc:106602649]
ENSSSAG00000074698	ssa04	.	lncRNA		
ENSSSAG00000074700	ssa04	.	lncRNA		
ENSSSAG00000074727	ssa21	.	pseudogene		
ENSSSAG00000074751	ssa17	.	miRNA	ssa-mir-222b	ssa-mir-222b [Source:miRBase%3BAcc:MI0026632]
ENSSSAG00000074764	ssa21	.	lncRNA		
ENSSSAG00000074778	ssa09	.	snoRNA		
ENSSSAG00000074795	ssa14	.	miRNA	ssa-mir-26a-6	ssa-mir-26a-6 [Source:miRBase%3BAcc:MI0026654]
ENSSSAG00000074805	ssa24	.	snRNA	U7	U7 small nuclear RNA [Source:RFAM%3BAcc:RF00066]
ENSSSAG00000074807	ssa10	.	lncRNA		
ENSSSAG00000074829	ssa10	.	miRNA	ssa-mir-725-2	ssa-mir-725-2 [Source:miRBase%3BAcc:MI0026731]
ENSSSAG00000074861	ssa13	.	miRNA	ssa-mir-205b-4	ssa-mir-205b-4 [Source:miRBase%3BAcc:MI0026599]
ENSSSAG00000074863	ssa26	.	protein_coding	CHST8	carbohydrate sulfotransferase 8-like [Source:NCBI gene%3BAcc:106587564]
ENSSSAG00000074887	ssa21	.	lncRNA		
ENSSSAG00000074895	ssa15	.	protein_coding	TAAR5	trace amine associated receptor 5 [Source:HGNC Symbol%3BAcc:HGNC:30236]
ENSSSAG00000074908	ssa14	.	lncRNA		
ENSSSAG00000074918	ssa23	.	protein_coding	sgf29	SAGA-associated factor 29 homolog [Source:NCBI gene%3BAcc:106583938]
ENSSSAG00000074931	ssa23	.	lncRNA		
ENSSSAG00000074956	ssa15	.	lncRNA		
ENSSSAG00000074961	ssa03	.	pseudogene		obscurin-like [Source:NCBI gene%3BAcc:106599860]
ENSSSAG00000074982	ssa15	.	snRNA	U5	U5 spliceosomal RNA [Source:RFAM%3BAcc:RF00020]
ENSSSAG00000074984	ssa10	.	lncRNA		
ENSSSAG00000074986	ssa10	.	lncRNA		
ENSSSAG00000074987	ssa15	.	protein_coding	tl/lrr	toll-like leucine-rich repeat [Source:NCBI gene%3BAcc:100136921]
ENSSSAG00000074991	ssa20	.	lncRNA		
ENSSSAG00000075011	ssa20	.	pseudogene		
ENSSSAG00000075017	ssa10	.	lncRNA		
ENSSSAG00000075028	ssa20	.	snoRNA		
ENSSSAG00000075032	ssa10	.	lncRNA		
ENSSSAG00000075043	ssa20	.	protein_coding	habp4	hyaluronan binding protein 4 [Source:NCBI gene%3BAcc:106580612]
ENSSSAG00000075064	ssa05	.	lncRNA		
ENSSSAG00000075072	ssa03	.	lncRNA		
ENSSSAG00000075078	ssa09	.	lncRNA		
ENSSSAG00000075103	ssa20	.	lncRNA		
ENSSSAG00000075147	ssa13	.	lncRNA		uncharacterized LOC106568064 [Source:NCBI gene%3BAcc:106568064]
ENSSSAG00000075152	ssa22	.	lncRNA		
ENSSSAG00000075161	ssa15	.	snoRNA		
ENSSSAG00000075163	ssa15	.	snoRNA		
ENSSSAG00000075164	ssa15	.	snoRNA		
ENSSSAG00000075165	ssa15	.	snoRNA		
ENSSSAG00000075170	ssa15	.	snoRNA		
ENSSSAG00000075172	ssa15	.	snoRNA		
ENSSSAG00000075173	ssa15	.	snoRNA		
ENSSSAG00000075174	ssa15	.	snoRNA		
ENSSSAG00000075175	ssa15	.	snoRNA		
ENSSSAG00000075177	ssa15	.	snoRNA		
ENSSSAG00000075179	ssa15	.	snoRNA		
ENSSSAG00000075180	ssa15	.	snoRNA		
ENSSSAG00000075181	ssa15	.	snoRNA		
ENSSSAG00000075182	ssa15	.	snoRNA		
ENSSSAG00000075184	ssa15	.	snoRNA		
ENSSSAG00000075186	ssa15	.	snoRNA		
ENSSSAG00000075187	ssa15	.	snoRNA		
ENSSSAG00000075188	ssa15	.	snoRNA		
ENSSSAG00000075190	ssa15	.	snoRNA		
ENSSSAG00000075191	ssa15	.	snoRNA		
ENSSSAG00000075192	ssa15	.	snoRNA		
ENSSSAG00000075193	ssa15	.	snoRNA		
ENSSSAG00000075194	ssa15	.	snoRNA		
ENSSSAG00000075196	ssa15	.	snoRNA		
ENSSSAG00000075200	ssa03	.	miRNA	ssa-mir-460-1	ssa-mir-460-1 [Source:miRBase%3BAcc:MI0026710]
ENSSSAG00000075212	ssa15	.	scaRNA		
ENSSSAG00000075213	ssa13	.	lncRNA		
ENSSSAG00000075215	ssa15	.	protein_coding	zgc:195245	protein FAM107B-like [Source:NCBI gene%3BAcc:106572782]
ENSSSAG00000075248	ssa19	.	lncRNA		
ENSSSAG00000075249	ssa15	.	protein_coding		transmembrane protease serine 12-like [Source:NCBI gene%3BAcc:106572794]
ENSSSAG00000075264	ssa19	.	lncRNA		
ENSSSAG00000075266	ssa19	.	lncRNA		
ENSSSAG00000075273	ssa14	.	lncRNA		
ENSSSAG00000075286	ssa20	.	snRNA	U7	U7 small nuclear RNA [Source:RFAM%3BAcc:RF00066]
ENSSSAG00000075289	ssa10	.	miRNA	ssa-mir-183-1	ssa-mir-183-1 [Source:miRBase%3BAcc:MI0026544]
ENSSSAG00000075291	ssa10	.	miRNA	ssa-mir-96-2	ssa-mir-96-2 [Source:miRBase%3BAcc:MI0026766]
ENSSSAG00000075297	ssa01	.	miRNA	ssa-mir-30a-1	ssa-mir-30a-1 [Source:miRBase%3BAcc:MI0026676]
ENSSSAG00000075305	ssa21	.	protein_coding		
ENSSSAG00000075306	ssa13	.	pseudogene		
ENSSSAG00000075309	ssa17	.	lncRNA		
ENSSSAG00000075336	ssa18	.	lncRNA		
ENSSSAG00000075340	ssa17	.	lncRNA		
ENSSSAG00000075349	ssa22	.	lncRNA		
ENSSSAG00000075358	ssa17	.	lncRNA		
ENSSSAG00000075363	ssa23	.	lncRNA		
ENSSSAG00000075366	ssa12	.	pseudogene		
ENSSSAG00000075373	ssa17	.	protein_coding		
ENSSSAG00000075374	ssa17	.	protein_coding		
ENSSSAG00000075377	ssa11	.	lncRNA		
ENSSSAG00000075384	ssa21	.	miRNA	ssa-mir-153a-1	ssa-mir-153a-1 [Source:miRBase%3BAcc:MI0026517]
ENSSSAG00000075386	ssa21	.	lncRNA		
ENSSSAG00000075392	ssa20	.	miRNA	ssa-mir-181a-1	ssa-mir-181a-1 [Source:miRBase%3BAcc:MI0026536]
ENSSSAG00000075398	ssa10	.	lncRNA		
ENSSSAG00000075405	ssa12	.	lncRNA		
ENSSSAG00000075413	ssa17	.	lncRNA		
ENSSSAG00000075441	ssa23	.	pseudogene		
ENSSSAG00000075445	ssa01	.	processed_pseudogene		
ENSSSAG00000075452	ssa28	.	pseudogene		
ENSSSAG00000075462	ssa03	.	lncRNA		
ENSSSAG00000075475	ssa16	.	snRNA	U7	U7 small nuclear RNA [Source:RFAM%3BAcc:RF00066]
ENSSSAG00000075478	ssa16	.	lncRNA		
ENSSSAG00000075479	ssa22	.	lncRNA		
ENSSSAG00000075499	ssa11	.	lncRNA		
ENSSSAG00000075504	ssa09	.	lncRNA		
ENSSSAG00000075507	ssa11	.	lncRNA		
ENSSSAG00000075515	ssa15	.	lncRNA		
ENSSSAG00000075522	ssa20	.	lncRNA		uncharacterized LOC106580363 [Source:NCBI gene%3BAcc:106580363]
ENSSSAG00000075529	ssa13	.	snRNA	U7	U7 small nuclear RNA [Source:RFAM%3BAcc:RF00066]
ENSSSAG00000075530	ssa13	.	miRNA	ssa-let-7c-1	ssa-let-7c-1 [Source:miRBase%3BAcc:MI0026423]
ENSSSAG00000075531	ssa13	.	miRNA	ssa-mir-99-2	ssa-mir-99-2 [Source:miRBase%3BAcc:MI0026768]
ENSSSAG00000075537	ssa18	.	lncRNA		
ENSSSAG00000075539	ssa18	.	lncRNA		
ENSSSAG00000075540	ssa18	.	lncRNA		
ENSSSAG00000075549	ssa15	.	protein_coding	meis2a	homeobox protein Meis2-like [Source:NCBI gene%3BAcc:106571644]
ENSSSAG00000075551	ssa28	.	lncRNA		
ENSSSAG00000075591	ssa14	.	pseudogene		
ENSSSAG00000075596	ssa03	.	miRNA	ssa-mir-736	ssa-mir-736 [Source:miRBase%3BAcc:MI0026738]
ENSSSAG00000075599	ssa03	.	lncRNA		
ENSSSAG00000075622	ssa03	.	lncRNA		
ENSSSAG00000075625	ssa14	.	lncRNA		
ENSSSAG00000075632	ssa17	.	lncRNA		
ENSSSAG00000075645	ssa09	.	lncRNA		
ENSSSAG00000075671	ssa10	.	miRNA	ssa-mir-210-2	ssa-mir-210-2 [Source:miRBase%3BAcc:MI0026606]
ENSSSAG00000075673	ssa24	.	protein_coding	F108B	alpha/beta hydrolase domain-containing protein 17B [Source:NCBI gene%3BAcc:106585356]
ENSSSAG00000075675	ssa24	.	protein_coding	CI085	uncharacterized protein C9orf85 homolog [Source:NCBI gene%3BAcc:106585355]
ENSSSAG00000075677	ssa24	.	protein_coding	gda	guanine deaminase-like [Source:NCBI gene%3BAcc:106585354]
ENSSSAG00000075680	ssa24	.	protein_coding	zfand5a	AN1-type zinc finger protein 5-like [Source:NCBI gene%3BAcc:106585353]
ENSSSAG00000075683	ssa10	.	lncRNA		
ENSSSAG00000075684	ssa24	.	lncRNA		
ENSSSAG00000075688	ssa24	.	protein_coding	tmc2b	transmembrane channel-like protein 2 [Source:NCBI gene%3BAcc:106585352]
ENSSSAG00000075704	ssa03	.	lncRNA		
ENSSSAG00000075723	ssa24	.	protein_coding	cyp1d1	cytochrome P450 1A1-like [Source:NCBI gene%3BAcc:106585351]
ENSSSAG00000075743	ssa24	.	lncRNA		
ENSSSAG00000075798	ssa21	.	miRNA	ssa-mir-92a-1	ssa-mir-92a-1 [Source:miRBase%3BAcc:MI0026758]
ENSSSAG00000075799	ssa21	.	miRNA	ssa-mir-19c-4	ssa-mir-19c-4 [Source:miRBase%3BAcc:MI0026575]
ENSSSAG00000075801	ssa21	.	miRNA	ssa-mir-20a-2	ssa-mir-20a-2 [Source:miRBase%3BAcc:MI0026602]
ENSSSAG00000075802	ssa21	.	miRNA	ssa-mir-19a-2	ssa-mir-19a-2 [Source:miRBase%3BAcc:MI0026571]
ENSSSAG00000075803	ssa21	.	miRNA	ssa-mir-17-2	ssa-mir-17-2 [Source:miRBase%3BAcc:MI0026534]
ENSSSAG00000075808	ssa21	.	lncRNA		
ENSSSAG00000075833	ssa06	.	snoRNA		
ENSSSAG00000075835	ssa06	.	snoRNA		
ENSSSAG00000075848	ssa13	.	lncRNA		
ENSSSAG00000075861	ssa13	.	pseudogene		calmodulin-binding transcription activator 1-like [Source:NCBI gene%3BAcc:106567259]
ENSSSAG00000075868	ssa13	.	lncRNA		
ENSSSAG00000075869	ssa13	.	lncRNA		
ENSSSAG00000075870	ssa13	.	lncRNA		
ENSSSAG00000075880	ssa02	.	lncRNA		
ENSSSAG00000075887	ssa26	.	lncRNA		
ENSSSAG00000075896	ssa26	.	protein_coding	irx3a	iroquois-class homeodomain protein irx-3-like [Source:NCBI gene%3BAcc:106587630]
ENSSSAG00000075898	ssa02	.	snRNA	U7	U7 small nuclear RNA [Source:RFAM%3BAcc:RF00066]
ENSSSAG00000075904	ssa01	.	pseudogene		
ENSSSAG00000075911	ssa21	.	protein_coding	ptprna	receptor-type tyrosine-protein phosphatase-like N [Source:NCBI gene%3BAcc:106582521]
ENSSSAG00000075933	ssa21	.	miRNA	ssa-mir-153a-1	ssa-mir-153a-1 [Source:miRBase%3BAcc:MI0026517]
ENSSSAG00000075936	ssa20	.	pseudogene		
ENSSSAG00000075944	ssa20	.	lncRNA		
ENSSSAG00000075948	ssa26	.	protein_coding	taldo1	transaldolase-like [Source:NCBI gene%3BAcc:106587651]
ENSSSAG00000075951	ssa24	.	lncRNA		
ENSSSAG00000075959	ssa18	.	lncRNA		
ENSSSAG00000075967	ssa13	.	snRNA	U7	U7 small nuclear RNA [Source:RFAM%3BAcc:RF00066]
ENSSSAG00000075969	ssa20	.	pseudogene		
ENSSSAG00000075977	ssa09	.	snoRNA		
ENSSSAG00000075978	ssa01	.	lncRNA		
ENSSSAG00000075980	ssa09	.	snoRNA		
ENSSSAG00000075981	ssa09	.	snoRNA		
ENSSSAG00000075983	ssa13	.	lncRNA		
ENSSSAG00000075993	ssa24	.	protein_coding	anxa1a	annexin A1-like [Source:NCBI gene%3BAcc:106585350]
ENSSSAG00000076000	ssa26	.	protein_coding	sin3ab	paired amphipathic helix protein Sin3a-like [Source:NCBI gene%3BAcc:106587652]
ENSSSAG00000076004	ssa09	.	pseudogene		claudin-3-like [Source:NCBI gene%3BAcc:106612823]
ENSSSAG00000076006	ssa18	.	lncRNA		
ENSSSAG00000076007	ssa18	.	lncRNA		
ENSSSAG00000076010	ssa09	.	pseudogene		
ENSSSAG00000076019	ssa09	.	protein_coding	cldnj	claudin-4-like [Source:NCBI gene%3BAcc:106612921]
ENSSSAG00000076027	ssa01	.	lncRNA		
ENSSSAG00000076034	ssa27	.	lncRNA		
ENSSSAG00000076035	ssa27	.	lncRNA		
ENSSSAG00000076095	ssa21	.	pseudogene		
ENSSSAG00000076099	ssa16	.	pseudogene		
ENSSSAG00000076113	ssa24	.	lncRNA		
ENSSSAG00000076117	ssa24	.	lncRNA		
ENSSSAG00000076129	ssa09	.	protein_coding	RAP2C	ras-related protein Rap-2c [Source:NCBI gene%3BAcc:106611684]
ENSSSAG00000076131	ssa25	.	lncRNA		
ENSSSAG00000076132	ssa16	.	lncRNA		
ENSSSAG00000076134	ssa25	.	pseudogene		
ENSSSAG00000076138	ssa25	.	lncRNA		
ENSSSAG00000076144	ssa25	.	pseudogene		
ENSSSAG00000076168	ssa20	.	lncRNA		
ENSSSAG00000076188	ssa12	.	lncRNA		
ENSSSAG00000076190	ssa12	.	lncRNA		
ENSSSAG00000076209	ssa26	.	snoRNA		
ENSSSAG00000076211	ssa24	.	protein_coding	H1	histone H1-like [Source:NCBI gene%3BAcc:106585833]
ENSSSAG00000076212	ssa26	.	snoRNA		
ENSSSAG00000076240	ssa12	.	snoRNA		
ENSSSAG00000076251	ssa20	.	miRNA	ssa-mir-21a-2	ssa-mir-21a-2 [Source:miRBase%3BAcc:MI0026627]
ENSSSAG00000076258	ssa24	.	lncRNA		
ENSSSAG00000076269	ssa15	.	lncRNA		
ENSSSAG00000076273	ssa15	.	lncRNA		
ENSSSAG00000076297	ssa10	.	lncRNA		
ENSSSAG00000076305	ssa15	.	lncRNA		
ENSSSAG00000076306	ssa24	.	protein_coding	anxa1a	annexin A1-like [Source:NCBI gene%3BAcc:106585349]
ENSSSAG00000076327	ssa03	.	lncRNA		
ENSSSAG00000076365	ssa16	.	snRNA	U7	U7 small nuclear RNA [Source:RFAM%3BAcc:RF00066]
ENSSSAG00000076374	ssa13	.	lncRNA		
ENSSSAG00000076383	ssa16	.	miRNA	ssa-mir-210-2	ssa-mir-210-2 [Source:miRBase%3BAcc:MI0026606]
ENSSSAG00000076389	ssa16	.	lncRNA		
ENSSSAG00000076409	ssa15	.	lncRNA		
ENSSSAG00000076415	ssa22	.	snRNA	U4	U4 spliceosomal RNA [Source:RFAM%3BAcc:RF00015]
ENSSSAG00000076416	ssa22	.	lncRNA		
ENSSSAG00000076439	ssa06	.	lncRNA		
ENSSSAG00000076455	ssa14	.	lncRNA		uncharacterized LOC106568869 [Source:NCBI gene%3BAcc:106568869]
ENSSSAG00000076470	ssa13	.	pseudogene		
ENSSSAG00000076496	ssa05	.	lncRNA		
ENSSSAG00000076498	ssa05	.	protein_coding	nanos1	nanos homolog 1 [Source:NCBI gene%3BAcc:322903]
ENSSSAG00000076507	ssa20	.	miRNA	ssa-mir-15c-1	ssa-mir-15c-1 [Source:miRBase%3BAcc:MI0026524]
ENSSSAG00000076513	ssa10	.	miRNA		
ENSSSAG00000076514	ssa06	.	snoRNA	SNORA73	Small nucleolar RNA SNORA73 family [Source:RFAM%3BAcc:RF00045]
ENSSSAG00000076515	ssa06	.	snoRNA	SNORA73	Small nucleolar RNA SNORA73 family [Source:RFAM%3BAcc:RF00045]
ENSSSAG00000076516	ssa20	.	miRNA	ssa-mir-16b	ssa-mir-16b [Source:miRBase%3BAcc:MI0026530]
ENSSSAG00000076517	ssa06	.	snoRNA	SNORA73	Small nucleolar RNA SNORA73 family [Source:RFAM%3BAcc:RF00045]
ENSSSAG00000076521	ssa06	.	snoRNA	SNORA73	Small nucleolar RNA SNORA73 family [Source:RFAM%3BAcc:RF00045]
ENSSSAG00000076523	ssa11	.	snoRNA		
ENSSSAG00000076524	ssa11	.	snoRNA		
ENSSSAG00000076526	ssa19	.	pseudogene		
ENSSSAG00000076541	ssa03	.	pseudogene		
ENSSSAG00000076549	ssa17	.	lncRNA		
ENSSSAG00000076580	ssa01	.	pseudogene		
ENSSSAG00000076588	ssa07	.	lncRNA		
ENSSSAG00000076590	ssa07	.	lncRNA		
ENSSSAG00000076600	ssa11	.	pseudogene		gap junction delta-2 protein-like [Source:NCBI gene%3BAcc:106562555]
ENSSSAG00000076604	ssa01	.	lncRNA		
ENSSSAG00000076608	ssa26	.	lncRNA		
ENSSSAG00000076613	ssa17	.	lncRNA		
ENSSSAG00000076638	ssa12	.	pseudogene		
ENSSSAG00000076641	ssa11	.	protein_coding	saxo2	stabilizer of axonemal microtubules 2-like [Source:NCBI gene%3BAcc:106562561]
ENSSSAG00000076646	ssa12	.	lncRNA		
ENSSSAG00000076647	ssa12	.	pseudogene		
ENSSSAG00000076666	ssa04	.	miRNA	ssa-mir-21b	ssa-mir-21b [Source:miRBase%3BAcc:MI0026628]
ENSSSAG00000076676	ssa02	.	processed_pseudogene		
ENSSSAG00000076678	ssa02	.	lncRNA		
ENSSSAG00000076681	ssa02	.	lncRNA		
ENSSSAG00000076690	ssa01	.	lncRNA		
ENSSSAG00000076693	ssa11	.	protein_coding	slc35c1	GDP-fucose transporter 1-like [Source:NCBI gene%3BAcc:106562569]
ENSSSAG00000076704	ssa22	.	protein_coding		protein-glutamine gamma-glutamyltransferase 2-like [Source:NCBI gene%3BAcc:106583714]
ENSSSAG00000076709	ssa24	.	protein_coding		zinc finger protein 462-like [Source:NCBI gene%3BAcc:106585746]
ENSSSAG00000076711	ssa05	.	lncRNA		
ENSSSAG00000076720	ssa17	.	snRNA		
ENSSSAG00000076723	ssa08	.	protein_coding		uncharacterized LOC106610234 [Source:NCBI gene%3BAcc:106610234]
ENSSSAG00000076728	ssa08	.	protein_coding		
ENSSSAG00000076732	ssa24	.	protein_coding	mfsd10	major facilitator superfamily domain-containing protein 10-like [Source:NCBI gene%3BAcc:106585745]
ENSSSAG00000076736	ssa13	.	lncRNA		
ENSSSAG00000076743	ssa08	.	protein_coding	elmod2	ELMO domain-containing protein 2-like [Source:NCBI gene%3BAcc:106610238]
ENSSSAG00000076771	ssa24	.	protein_coding	prlrb	prolactin receptor-like [Source:NCBI gene%3BAcc:106585630]
ENSSSAG00000076775	ssa20	.	lncRNA		cylicin-1-like [Source:NCBI gene%3BAcc:106580802]
ENSSSAG00000076776	ssa20	.	lncRNA		
ENSSSAG00000076784	ssa03	.	lncRNA		
ENSSSAG00000076788	ssa03	.	lncRNA		
ENSSSAG00000076789	ssa03	.	lncRNA		uncharacterized protein DDB_G0290685-like [Source:NCBI gene%3BAcc:106599960]
ENSSSAG00000076790	ssa20	.	lncRNA		
ENSSSAG00000076791	ssa20	.	lncRNA		
ENSSSAG00000076809	ssa14	.	snoRNA		
ENSSSAG00000076811	ssa14	.	snoRNA		
ENSSSAG00000076835	ssa03	.	snoRNA		
ENSSSAG00000076837	ssa02	.	lncRNA		
ENSSSAG00000076840	ssa12	.	miRNA		
ENSSSAG00000076842	ssa12	.	miRNA	ssa-mir-365-1	ssa-mir-365-1 [Source:miRBase%3BAcc:MI0026693]
ENSSSAG00000076843	ssa02	.	lncRNA		
ENSSSAG00000076844	ssa12	.	lncRNA		
ENSSSAG00000076845	ssa12	.	lncRNA		
ENSSSAG00000076853	ssa09	.	snRNA	U7	U7 small nuclear RNA [Source:RFAM%3BAcc:RF00066]
ENSSSAG00000076864	ssa03	.	lncRNA		
ENSSSAG00000076867	ssa13	.	snRNA	U5	U5 spliceosomal RNA [Source:RFAM%3BAcc:RF00020]
ENSSSAG00000076871	ssa13	.	snRNA	U2	U2 spliceosomal RNA [Source:RFAM%3BAcc:RF00004]
ENSSSAG00000076872	ssa13	.	snRNA	U5	U5 spliceosomal RNA [Source:RFAM%3BAcc:RF00020]
ENSSSAG00000076874	ssa29	.	lncRNA		uncharacterized LOC106590458 [Source:NCBI gene%3BAcc:106590458]
ENSSSAG00000076882	ssa05	.	lncRNA		
ENSSSAG00000076886	ssa16	.	miRNA	ssa-mir-96-2	ssa-mir-96-2 [Source:miRBase%3BAcc:MI0026766]
ENSSSAG00000076888	ssa16	.	miRNA	ssa-mir-183-2	ssa-mir-183-2 [Source:miRBase%3BAcc:MI0026545]
ENSSSAG00000076924	ssa01	.	lncRNA		
ENSSSAG00000076928	ssa12	.	lncRNA		uncharacterized LOC106564710 [Source:NCBI gene%3BAcc:106564710]
ENSSSAG00000076929	ssa12	.	lncRNA		
ENSSSAG00000076937	ssa06	.	snRNA	U7	U7 small nuclear RNA [Source:RFAM%3BAcc:RF00066]
ENSSSAG00000076938	ssa22	.	rRNA	5S_rRNA	5S ribosomal RNA [Source:RFAM%3BAcc:RF00001]
ENSSSAG00000076950	ssa13	.	miRNA	ssa-mir-135a	ssa-mir-135a [Source:miRBase%3BAcc:MI0026485]
ENSSSAG00000076965	ssa01	.	lncRNA		
ENSSSAG00000076970	ssa08	.	protein_coding	FAM13A	protein FAM13A-like [Source:NCBI gene%3BAcc:106610246]
ENSSSAG00000077010	ssa19	.	pseudogene		
ENSSSAG00000077017	ssa23	.	protein_coding	itgb1a	integrin beta-1-like [Source:NCBI gene%3BAcc:106583976]
ENSSSAG00000077021	ssa08	.	lncRNA		
ENSSSAG00000077025	ssa26	.	snoRNA		
ENSSSAG00000077031	ssa21	.	lncRNA		
ENSSSAG00000077039	ssa06	.	protein_coding		
ENSSSAG00000077063	ssa26	.	lncRNA		
ENSSSAG00000077071	ssa26	.	lncRNA		
ENSSSAG00000077073	ssa03	.	pseudogene		histone-lysine N-methyltransferase 2C-like [Source:NCBI gene%3BAcc:106599252]
ENSSSAG00000077091	ssa13	.	pseudogene		
ENSSSAG00000077093	ssa13	.	lncRNA		
ENSSSAG00000077094	ssa13	.	lncRNA		
ENSSSAG00000077095	ssa15	.	pseudogene		
ENSSSAG00000077098	ssa13	.	miRNA	ssa-mir-462b	ssa-mir-462b [Source:miRBase%3BAcc:MI0026713]
ENSSSAG00000077107	ssa13	.	lncRNA		
ENSSSAG00000077137	ssa10	.	pseudogene		
ENSSSAG00000077159	ssa22	.	miRNA	ssa-let-7e-2	ssa-let-7e-2 [Source:miRBase%3BAcc:MI0026757]
ENSSSAG00000077161	ssa22	.	miRNA	ssa-let-7a-4	ssa-let-7a-4 [Source:miRBase%3BAcc:MI0026743]
ENSSSAG00000077172	ssa17	.	protein_coding	gata3	transcription factor GATA-3-like [Source:NCBI gene%3BAcc:106576211]
ENSSSAG00000077181	ssa22	.	lncRNA		
ENSSSAG00000077195	ssa13	.	lncRNA		
ENSSSAG00000077211	ssa13	.	pseudogene		
ENSSSAG00000077226	ssa28	.	lncRNA		
ENSSSAG00000077229	ssa26	.	snoRNA	SNORA71	Small nucleolar RNA SNORA71 [Source:RFAM%3BAcc:RF00056]
ENSSSAG00000077231	ssa28	.	lncRNA		
ENSSSAG00000077239	ssa13	.	pseudogene		
ENSSSAG00000077240	ssa26	.	protein_coding		
ENSSSAG00000077243	ssa13	.	snRNA	U7	U7 small nuclear RNA [Source:RFAM%3BAcc:RF00066]
ENSSSAG00000077263	ssa24	.	lncRNA		
ENSSSAG00000077265	ssa26	.	lncRNA		
ENSSSAG00000077269	ssa20	.	lncRNA		melanoma inhibitory activity protein 3-like [Source:NCBI gene%3BAcc:106580716]
ENSSSAG00000077276	ssa20	.	lncRNA		
ENSSSAG00000077297	ssa13	.	lncRNA		
ENSSSAG00000077319	ssa17	.	lncRNA		
ENSSSAG00000077322	ssa02	.	lncRNA		
ENSSSAG00000077329	ssa13	.	lncRNA		
ENSSSAG00000077336	ssa13	.	pseudogene		
ENSSSAG00000077338	ssa07	.	lncRNA		
ENSSSAG00000077340	ssa02	.	lncRNA		
ENSSSAG00000077369	ssa15	.	snoRNA	SNORD15	Small nucleolar RNA SNORD15 [Source:RFAM%3BAcc:RF00067]
ENSSSAG00000077376	ssa15	.	pseudogene		
ENSSSAG00000077379	ssa12	.	lncRNA		
ENSSSAG00000077382	ssa12	.	lncRNA		
ENSSSAG00000077391	ssa15	.	miRNA		
ENSSSAG00000077441	ssa28	.	snoRNA		
ENSSSAG00000077446	ssa09	.	lncRNA		fibrous sheath CABYR-binding protein-like [Source:NCBI gene%3BAcc:106611779]
ENSSSAG00000077447	ssa09	.	lncRNA		
ENSSSAG00000077460	ssa01	.	rRNA	5_8S_rRNA	5.8S ribosomal RNA [Source:RFAM%3BAcc:RF00002]
ENSSSAG00000077479	ssa13	.	miRNA	ssa-mir-196a-3	ssa-mir-196a-3 [Source:miRBase%3BAcc:MI0026561]
ENSSSAG00000077503	ssa13	.	miRNA	ssa-mir-10b-4	ssa-mir-10b-4 [Source:miRBase%3BAcc:MI0026447]
ENSSSAG00000077537	ssa17	.	miRNA	ssa-mir-15e	ssa-mir-15e [Source:miRBase%3BAcc:MI0026527]
ENSSSAG00000077544	ssa09	.	snoRNA		
ENSSSAG00000077552	ssa23	.	lncRNA		
ENSSSAG00000077611	ssa09	.	protein_coding	RAP2C	ras-related protein Rap-2c [Source:NCBI gene%3BAcc:106611769]
ENSSSAG00000077623	ssa15	.	snRNA	U5	U5 spliceosomal RNA [Source:RFAM%3BAcc:RF00020]
ENSSSAG00000077624	ssa15	.	snRNA	U5	U5 spliceosomal RNA [Source:RFAM%3BAcc:RF00020]
ENSSSAG00000077646	ssa03	.	miRNA	MIR153-2	microRNA 153-2 [Source:HGNC Symbol%3BAcc:HGNC:31540]
ENSSSAG00000077649	ssa10	.	snRNA	U7	U7 small nuclear RNA [Source:RFAM%3BAcc:RF00066]
ENSSSAG00000077678	ssa17	.	protein_coding	rcbtb1	RCC1 and BTB domain-containing protein 1-like [Source:NCBI gene%3BAcc:106575507]
ENSSSAG00000077718	ssa27	.	lncRNA		
ENSSSAG00000077722	ssa14	.	lncRNA		
ENSSSAG00000077740	ssa14	.	pseudogene		
ENSSSAG00000077742	ssa10	.	rRNA	5S_rRNA	5S ribosomal RNA [Source:RFAM%3BAcc:RF00001]
ENSSSAG00000077743	ssa10	.	rRNA	5S_rRNA	5S ribosomal RNA [Source:RFAM%3BAcc:RF00001]
ENSSSAG00000077745	ssa10	.	rRNA	5S_rRNA	5S ribosomal RNA [Source:RFAM%3BAcc:RF00001]
ENSSSAG00000077756	ssa16	.	lncRNA		
ENSSSAG00000077764	ssa16	.	pseudogene		
ENSSSAG00000077775	ssa14	.	lncRNA		
ENSSSAG00000077794	ssa22	.	lncRNA		
ENSSSAG00000077795	ssa22	.	lncRNA		
ENSSSAG00000077797	ssa14	.	lncRNA		
ENSSSAG00000077801	ssa18	.	snRNA	U7	U7 small nuclear RNA [Source:RFAM%3BAcc:RF00066]
ENSSSAG00000077809	ssa15	.	pseudogene		
ENSSSAG00000077810	ssa22	.	lncRNA		
ENSSSAG00000077839	ssa27	.	lncRNA		
ENSSSAG00000077840	ssa27	.	lncRNA		
ENSSSAG00000077841	ssa27	.	lncRNA		
ENSSSAG00000077852	ssa04	.	snoRNA	SNORD83	Small nucleolar RNA SNORD83 [Source:RFAM%3BAcc:RF00137]
ENSSSAG00000077853	ssa04	.	snoRNA		
ENSSSAG00000077854	ssa04	.	snoRNA	SNORD83	Small nucleolar RNA SNORD83 [Source:RFAM%3BAcc:RF00137]
ENSSSAG00000077855	ssa04	.	snoRNA		
ENSSSAG00000077862	ssa04	.	lncRNA		
ENSSSAG00000077871	ssa29	.	lncRNA		
ENSSSAG00000077877	ssa04	.	miRNA	ssa-mir-106a-1	ssa-mir-106a-1 [Source:miRBase%3BAcc:MI0026438]
ENSSSAG00000077878	ssa04	.	miRNA	ssa-mir-93a-1	ssa-mir-93a-1 [Source:miRBase%3BAcc:MI0026763]
ENSSSAG00000077881	ssa04	.	miRNA	ssa-mir-25-1	ssa-mir-25-1 [Source:miRBase%3BAcc:MI0026646]
ENSSSAG00000077882	ssa04	.	snoRNA	U8	U8 small nucleolar RNA [Source:RFAM%3BAcc:RF00096]
ENSSSAG00000077895	ssa29	.	lncRNA		
ENSSSAG00000077908	ssa16	.	lncRNA		
ENSSSAG00000077934	ssa15	.	lncRNA		
ENSSSAG00000077936	ssa15	.	lncRNA		
ENSSSAG00000077944	ssa22	.	snRNA	U7	U7 small nuclear RNA [Source:RFAM%3BAcc:RF00066]
ENSSSAG00000077956	ssa12	.	lncRNA		
ENSSSAG00000077958	ssa20	.	lncRNA		
ENSSSAG00000077985	ssa04	.	lncRNA		
ENSSSAG00000078029	ssa18	.	snoRNA		
ENSSSAG00000078056	ssa20	.	protein_coding	atxn2	ataxin-2-like [Source:NCBI gene%3BAcc:106580186]
ENSSSAG00000078062	ssa12	.	lncRNA		
ENSSSAG00000078072	ssa24	.	lncRNA		
ENSSSAG00000078073	ssa24	.	snoRNA		
ENSSSAG00000078089	ssa18	.	lncRNA		
ENSSSAG00000078098	ssa15	.	lncRNA		
ENSSSAG00000078111	ssa18	.	snRNA	U7	U7 small nuclear RNA [Source:RFAM%3BAcc:RF00066]
ENSSSAG00000078128	ssa10	.	pseudogene		
ENSSSAG00000078132	ssa20	.	protein_coding	klhl22	kelch like family member 22 [Source:NCBI gene%3BAcc:106579870]
ENSSSAG00000078134	ssa15	.	pseudogene		
ENSSSAG00000078138	ssa20	.	snRNA	U7	U7 small nuclear RNA [Source:RFAM%3BAcc:RF00066]
ENSSSAG00000078156	ssa27	.	lncRNA		
ENSSSAG00000078165	ssa28	.	lncRNA		
ENSSSAG00000078166	ssa28	.	lncRNA		
ENSSSAG00000078170	ssa28	.	lncRNA		
ENSSSAG00000078172	ssa16	.	lncRNA		
ENSSSAG00000078177	ssa15	.	lncRNA		
ENSSSAG00000078186	ssa18	.	miRNA	ssa-mir-30d-1	ssa-mir-30d-1 [Source:miRBase%3BAcc:MI0026681]
ENSSSAG00000078187	ssa18	.	miRNA	ssa-mir-30a-2	ssa-mir-30a-2 [Source:miRBase%3BAcc:MI0026677]
ENSSSAG00000078196	ssa18	.	rRNA	5_8S_rRNA	5.8S ribosomal RNA [Source:RFAM%3BAcc:RF00002]
ENSSSAG00000078197	ssa18	.	lncRNA		
ENSSSAG00000078222	ssa24	.	lncRNA		
ENSSSAG00000078248	ssa01	.	lncRNA		
ENSSSAG00000078250	ssa22	.	snoRNA		
ENSSSAG00000078253	ssa22	.	snoRNA		
ENSSSAG00000078254	ssa19	.	snRNA	U7	U7 small nuclear RNA [Source:RFAM%3BAcc:RF00066]
ENSSSAG00000078256	ssa22	.	snoRNA		
ENSSSAG00000078257	ssa19	.	lncRNA		
ENSSSAG00000078258	ssa22	.	snoRNA		
ENSSSAG00000078274	ssa20	.	lncRNA		
ENSSSAG00000078287	ssa27	.	lncRNA		
ENSSSAG00000078290	ssa22	.	miRNA	ssa-mir-135b-3	ssa-mir-135b-3 [Source:miRBase%3BAcc:MI0026488]
ENSSSAG00000078296	ssa27	.	pseudogene		
ENSSSAG00000078321	ssa20	.	protein_coding	trafd1	MOB kinase activator 1A [Source:NCBI gene%3BAcc:106580353]
ENSSSAG00000078339	ssa04	.	lncRNA		
ENSSSAG00000078343	ssa22	.	lncRNA		
ENSSSAG00000078345	ssa22	.	lncRNA		
ENSSSAG00000078347	ssa22	.	lncRNA		
ENSSSAG00000078348	ssa22	.	lncRNA		
ENSSSAG00000078360	ssa18	.	protein_coding	plek	pleckstrin-like [Source:NCBI gene%3BAcc:106577000]
ENSSSAG00000078362	ssa27	.	snoRNA		
ENSSSAG00000078364	ssa27	.	snoRNA		
ENSSSAG00000078365	ssa27	.	snoRNA		
ENSSSAG00000078387	ssa18	.	lncRNA		
ENSSSAG00000078404	ssa19	.	protein_coding	dkk1b	dickkopf-related protein 1-like [Source:NCBI gene%3BAcc:106578949]
ENSSSAG00000078416	ssa26	.	protein_coding	tln2a	talin-2-like [Source:NCBI gene%3BAcc:106587676]
ENSSSAG00000078418	ssa17	.	miRNA	ssa-mir-29a	ssa-mir-29a [Source:miRBase%3BAcc:MI0026664]
ENSSSAG00000078420	ssa17	.	miRNA	ssa-mir-29b-2	ssa-mir-29b-2 [Source:miRBase%3BAcc:MI0026666]
ENSSSAG00000078427	ssa22	.	lncRNA		
ENSSSAG00000078431	ssa22	.	snRNA	U7	U7 small nuclear RNA [Source:RFAM%3BAcc:RF00066]
ENSSSAG00000078441	ssa19	.	lncRNA		
ENSSSAG00000078454	ssa14	.	miRNA	ssa-mir-125b-3	ssa-mir-125b-3 [Source:miRBase%3BAcc:MI0026456]
ENSSSAG00000078455	ssa14	.	miRNA	ssa-let-7d-2	ssa-let-7d-2 [Source:miRBase%3BAcc:MI0026755]
ENSSSAG00000078482	ssa05	.	lncRNA		
ENSSSAG00000078486	ssa07	.	lncRNA		
ENSSSAG00000078508	ssa01	.	snRNA	U7	U7 small nuclear RNA [Source:RFAM%3BAcc:RF00066]
ENSSSAG00000078527	ssa01	.	lncRNA		
ENSSSAG00000078535	ssa19	.	lncRNA		
ENSSSAG00000078541	ssa15	.	snRNA	U7	U7 small nuclear RNA [Source:RFAM%3BAcc:RF00066]
ENSSSAG00000078542	ssa27	.	snoRNA		
ENSSSAG00000078580	ssa28	.	lncRNA		
ENSSSAG00000078586	ssa12	.	snRNA	U7	U7 small nuclear RNA [Source:RFAM%3BAcc:RF00066]
ENSSSAG00000078599	ssa27	.	miRNA	ssa-mir-219c-1	ssa-mir-219c-1 [Source:miRBase%3BAcc:MI0026624]
ENSSSAG00000078600	ssa27	.	lncRNA		
ENSSSAG00000078609	ssa17	.	lncRNA		
ENSSSAG00000078613	ssa13	.	miRNA	ssa-mir-200b-1	ssa-mir-200b-1 [Source:miRBase%3BAcc:MI0026584]
ENSSSAG00000078614	ssa12	.	snRNA	U7	U7 small nuclear RNA [Source:RFAM%3BAcc:RF00066]
ENSSSAG00000078615	ssa13	.	miRNA	ssa-mir-429	ssa-mir-429 [Source:miRBase%3BAcc:MI0026698]
ENSSSAG00000078640	ssa13	.	miRNA	ssa-mir-26a-3	ssa-mir-26a-3 [Source:miRBase%3BAcc:MI0026651]
ENSSSAG00000078669	ssa20	.	snoRNA	SNORD15	Small nucleolar RNA SNORD15 [Source:RFAM%3BAcc:RF00067]
ENSSSAG00000078672	ssa03	.	lncRNA		
ENSSSAG00000078675	ssa20	.	snoRNA	SNORD15	Small nucleolar RNA SNORD15 [Source:RFAM%3BAcc:RF00067]
ENSSSAG00000078678	ssa20	.	lncRNA		
ENSSSAG00000078679	ssa20	.	lncRNA		
ENSSSAG00000078682	ssa28	.	protein_coding	sft2a	Vesicle transport protein SFT2A [Source:NCBI gene%3BAcc:100286450]
ENSSSAG00000078686	ssa20	.	snoRNA	SNORD15	Small nucleolar RNA SNORD15 [Source:RFAM%3BAcc:RF00067]
ENSSSAG00000078695	ssa01	.	lncRNA		uncharacterized LOC106611540 [Source:NCBI gene%3BAcc:106611540]
ENSSSAG00000078697	ssa20	.	snoRNA	SNORD15	Small nucleolar RNA SNORD15 [Source:RFAM%3BAcc:RF00067]
ENSSSAG00000078699	ssa16	.	lncRNA		
ENSSSAG00000078701	ssa16	.	pseudogene		
ENSSSAG00000078710	ssa28	.	protein_coding	tbxtb	brachyury protein-like [Source:NCBI gene%3BAcc:106589943]
ENSSSAG00000078713	ssa16	.	lncRNA		
ENSSSAG00000078729	ssa27	.	lncRNA		
ENSSSAG00000078761	ssa10	.	lncRNA		
ENSSSAG00000078777	ssa23	.	lncRNA		
ENSSSAG00000078790	ssa17	.	lncRNA		
ENSSSAG00000078791	ssa23	.	lncRNA		
ENSSSAG00000078796	ssa20	.	miRNA	ssa-mir-2188	ssa-mir-2188 [Source:miRBase%3BAcc:MI0026617]
ENSSSAG00000078801	ssa23	.	lncRNA		
ENSSSAG00000078818	ssa23	.	lncRNA		
ENSSSAG00000078825	ssa19	.	snoRNA		
ENSSSAG00000078829	ssa28	.	lncRNA		
ENSSSAG00000078832	ssa19	.	lncRNA		
ENSSSAG00000078833	ssa10	.	lncRNA		
ENSSSAG00000078844	ssa27	.	pseudogene		
ENSSSAG00000078854	ssa19	.	lncRNA		
ENSSSAG00000078857	ssa21	.	lncRNA		
ENSSSAG00000078867	ssa13	.	snoRNA		
ENSSSAG00000078874	ssa28	.	pseudogene		
ENSSSAG00000078901	ssa19	.	lncRNA		
ENSSSAG00000078944	ssa24	.	miRNA	ssa-mir-22b-2	ssa-mir-22b-2 [Source:miRBase%3BAcc:MI0026635]
ENSSSAG00000078952	ssa19	.	snoRNA		
ENSSSAG00000078976	ssa01	.	snoRNA		
ENSSSAG00000078977	ssa01	.	snoRNA		
ENSSSAG00000078978	ssa01	.	snoRNA		
ENSSSAG00000078983	ssa19	.	lncRNA		
ENSSSAG00000078997	ssa04	.	snRNA	U7	U7 small nuclear RNA [Source:RFAM%3BAcc:RF00066]
ENSSSAG00000079010	ssa19	.	lncRNA		
ENSSSAG00000079028	ssa03	.	lncRNA		
ENSSSAG00000079030	ssa04	.	lncRNA		
ENSSSAG00000079041	ssa29	.	lncRNA		uncharacterized LOC106590244 [Source:NCBI gene%3BAcc:106590244]
ENSSSAG00000079050	ssa19	.	miRNA	ssa-mir-107	ssa-mir-107 [Source:miRBase%3BAcc:MI0026441]
ENSSSAG00000079054	ssa19	.	lncRNA		
ENSSSAG00000079071	ssa21	.	lncRNA		
ENSSSAG00000079109	ssa13	.	lncRNA		
ENSSSAG00000079114	ssa13	.	pseudogene		
ENSSSAG00000079120	ssa22	.	protein_coding		L-rhamnose-binding lectin CSL3-like [Source:NCBI gene%3BAcc:106583757]
ENSSSAG00000079122	ssa13	.	lncRNA		
ENSSSAG00000079130	ssa13	.	lncRNA		
ENSSSAG00000079131	ssa13	.	lncRNA		
ENSSSAG00000079132	ssa13	.	lncRNA		
ENSSSAG00000079147	ssa21	.	snRNA		
ENSSSAG00000079149	ssa21	.	snoRNA		
ENSSSAG00000079150	ssa21	.	snoRNA		
ENSSSAG00000079151	ssa23	.	rRNA		
ENSSSAG00000079153	ssa23	.	rRNA	5_8S_rRNA	5.8S ribosomal RNA [Source:RFAM%3BAcc:RF00002]
ENSSSAG00000079154	ssa23	.	lncRNA		
ENSSSAG00000079176	ssa22	.	lncRNA		
ENSSSAG00000079179	ssa29	.	protein_coding	slc12a7b	solute carrier family 12 member 7-like [Source:NCBI gene%3BAcc:106590280]
ENSSSAG00000079184	ssa13	.	lncRNA		
ENSSSAG00000079226	ssa10	.	snoRNA		
ENSSSAG00000079233	ssa17	.	protein_coding	LRRC3	leucine rich repeat containing 3 [Source:HGNC Symbol%3BAcc:HGNC:14965]
ENSSSAG00000079250	ssa17	.	protein_coding	stk16	serine/threonine kinase 16 [Source:NCBI gene%3BAcc:100195025]
ENSSSAG00000079251	ssa10	.	protein_coding	GIMA7	uncharacterized LOC106613445 [Source:NCBI gene%3BAcc:106613445]
ENSSSAG00000079254	ssa17	.	lncRNA		
ENSSSAG00000079255	ssa10	.	protein_coding		
ENSSSAG00000079259	ssa17	.	protein_coding		
ENSSSAG00000079297	ssa17	.	protein_coding		probable ubiquitin carboxyl-terminal hydrolase FAF-X [Source:NCBI gene%3BAcc:106575557]
ENSSSAG00000079301	ssa02	.	snoRNA		
ENSSSAG00000079302	ssa02	.	protein_coding	zgc:175214	RING finger protein 122-like [Source:NCBI gene%3BAcc:106588617]
ENSSSAG00000079309	ssa28	.	lncRNA		
ENSSSAG00000079311	ssa04	.	snoRNA	SNORD83	Small nucleolar RNA SNORD83 [Source:RFAM%3BAcc:RF00137]
ENSSSAG00000079313	ssa04	.	snoRNA	SNORD83	Small nucleolar RNA SNORD83 [Source:RFAM%3BAcc:RF00137]
ENSSSAG00000079315	ssa04	.	snoRNA		
ENSSSAG00000079316	ssa04	.	pseudogene		
ENSSSAG00000079326	ssa02	.	protein_coding	mettl26	UPF0585 protein C16orf13 homolog A-like [Source:NCBI gene%3BAcc:106588597]
ENSSSAG00000079328	ssa02	.	lncRNA		
ENSSSAG00000079329	ssa02	.	lncRNA		
ENSSSAG00000079332	ssa04	.	lncRNA		
ENSSSAG00000079342	ssa22	.	miRNA	ssa-mir-29c	ssa-mir-29c [Source:miRBase%3BAcc:MI0026669]
ENSSSAG00000079353	ssa28	.	pseudogene		
ENSSSAG00000079356	ssa04	.	lncRNA		uncharacterized LOC106603394 [Source:NCBI gene%3BAcc:106603394]
ENSSSAG00000079360	ssa04	.	miRNA	ssa-mir-146d-1	ssa-mir-146d-1 [Source:miRBase%3BAcc:MI0026511]
ENSSSAG00000079362	ssa19	.	lncRNA		
ENSSSAG00000079364	ssa28	.	lncRNA		
ENSSSAG00000079374	ssa01	.	snRNA		
ENSSSAG00000079375	ssa01	.	lncRNA		
ENSSSAG00000079376	ssa01	.	lncRNA		
ENSSSAG00000079379	ssa01	.	lncRNA		
ENSSSAG00000079383	ssa20	.	miRNA	ssa-mir-204-3	ssa-mir-204-3 [Source:miRBase%3BAcc:MI0026592]
ENSSSAG00000079388	ssa23	.	snRNA	U7	U7 small nuclear RNA [Source:RFAM%3BAcc:RF00066]
ENSSSAG00000079400	ssa04	.	lncRNA		
ENSSSAG00000079418	ssa29	.	protein_coding		dynein heavy chain 5%2C axonemal-like [Source:NCBI gene%3BAcc:106590358]
ENSSSAG00000079428	ssa01	.	snRNA	U2	U2 spliceosomal RNA [Source:RFAM%3BAcc:RF00004]
ENSSSAG00000079430	ssa01	.	snoRNA		
ENSSSAG00000079440	ssa23	.	lncRNA		
ENSSSAG00000079445	ssa01	.	miRNA	ssa-mir-126-2	ssa-mir-126-2 [Source:miRBase%3BAcc:MI0026458]
ENSSSAG00000079456	ssa25	.	snoRNA		
ENSSSAG00000079457	ssa25	.	lncRNA		
ENSSSAG00000079494	ssa19	.	protein_coding		
ENSSSAG00000079497	ssa10	.	protein_coding	fgb	fibrinogen beta chain-like [Source:NCBI gene%3BAcc:106613451]
ENSSSAG00000079498	ssa29	.	lncRNA		
ENSSSAG00000079499	ssa29	.	pseudogene		
ENSSSAG00000079506	ssa18	.	lncRNA		uncharacterized LOC106576876 [Source:NCBI gene%3BAcc:106576876]
ENSSSAG00000079513	ssa20	.	protein_coding	rchy1	RING finger and CHY zinc finger domain-containing protein 1-like [Source:NCBI gene%3BAcc:106580050]
ENSSSAG00000079531	ssa14	.	lncRNA		
ENSSSAG00000079533	ssa10	.	protein_coding	EPHB3	ephrin type-B receptor 3-like [Source:NCBI gene%3BAcc:106613452]
ENSSSAG00000079553	ssa07	.	pseudogene		arf-GAP with coiled-coil%2C ANK repeat and PH domain-containing protein 1-like [Source:NCBI gene%3BAcc:106608779]
ENSSSAG00000079578	ssa23	.	lncRNA		
ENSSSAG00000079581	ssa10	.	snoRNA		
ENSSSAG00000079584	ssa10	.	snoRNA		
ENSSSAG00000079597	ssa13	.	pseudogene		
ENSSSAG00000079602	ssa14	.	lncRNA		
ENSSSAG00000079615	ssa07	.	lncRNA		
ENSSSAG00000079620	ssa20	.	pseudogene		
ENSSSAG00000079621	ssa23	.	lncRNA		
ENSSSAG00000079635	ssa07	.	lncRNA		
ENSSSAG00000079640	ssa07	.	lncRNA		
ENSSSAG00000079677	ssa10	.	rRNA	5S_rRNA	5S ribosomal RNA [Source:RFAM%3BAcc:RF00001]
ENSSSAG00000079681	ssa10	.	miRNA	ssa-mir-181a-4	ssa-mir-181a-4 [Source:miRBase%3BAcc:MI0026539]
ENSSSAG00000079706	ssa27	.	lncRNA		
ENSSSAG00000079723	ssa18	.	lncRNA		
ENSSSAG00000079736	ssa13	.	lncRNA		
ENSSSAG00000079740	ssa15	.	lncRNA		
ENSSSAG00000079754	ssa19	.	lncRNA		
ENSSSAG00000079760	ssa13	.	pseudogene		
ENSSSAG00000079763	ssa19	.	lncRNA		
ENSSSAG00000079779	ssa17	.	protein_coding		ATP-dependent RNA helicase DDX3X-like [Source:NCBI gene%3BAcc:106575550]
ENSSSAG00000079800	ssa13	.	lncRNA		
ENSSSAG00000079802	ssa13	.	snoRNA		
ENSSSAG00000079803	ssa13	.	snoRNA		
ENSSSAG00000079827	ssa11	.	lncRNA		
ENSSSAG00000079829	ssa11	.	lncRNA		
ENSSSAG00000079834	ssa29	.	lncRNA		
ENSSSAG00000079854	ssa22	.	lncRNA		
ENSSSAG00000079864	ssa29	.	lncRNA		
ENSSSAG00000079865	ssa29	.	lncRNA		
ENSSSAG00000079869	ssa22	.	lncRNA		
ENSSSAG00000079893	ssa23	.	snoRNA		
ENSSSAG00000079894	ssa23	.	snoRNA	U3	Small nucleolar RNA U3 [Source:RFAM%3BAcc:RF00012]
ENSSSAG00000079896	ssa23	.	snoRNA		
ENSSSAG00000079898	ssa23	.	snoRNA	U3	Small nucleolar RNA U3 [Source:RFAM%3BAcc:RF00012]
ENSSSAG00000079899	ssa23	.	snoRNA	U3	Small nucleolar RNA U3 [Source:RFAM%3BAcc:RF00012]
ENSSSAG00000079900	ssa23	.	snoRNA		
ENSSSAG00000079902	ssa23	.	snoRNA	U3	Small nucleolar RNA U3 [Source:RFAM%3BAcc:RF00012]
ENSSSAG00000079903	ssa23	.	snoRNA		
ENSSSAG00000079905	ssa23	.	snoRNA	U3	Small nucleolar RNA U3 [Source:RFAM%3BAcc:RF00012]
ENSSSAG00000079907	ssa23	.	snoRNA		
ENSSSAG00000079909	ssa23	.	snoRNA	U3	Small nucleolar RNA U3 [Source:RFAM%3BAcc:RF00012]
ENSSSAG00000079912	ssa23	.	snoRNA		
ENSSSAG00000079913	ssa23	.	snoRNA	U3	Small nucleolar RNA U3 [Source:RFAM%3BAcc:RF00012]
ENSSSAG00000079916	ssa23	.	snoRNA		
ENSSSAG00000079918	ssa23	.	snoRNA	U3	Small nucleolar RNA U3 [Source:RFAM%3BAcc:RF00012]
ENSSSAG00000079919	ssa23	.	snoRNA		
ENSSSAG00000079920	ssa23	.	snoRNA	U3	Small nucleolar RNA U3 [Source:RFAM%3BAcc:RF00012]
ENSSSAG00000079921	ssa23	.	snoRNA		
ENSSSAG00000079922	ssa23	.	snoRNA	U3	Small nucleolar RNA U3 [Source:RFAM%3BAcc:RF00012]
ENSSSAG00000079930	ssa04	.	lncRNA		
ENSSSAG00000079948	ssa03	.	snRNA	U7	U7 small nuclear RNA [Source:RFAM%3BAcc:RF00066]
ENSSSAG00000079957	ssa16	.	lncRNA		
ENSSSAG00000080009	ssa18	.	lncRNA		
ENSSSAG00000080032	ssa16	.	lncRNA		
ENSSSAG00000080037	ssa20	.	lncRNA		
ENSSSAG00000080055	ssa16	.	lncRNA		
ENSSSAG00000080067	ssa18	.	snoRNA		
ENSSSAG00000080080	ssa29	.	pseudogene		
ENSSSAG00000080083	ssa20	.	lncRNA		
ENSSSAG00000080084	ssa20	.	lncRNA		
ENSSSAG00000080103	ssa29	.	lncRNA		
ENSSSAG00000080105	ssa29	.	lncRNA		
ENSSSAG00000080115	ssa01	.	lncRNA		
ENSSSAG00000080145	ssa01	.	pseudogene		
ENSSSAG00000080146	ssa12	.	lncRNA		
ENSSSAG00000080148	ssa12	.	miRNA	ssa-mir-200a-1	ssa-mir-200a-1 [Source:miRBase%3BAcc:MI0026581]
ENSSSAG00000080159	ssa04	.	pseudogene		uncharacterized LOC106603904 [Source:NCBI gene%3BAcc:106603904]
ENSSSAG00000080161	ssa12	.	snRNA	U1	U1 spliceosomal RNA [Source:RFAM%3BAcc:RF00003]
ENSSSAG00000080185	ssa23	.	snoRNA		
ENSSSAG00000080186	ssa23	.	snoRNA	SNORD79	Small nucleolar RNA SNORD79 [Source:RFAM%3BAcc:RF00152]
ENSSSAG00000080187	ssa23	.	snoRNA		
ENSSSAG00000080189	ssa23	.	snoRNA		
ENSSSAG00000080190	ssa23	.	snoRNA		
ENSSSAG00000080211	ssa18	.	lncRNA		
ENSSSAG00000080219	ssa29	.	protein_coding	dph2	diphthamide biosynthesis 2 [Source:NCBI gene%3BAcc:100194536]
ENSSSAG00000080222	ssa12	.	protein_coding	ube2c	ubiquitin-conjugating enzyme E2C [Source:ZFIN%3BAcc:ZDB-GENE-051030-48]
ENSSSAG00000080224	ssa12	.	protein_coding		
ENSSSAG00000080232	ssa25	.	snRNA		
ENSSSAG00000080251	ssa29	.	Y_RNA	Y_RNA	Y RNA [Source:RFAM%3BAcc:RF00019]
ENSSSAG00000080272	ssa01	.	lncRNA		
ENSSSAG00000080305	ssa19	.	lncRNA		
ENSSSAG00000080353	ssa25	.	pseudogene		
ENSSSAG00000080365	ssa24	.	pseudogene		
ENSSSAG00000080370	ssa27	.	lncRNA		
ENSSSAG00000080375	ssa13	.	pseudogene		
ENSSSAG00000080381	ssa24	.	protein_coding	LRRTM4	leucine-rich repeat transmembrane neuronal protein 4-like [Source:NCBI gene%3BAcc:106585565]
ENSSSAG00000080395	ssa12	.	lncRNA		
ENSSSAG00000080396	ssa12	.	lncRNA		
ENSSSAG00000080406	ssa12	.	lncRNA		
ENSSSAG00000080420	ssa14	.	pseudogene		
ENSSSAG00000080434	ssa18	.	miRNA	ssa-mir-146a-1	ssa-mir-146a-1 [Source:miRBase%3BAcc:MI0026507]
ENSSSAG00000080437	ssa18	.	lncRNA		
ENSSSAG00000080444	ssa01	.	pseudogene		
ENSSSAG00000080447	ssa25	.	protein_coding	fign	fidgetin-like [Source:NCBI gene%3BAcc:106586191]
ENSSSAG00000080475	ssa14	.	lncRNA		
ENSSSAG00000080490	ssa24	.	lncRNA		
ENSSSAG00000080493	ssa24	.	lncRNA		
ENSSSAG00000080495	ssa24	.	lncRNA		
ENSSSAG00000080510	ssa14	.	miRNA	ssa-mir-7a-2	ssa-mir-7a-2 [Source:miRBase%3BAcc:MI0026746]
ENSSSAG00000080532	ssa03	.	miRNA	ssa-mir-24b	ssa-mir-24b [Source:miRBase%3BAcc:MI0026645]
ENSSSAG00000080533	ssa03	.	miRNA	ssa-mir-27a-1	ssa-mir-27a-1 [Source:miRBase%3BAcc:MI0026657]
ENSSSAG00000080534	ssa03	.	miRNA	ssa-mir-23a-2	ssa-mir-23a-2 [Source:miRBase%3BAcc:MI0026639]
ENSSSAG00000080564	ssa21	.	snoRNA		
ENSSSAG00000080570	ssa10	.	pseudogene		
ENSSSAG00000080585	ssa12	.	protein_coding	cbfa2t2	protein CBFA2T2-like [Source:NCBI gene%3BAcc:106565304]
ENSSSAG00000080608	ssa07	.	lncRNA		Sin3A associated protein 25 [Source:NCBI gene%3BAcc:106608756]
ENSSSAG00000080610	ssa15	.	lncRNA		
ENSSSAG00000080646	ssa12	.	lncRNA		
ENSSSAG00000080651	ssa01	.	pseudogene		tetratricopeptide repeat protein 28-like [Source:NCBI gene%3BAcc:106561151]
ENSSSAG00000080655	ssa15	.	lncRNA		
ENSSSAG00000080657	ssa15	.	lncRNA		
ENSSSAG00000080658	ssa15	.	lncRNA		
ENSSSAG00000080667	ssa21	.	lncRNA		
ENSSSAG00000080671	ssa06	.	lncRNA		
ENSSSAG00000080683	ssa22	.	miRNA	ssa-mir-205b-2	ssa-mir-205b-2 [Source:miRBase%3BAcc:MI0026597]
ENSSSAG00000080685	ssa22	.	pseudogene		
ENSSSAG00000080710	ssa28	.	snRNA	U2	U2 spliceosomal RNA [Source:RFAM%3BAcc:RF00004]
ENSSSAG00000080713	ssa28	.	snRNA	U5	U5 spliceosomal RNA [Source:RFAM%3BAcc:RF00020]
ENSSSAG00000080715	ssa28	.	snRNA	U5	U5 spliceosomal RNA [Source:RFAM%3BAcc:RF00020]
ENSSSAG00000080720	ssa18	.	lncRNA		
ENSSSAG00000080723	ssa28	.	snRNA	U5	U5 spliceosomal RNA [Source:RFAM%3BAcc:RF00020]
ENSSSAG00000080725	ssa28	.	snRNA	U5	U5 spliceosomal RNA [Source:RFAM%3BAcc:RF00020]
ENSSSAG00000080726	ssa28	.	snRNA	U2	U2 spliceosomal RNA [Source:RFAM%3BAcc:RF00004]
ENSSSAG00000080734	ssa01	.	lncRNA		
ENSSSAG00000080745	ssa29	.	lncRNA		
ENSSSAG00000080746	ssa29	.	pseudogene	rrs1	ribosome biogenesis regulator 1 homolog [Source:NCBI gene%3BAcc:100196368]
ENSSSAG00000080766	ssa25	.	snRNA	U2	U2 spliceosomal RNA [Source:RFAM%3BAcc:RF00004]
ENSSSAG00000080794	ssa17	.	miRNA	ssa-mir-15e	ssa-mir-15e [Source:miRBase%3BAcc:MI0026527]
ENSSSAG00000080795	ssa17	.	miRNA	ssa-mir-16a-2	ssa-mir-16a-2 [Source:miRBase%3BAcc:MI0026529]
ENSSSAG00000080796	ssa10	.	miRNA	ssa-mir-8158	ssa-mir-8158 [Source:miRBase%3BAcc:MI0026782]
ENSSSAG00000080800	ssa01	.	protein_coding	naa25	N-alpha-acetyltransferase 25%2C NatB auxiliary subunit-like [Source:NCBI gene%3BAcc:106562660]
ENSSSAG00000080802	ssa22	.	lncRNA		
ENSSSAG00000080803	ssa22	.	lncRNA		
ENSSSAG00000080807	ssa22	.	lncRNA		
ENSSSAG00000080808	ssa22	.	lncRNA		
ENSSSAG00000080814	ssa22	.	snRNA	U5	U5 spliceosomal RNA [Source:RFAM%3BAcc:RF00020]
ENSSSAG00000080845	ssa17	.	protein_coding	kpna3	importin subunit alpha-4-like [Source:NCBI gene%3BAcc:106575551]
ENSSSAG00000080880	ssa04	.	lncRNA		
ENSSSAG00000080883	ssa04	.	lncRNA		
ENSSSAG00000080891	ssa21	.	lncRNA		
ENSSSAG00000080911	ssa04	.	lncRNA		
ENSSSAG00000080919	ssa03	.	lncRNA		
ENSSSAG00000080920	ssa19	.	lncRNA		
ENSSSAG00000080923	ssa18	.	pseudogene		
ENSSSAG00000080937	ssa22	.	lncRNA		
ENSSSAG00000080961	ssa19	.	lncRNA		
ENSSSAG00000080966	ssa26	.	snoRNA		
ENSSSAG00000080983	ssa12	.	pseudogene		
ENSSSAG00000080998	ssa24	.	lncRNA		
ENSSSAG00000081003	ssa14	.	lncRNA		
ENSSSAG00000081012	ssa14	.	lncRNA		
ENSSSAG00000081013	ssa12	.	lncRNA		
ENSSSAG00000081041	ssa21	.	lncRNA		
ENSSSAG00000081042	ssa21	.	lncRNA		
ENSSSAG00000081089	ssa12	.	snoRNA	SNORA63	Small nucleolar RNA SNORA63 [Source:RFAM%3BAcc:RF00092]
ENSSSAG00000081090	ssa12	.	snoRNA	SNORA63	Small nucleolar RNA SNORA63 [Source:RFAM%3BAcc:RF00092]
ENSSSAG00000081091	ssa12	.	snoRNA	SNORD15	Small nucleolar RNA SNORD15 [Source:RFAM%3BAcc:RF00067]
ENSSSAG00000081092	ssa12	.	snoRNA	SNORA63	Small nucleolar RNA SNORA63 [Source:RFAM%3BAcc:RF00092]
ENSSSAG00000081107	ssa14	.	lncRNA		
ENSSSAG00000081110	ssa22	.	snRNA	U7	U7 small nuclear RNA [Source:RFAM%3BAcc:RF00066]
ENSSSAG00000081112	ssa23	.	snRNA	U1	U1 spliceosomal RNA [Source:RFAM%3BAcc:RF00003]
ENSSSAG00000081115	ssa23	.	miRNA	ssa-mir-101a-1	ssa-mir-101a-1 [Source:miRBase%3BAcc:MI0026433]
ENSSSAG00000081126	ssa23	.	lncRNA		
ENSSSAG00000081137	ssa25	.	miRNA	ssa-mir-222a-1	ssa-mir-222a-1 [Source:miRBase%3BAcc:MI0026630]
ENSSSAG00000081139	ssa25	.	snRNA	U1	U1 spliceosomal RNA [Source:RFAM%3BAcc:RF00003]
ENSSSAG00000081140	ssa22	.	miRNA	ssa-mir-196a-4	ssa-mir-196a-4 [Source:miRBase%3BAcc:MI0026562]
ENSSSAG00000081149	ssa22	.	pseudogene		
ENSSSAG00000081150	ssa22	.	miRNA	ssa-mir-10d-1	ssa-mir-10d-1 [Source:miRBase%3BAcc:MI0026448]
ENSSSAG00000081152	ssa25	.	lncRNA		
ENSSSAG00000081154	ssa24	.	miRNA		
ENSSSAG00000081155	ssa25	.	lncRNA		
ENSSSAG00000081157	ssa24	.	pseudogene		
ENSSSAG00000081181	ssa24	.	snoRNA		
ENSSSAG00000081186	ssa24	.	snRNA	U7	U7 small nuclear RNA [Source:RFAM%3BAcc:RF00066]
ENSSSAG00000081200	ssa24	.	snRNA	U7	U7 small nuclear RNA [Source:RFAM%3BAcc:RF00066]
ENSSSAG00000081202	ssa12	.	lncRNA		
ENSSSAG00000081211	ssa26	.	lncRNA		
ENSSSAG00000081230	ssa23	.	protein_coding		
ENSSSAG00000081263	ssa22	.	lncRNA		
ENSSSAG00000081264	ssa22	.	protein_coding	nmur3	neuromedin-U receptor 2-like [Source:NCBI gene%3BAcc:106582938]
ENSSSAG00000081267	ssa22	.	protein_coding	TUBA4B	tubulin alpha-1C chain [Source:NCBI gene%3BAcc:100380681]
ENSSSAG00000081277	ssa29	.	lncRNA		
ENSSSAG00000081279	ssa22	.	lncRNA		
ENSSSAG00000081283	ssa22	.	pseudogene		
ENSSSAG00000081285	ssa22	.	pseudogene		
ENSSSAG00000081292	ssa12	.	snRNA	U7	U7 small nuclear RNA [Source:RFAM%3BAcc:RF00066]
ENSSSAG00000081298	ssa22	.	protein_coding	tegt	probable Bax inhibitor 1 [Source:NCBI gene%3BAcc:106583271]
ENSSSAG00000081303	ssa03	.	miRNA	ssa-mir-7a-6	ssa-mir-7a-6 [Source:miRBase%3BAcc:MI0026750]
ENSSSAG00000081308	ssa24	.	pseudogene		
ENSSSAG00000081312	ssa24	.	lncRNA		
ENSSSAG00000081336	ssa22	.	lncRNA		
ENSSSAG00000081360	ssa12	.	lncRNA		
ENSSSAG00000081363	ssa24	.	snRNA	U7	U7 small nuclear RNA [Source:RFAM%3BAcc:RF00066]
ENSSSAG00000081377	ssa11	.	rRNA		
ENSSSAG00000081378	ssa29	.	lncRNA		
ENSSSAG00000081381	ssa11	.	lncRNA		
ENSSSAG00000081384	ssa11	.	lncRNA		
ENSSSAG00000081429	ssa22	.	miRNA	ssa-mir-26a-2	ssa-mir-26a-2 [Source:miRBase%3BAcc:MI0026650]
ENSSSAG00000081432	ssa21	.	protein_coding	hspd1	60 kDa heat shock protein%2C mitochondrial [Source:NCBI gene%3BAcc:100136430]
ENSSSAG00000081439	ssa21	.	snoRNA	SNORA63	Small nucleolar RNA SNORA63 [Source:RFAM%3BAcc:RF00092]
ENSSSAG00000081443	ssa22	.	miRNA	ssa-mir-499b-3	ssa-mir-499b-3 [Source:miRBase%3BAcc:MI0026719]
ENSSSAG00000081451	ssa25	.	lncRNA		
ENSSSAG00000081462	ssa11	.	lncRNA		
ENSSSAG00000081492	ssa21	.	lncRNA		
ENSSSAG00000081495	ssa21	.	lncRNA		
ENSSSAG00000081535	ssa11	.	pseudogene		
ENSSSAG00000081553	ssa07	.	protein_coding		uncharacterized LOC106608735 [Source:NCBI gene%3BAcc:106608735]
ENSSSAG00000081559	ssa24	.	lncRNA		
ENSSSAG00000081584	ssa25	.	pseudogene		
ENSSSAG00000081615	ssa07	.	lncRNA		
ENSSSAG00000081617	ssa24	.	lncRNA		uncharacterized LOC106585521 [Source:NCBI gene%3BAcc:106585521]
ENSSSAG00000081620	ssa25	.	lncRNA		
ENSSSAG00000081621	ssa25	.	lncRNA		
ENSSSAG00000081624	ssa22	.	protein_coding		opioid growth factor receptor-like protein 1 [Source:NCBI gene%3BAcc:100136421]
ENSSSAG00000081634	ssa03	.	lncRNA		
ENSSSAG00000081650	ssa24	.	lncRNA		
ENSSSAG00000081664	ssa22	.	lncRNA		
ENSSSAG00000081669	ssa25	.	snRNA	U7	U7 small nuclear RNA [Source:RFAM%3BAcc:RF00066]
ENSSSAG00000081707	ssa14	.	pseudogene	cebpd	CCAAT/enhancer binding protein (C/EBP)%2C delta [Source:NCBI gene%3BAcc:100196464]
ENSSSAG00000081712	ssa20	.	lncRNA		
ENSSSAG00000081713	ssa20	.	lncRNA		
ENSSSAG00000081715	ssa20	.	lncRNA		
